x_sol,y_sol,x_mer,y_mer,x_ven,y_ven,x_ter,y_ter,x_mar,y_mar
0,0,0.387,0,0.723,0,1,0,1.524,0
1.70782e-10,9.34604e-313,0.38688,0.0101001,0.722963,0.00738943,0.999981,0.00628319,1.52399,0.00508964
6.83101e-10,3.62423e-12,0.386522,0.0201939,0.722853,0.0147781,0.999922,0.0125661,1.52397,0.0101792
1.53687e-09,1.44954e-11,0.385924,0.0302752,0.72267,0.0221653,0.999825,0.0188486,1.52392,0.0152687
2.73196e-09,3.62335e-11,0.385088,0.0403379,0.722413,0.0295502,0.999689,0.0251303,1.52386,0.020358
4.26815e-09,7.24539e-11,0.384014,0.0503756,0.722083,0.0369321,0.999514,0.031411,1.52379,0.0254471
6.14522e-09,1.26766e-10,0.382704,0.0603823,0.721679,0.0443103,0.9993,0.0376906,1.5237,0.0305359
8.36284e-09,2.02773e-10,0.381157,0.0703518,0.721202,0.051684,0.999047,0.0439686,1.52359,0.0356243
1.09207e-08,3.04069e-10,0.379376,0.0802779,0.720652,0.0590524,0.998756,0.050245,1.52346,0.0407124
1.38182e-08,4.34236e-10,0.377362,0.0901547,0.720029,0.0664148,0.998425,0.0565193,1.52332,0.0458
1.70551e-08,5.96848e-10,0.375116,0.0999762,0.719333,0.0737705,0.998056,0.0627915,1.52316,0.0508871
2.06308e-08,7.95465e-10,0.37264,0.109736,0.718564,0.0811188,0.997648,0.0690613,1.52298,0.0559737
2.45447e-08,1.03363e-09,0.369937,0.11943,0.717722,0.0884587,0.997201,0.0753284,1.52278,0.0610596
2.87961e-08,1.31488e-09,0.367007,0.12905,0.716807,0.0957897,0.996715,0.0815925,1.52257,0.0661448
3.33845e-08,1.64272e-09,0.363854,0.138591,0.715819,0.103111,0.996191,0.0878535,1.52235,0.0712294
3.8309e-08,2.02065e-09,0.36048,0.148049,0.714759,0.110422,0.995628,0.094111,1.5221,0.0763131
4.35688e-08,2.45215e-09,0.356887,0.157416,0.713626,0.117721,0.995026,0.100365,1.52184,0.081396
4.91632e-08,2.94068e-09,0.353079,0.166689,0.712421,0.125009,0.994385,0.106615,1.52156,0.0864779
5.50912e-08,3.48966e-09,0.349058,0.175861,0.711143,0.132284,0.993706,0.112861,1.52126,0.0915589
6.1352e-08,4.10252e-09,0.344826,0.184927,0.709794,0.139546,0.992988,0.119102,1.52095,0.0966389
6.79445e-08,4.78264e-09,0.340389,0.193882,0.708372,0.146793,0.992232,0.125339,1.52062,0.101718
7.48677e-08,5.5334e-09,0.335747,0.202722,0.706879,0.154026,0.991437,0.131571,1.52028,0.106796
8.21205e-08,6.35812e-09,0.330906,0.21144,0.705314,0.161243,0.990603,0.137798,1.51991,0.111872
8.97019e-08,7.26014e-09,0.325869,0.220034,0.703678,0.168443,0.989731,0.144019,1.51954,0.116948
9.76106e-08,8.24273e-09,0.320639,0.228497,0.70197,0.175627,0.98882,0.150235,1.51914,0.122022
1.05846e-07,9.30916e-09,0.31522,0.236826,0.700192,0.182793,0.987871,0.156445,1.51873,0.127095
1.14405e-07,1.04627e-08,0.309616,0.245016,0.698342,0.18994,0.986884,0.162649,1.5183,0.132166
1.23289e-07,1.17064e-08,0.303831,0.253062,0.696422,0.197068,0.985858,0.168847,1.51785,0.137236
1.32494e-07,1.30436e-08,0.29787,0.260962,0.694431,0.204176,0.984794,0.175038,1.51738,0.142304
1.42021e-07,1.44775e-08,0.291736,0.26871,0.69237,0.211263,0.983691,0.181222,1.5169,0.147371
1.51867e-07,1.6011e-08,0.285433,0.276303,0.690239,0.21833,0.982551,0.187399,1.51641,0.152436
1.62032e-07,1.76473e-08,0.278967,0.283738,0.688038,0.225374,0.981372,0.193569,1.51589,0.157499
1.72513e-07,1.93894e-08,0.272341,0.29101,0.685767,0.232395,0.980155,0.199732,1.51536,0.162561
1.83309e-07,2.12404e-08,0.265561,0.298117,0.683427,0.239392,0.9789,0.205886,1.51481,0.167621
1.94419e-07,2.32033e-08,0.258629,0.305055,0.681018,0.246366,0.977607,0.212033,1.51425,0.172679
2.0584e-07,2.52809e-08,0.251553,0.311821,0.678541,0.253314,0.976276,0.218171,1.51367,0.177735
2.17572e-07,2.74763e-08,0.244335,0.318412,0.675995,0.260237,0.974907,0.224301,1.51307,0.182789
2.29613e-07,2.97922e-08,0.236981,0.324826,0.67338,0.267134,0.9735,0.230423,1.51245,0.187841
2.41961e-07,3.22317e-08,0.229495,0.331059,0.670698,0.274004,0.972055,0.236535,1.51182,0.192891
2.54615e-07,3.47974e-08,0.221883,0.33711,0.667947,0.280846,0.970573,0.242638,1.51117,0.197939
2.67572e-07,3.74921e-08,0.214148,0.342975,0.66513,0.28766,0.969052,0.248732,1.51051,0.202985
2.80831e-07,4.03187e-08,0.206297,0.348653,0.662245,0.294445,0.967495,0.254816,1.50983,0.208029
2.9439e-07,4.32799e-08,0.198334,0.354142,0.659294,0.3012,0.965899,0.26089,1.50913,0.21307
3.08248e-07,4.63783e-08,0.190263,0.359439,0.656276,0.307925,0.964266,0.266954,1.50841,0.218109
3.22402e-07,4.96165e-08,0.18209,0.364543,0.653192,0.314618,0.962596,0.273007,1.50768,0.223145
3.36851e-07,5.29973e-08,0.17382,0.369452,0.650043,0.32128,0.960888,0.27905,1.50693,0.228179
3.51593e-07,5.65231e-08,0.165458,0.374165,0.646827,0.32791,0.959143,0.285082,1.50617,0.23321
3.66626e-07,6.01966e-08,0.157008,0.37868,0.643547,0.334507,0.957361,0.291104,1.50538,0.238239
3.81948e-07,6.40202e-08,0.148476,0.382996,0.640202,0.34107,0.955542,0.297113,1.50459,0.243265
3.97557e-07,6.79964e-08,0.139866,0.387112,0.636793,0.347599,0.953685,0.303112,1.50377,0.248289
4.13451e-07,7.21278e-08,0.131183,0.391027,0.63332,0.354092,0.951791,0.309098,1.50294,0.253309
4.29628e-07,7.64166e-08,0.122432,0.39474,0.629783,0.360551,0.949861,0.315073,1.50209,0.258327
4.46087e-07,8.08654e-08,0.113619,0.39825,0.626183,0.366973,0.947894,0.321035,1.50122,0.263342
4.62825e-07,8.54763e-08,0.104748,0.401557,0.62252,0.373358,0.94589,0.326985,1.50034,0.268354
4.7984e-07,9.02519e-08,0.0958235,0.40466,0.618794,0.379706,0.943849,0.332922,1.49944,0.273364
4.9713e-07,9.51942e-08,0.0868507,0.407559,0.615006,0.386015,0.941771,0.338846,1.49853,0.27837
5.14694e-07,1.00306e-07,0.0778344,0.410254,0.611157,0.392286,0.939657,0.344757,1.4976,0.283373
5.32528e-07,1.05589e-07,0.0687792,0.412743,0.607247,0.398518,0.937507,0.350655,1.49665,0.288373
5.50632e-07,1.11045e-07,0.0596899,0.415029,0.603275,0.40471,0.93532,0.356539,1.49568,0.293369
5.69002e-07,1.16677e-07,0.0505713,0.417109,0.599244,0.410861,0.933097,0.362409,1.4947,0.298363
5.87638e-07,1.22487e-07,0.0414278,0.418986,0.595152,0.416971,0.930838,0.368266,1.4937,0.303353
6.06536e-07,1.28476e-07,0.0322641,0.420658,0.591001,0.423039,0.928542,0.374107,1.49269,0.30834
6.25694e-07,1.34648e-07,0.0230849,0.422127,0.586791,0.429065,0.926211,0.379935,1.49166,0.313323
6.45112e-07,1.41004e-07,0.0138945,0.423392,0.582522,0.435049,0.923844,0.385748,1.49061,0.318303
6.64785e-07,1.47545e-07,0.00469745,0.424454,0.578195,0.440988,0.921441,0.391545,1.48954,0.32328
6.84713e-07,1.54275e-07,-0.00450182,0.425315,0.57381,0.446884,0.919002,0.397328,1.48846,0.328252
7.04892e-07,1.61195e-07,-0.013699,0.425974,0.569368,0.452735,0.916528,0.403095,1.48737,0.333221
7.25322e-07,1.68306e-07,-0.0228897,0.426433,0.564869,0.458541,0.914018,0.408847,1.48625,0.338187
7.45999e-07,1.75611e-07,-0.0320696,0.426692,0.560314,0.464302,0.911472,0.414582,1.48512,0.343149
7.66921e-07,1.83112e-07,-0.0412347,0.426753,0.555703,0.470016,0.908892,0.420302,1.48398,0.348107
7.88087e-07,1.9081e-07,-0.0503807,0.426616,0.551036,0.475683,0.906276,0.426006,1.48281,0.353061
8.09493e-07,1.98707e-07,-0.0595035,0.426283,0.546315,0.481303,0.903625,0.431692,1.48163,0.358011
8.31139e-07,2.06806e-07,-0.0685991,0.425755,0.54154,0.486875,0.900939,0.437363,1.48044,0.362957
8.53021e-07,2.15107e-07,-0.0776634,0.425033,0.536711,0.492398,0.898218,0.443016,1.47922,0.367899
8.75137e-07,2.23613e-07,-0.0866926,0.424119,0.531828,0.497873,0.895463,0.448652,1.478,0.372837
8.97486e-07,2.32324e-07,-0.0956828,0.423013,0.526893,0.503298,0.892672,0.454271,1.47675,0.377771
9.20064e-07,2.41244e-07,-0.10463,0.421719,0.521905,0.508674,0.889848,0.459872,1.47549,0.382701
9.4287e-07,2.50373e-07,-0.113531,0.420237,0.516865,0.513999,0.886988,0.465455,1.47421,0.387627
9.65902e-07,2.59713e-07,-0.122381,0.418568,0.511775,0.519273,0.884095,0.47102,1.47292,0.392548
9.89156e-07,2.69265e-07,-0.131178,0.416715,0.506633,0.524495,0.881167,0.476568,1.47161,0.397465
1.01263e-06,2.79032e-07,-0.139917,0.414679,0.501442,0.529666,0.878205,0.482096,1.47028,0.402377
1.03632e-06,2.89015e-07,-0.148595,0.412462,0.496201,0.534784,0.875209,0.487606,1.46894,0.407285
1.06023e-06,2.99214e-07,-0.157208,0.410066,0.490911,0.539849,0.87218,0.493097,1.46758,0.412189
1.08436e-06,3.09633e-07,-0.165753,0.407493,0.485572,0.544861,0.869116,0.498569,1.4662,0.417088
1.10869e-06,3.20271e-07,-0.174228,0.404745,0.480185,0.549819,0.866019,0.504022,1.46481,0.421982
1.13324e-06,3.31131e-07,-0.182627,0.401824,0.474751,0.554723,0.862889,0.509456,1.4634,0.426872
1.15799e-06,3.42214e-07,-0.190949,0.398731,0.46927,0.559572,0.859725,0.514869,1.46198,0.431757
1.18295e-06,3.53522e-07,-0.19919,0.39547,0.463743,0.564366,0.856528,0.520263,1.46054,0.436637
1.20811e-06,3.65055e-07,-0.207347,0.392041,0.45817,0.569105,0.853297,0.525636,1.45908,0.441513
1.23347e-06,3.76815e-07,-0.215417,0.388448,0.452552,0.573787,0.850034,0.53099,1.45761,0.446383
1.25902e-06,3.88803e-07,-0.223396,0.384692,0.44689,0.578413,0.846738,0.536323,1.45612,0.451249
1.28478e-06,4.01021e-07,-0.231283,0.380776,0.441183,0.582982,0.843409,0.541635,1.45461,0.456109
1.31072e-06,4.1347e-07,-0.239073,0.376702,0.435434,0.587494,0.840048,0.546926,1.45309,0.460964
1.33686e-06,4.26151e-07,-0.246765,0.372473,0.429641,0.591948,0.836654,0.552196,1.45156,0.465815
1.36318e-06,4.39065e-07,-0.254356,0.36809,0.423807,0.596344,0.833228,0.557445,1.45,0.47066
1.38969e-06,4.52213e-07,-0.261842,0.363557,0.41793,0.600682,0.82977,0.562672,1.44843,0.4755
1.41639e-06,4.65597e-07,-0.269221,0.358875,0.412013,0.60496,0.82628,0.567877,1.44685,0.480335
1.44326e-06,4.79218e-07,-0.276491,0.354048,0.406056,0.60918,0.822758,0.573061,1.44525,0.485164
1.47032e-06,4.93077e-07,-0.283649,0.349077,0.400058,0.61334,0.819204,0.578222,1.44363,0.489988
1.49755e-06,5.07174e-07,-0.290693,0.343965,0.394022,0.61744,0.815618,0.583361,1.442,0.494807
1.52496e-06,5.21512e-07,-0.297619,0.338714,0.387947,0.621479,0.812001,0.588478,1.44035,0.49962
1.55254e-06,5.3609e-07,-0.304427,0.333328,0.381834,0.625458,0.808353,0.593572,1.43868,0.504428
1.58029e-06,5.5091e-07,-0.311112,0.327809,0.375684,0.629376,0.804674,0.598643,1.437,0.50923
1.6082e-06,5.65974e-07,-0.317674,0.32216,0.369498,0.633232,0.800963,0.603691,1.4353,0.514026
1.63628e-06,5.81281e-07,-0.32411,0.316382,0.363275,0.637027,0.797222,0.608716,1.43359,0.518817
1.66453e-06,5.96833e-07,-0.330417,0.31048,0.357017,0.640759,0.79345,0.613717,1.43186,0.523602
1.69293e-06,6.12631e-07,-0.336595,0.304455,0.350724,0.64443,0.789647,0.618694,1.43012,0.528381
1.72149e-06,6.28676e-07,-0.34264,0.29831,0.344398,0.648037,0.785814,0.623648,1.42836,0.533154
1.75021e-06,6.44968e-07,-0.34855,0.292048,0.338037,0.651582,0.781951,0.628578,1.42658,0.537922
1.77908e-06,6.61508e-07,-0.354324,0.285672,0.331644,0.655063,0.778057,0.633483,1.42479,0.542683
1.8081e-06,6.78298e-07,-0.35996,0.279184,0.325219,0.658481,0.774134,0.638364,1.42298,0.547439
1.83727e-06,6.95338e-07,-0.365456,0.272588,0.318762,0.661835,0.77018,0.643221,1.42116,0.552188
1.86659e-06,7.12629e-07,-0.37081,0.265886,0.312274,0.665125,0.766198,0.648053,1.41932,0.556931
1.89605e-06,7.30171e-07,-0.37602,0.259081,0.305756,0.668351,0.762185,0.65286,1.41746,0.561668
1.92565e-06,7.47965e-07,-0.381085,0.252176,0.299209,0.671512,0.758143,0.657641,1.41559,0.566399
1.95539e-06,7.66013e-07,-0.386003,0.245174,0.292632,0.674608,0.754072,0.662398,1.4137,0.571124
1.98526e-06,7.84314e-07,-0.390773,0.238077,0.286027,0.677638,0.749973,0.667128,1.4118,0.575842
2.01528e-06,8.02869e-07,-0.395392,0.230889,0.279395,0.680604,0.745844,0.671834,1.40988,0.580554
2.04542e-06,8.2168e-07,-0.39986,0.223612,0.272736,0.683503,0.741686,0.676513,1.40795,0.58526
2.07569e-06,8.40746e-07,-0.404174,0.21625,0.26605,0.686337,0.7375,0.681167,1.406,0.589959
2.10609e-06,8.60068e-07,-0.408334,0.208805,0.259339,0.689105,0.733286,0.685794,1.40404,0.594651
2.13661e-06,8.79647e-07,-0.412339,0.20128,0.252603,0.691806,0.729044,0.690395,1.40206,0.599337
2.16726e-06,8.99483e-07,-0.416186,0.193679,0.245842,0.694441,0.724773,0.694969,1.40006,0.604017
2.19803e-06,9.19577e-07,-0.419874,0.186004,0.239058,0.69701,0.720475,0.699517,1.39805,0.608689
2.22891e-06,9.3993e-07,-0.423403,0.178258,0.232251,0.699511,0.716149,0.704037,1.39602,0.613355
2.25991e-06,9.60541e-07,-0.426771,0.170444,0.225422,0.701945,0.711795,0.708531,1.39398,0.618014
2.29103e-06,9.81412e-07,-0.429977,0.162566,0.218571,0.704312,0.707414,0.712997,1.39193,0.622666
2.32225e-06,1.00254e-06,-0.433021,0.154626,0.211699,0.706611,0.703006,0.717437,1.38985,0.627312
2.35358e-06,1.02393e-06,-0.4359,0.146628,0.204807,0.708843,0.698571,0.721848,1.38776,0.63195
2.38502e-06,1.04558e-06,-0.438613,0.138574,0.197895,0.711007,0.694109,0.726232,1.38566,0.636582
2.41656e-06,1.0675e-06,-0.441161,0.130467,0.190965,0.713103,0.689621,0.730588,1.38354,0.641206
2.44821e-06,1.08967e-06,-0.443542,0.122311,0.184016,0.715131,0.685106,0.734916,1.38141,0.645823
2.47995e-06,1.1121e-06,-0.445756,0.114109,0.17705,0.717091,0.680565,0.739216,1.37926,0.650434
2.51179e-06,1.1348e-06,-0.4478,0.105864,0.170066,0.718982,0.675998,0.743487,1.37709,0.655036
2.54372e-06,1.15776e-06,-0.449676,0.0975787,0.163067,0.720805,0.671404,0.74773,1.37491,0.659632
2.57574e-06,1.18098e-06,-0.451381,0.0892565,0.156052,0.722559,0.666785,0.751945,1.37272,0.664221
2.60786e-06,1.20446e-06,-0.452916,0.0809006,0.149022,0.724245,0.662141,0.75613,1.37051,0.668802
2.64006e-06,1.22821e-06,-0.454279,0.0725141,0.141978,0.725862,0.657471,0.760287,1.36828,0.673375
2.67235e-06,1.25222e-06,-0.455471,0.0641001,0.134921,0.727409,0.652776,0.764414,1.36604,0.677942
2.70472e-06,1.27649e-06,-0.45649,0.0556619,0.12785,0.728888,0.648056,0.768512,1.36379,0.6825
2.73716e-06,1.30103e-06,-0.457336,0.0472026,0.120768,0.730298,0.643311,0.772581,1.36152,0.687052
2.76969e-06,1.32583e-06,-0.458009,0.0387254,0.113674,0.731638,0.638542,0.77662,1.35923,0.691595
2.8023e-06,1.35089e-06,-0.458508,0.0302335,0.106569,0.732909,0.633748,0.780629,1.35693,0.696131
2.83497e-06,1.37622e-06,-0.458833,0.0217301,0.0994547,0.734111,0.62893,0.784609,1.35461,0.700659
2.86772e-06,1.40181e-06,-0.458984,0.0132185,0.0923306,0.735244,0.624087,0.788558,1.35228,0.70518
2.90054e-06,1.42767e-06,-0.45896,0.0047019,0.0851978,0.736307,0.619221,0.792478,1.34994,0.709693
2.93342e-06,1.45379e-06,-0.458761,-0.00381653,0.078057,0.737301,0.614331,0.796367,1.34758,0.714197
2.96637e-06,1.48017e-06,-0.458388,-0.0123335,0.0709088,0.738225,0.609418,0.800225,1.3452,0.718694
2.99938e-06,1.50681e-06,-0.457839,-0.0208458,0.063754,0.739079,0.604482,0.804053,1.34281,0.723183
3.03245e-06,1.53372e-06,-0.457115,-0.0293501,0.0565931,0.739864,0.599522,0.807851,1.3404,0.727664
3.06557e-06,1.5609e-06,-0.456216,-0.0378431,0.0494269,0.74058,0.594539,0.811617,1.33798,0.732137
3.09875e-06,1.58834e-06,-0.455142,-0.0463216,0.0422561,0.741225,0.589534,0.815352,1.33555,0.736602
3.13199e-06,1.61604e-06,-0.453893,-0.0547824,0.0350813,0.741802,0.584506,0.819057,1.3331,0.741059
3.16528e-06,1.644e-06,-0.45247,-0.063222,0.0279032,0.742308,0.579456,0.82273,1.33064,0.745508
3.19861e-06,1.67223e-06,-0.450871,-0.0716372,0.0207225,0.742745,0.574384,0.826371,1.32816,0.749948
3.23199e-06,1.70072e-06,-0.449099,-0.0800247,0.0135398,0.743113,0.56929,0.829981,1.32566,0.75438
3.26542e-06,1.72947e-06,-0.447152,-0.0883812,0.00635588,0.74341,0.564174,0.83356,1.32315,0.758804
3.29888e-06,1.75849e-06,-0.445031,-0.0967034,-0.000828628,0.743639,0.559036,0.837106,1.32063,0.763219
3.33239e-06,1.78777e-06,-0.442738,-0.104988,-0.00801306,0.743798,0.553878,0.840621,1.31809,0.767626
3.36593e-06,1.81731e-06,-0.440271,-0.113231,-0.0151967,0.743887,0.548698,0.844104,1.31554,0.772024
3.39951e-06,1.84711e-06,-0.437632,-0.121431,-0.022379,0.743907,0.543497,0.847554,1.31297,0.776414
3.43313e-06,1.87717e-06,-0.434821,-0.129582,-0.0295592,0.743858,0.538276,0.850972,1.31039,0.780795
3.46677e-06,1.9075e-06,-0.431839,-0.137683,-0.0367366,0.743739,0.533034,0.854358,1.3078,0.785168
3.50044e-06,1.93809e-06,-0.428687,-0.145729,-0.0439106,0.743551,0.527771,0.857711,1.30519,0.789532
3.53414e-06,1.96893e-06,-0.425365,-0.153717,-0.0510805,0.743294,0.522489,0.861031,1.30256,0.793887
3.56787e-06,2.00004e-06,-0.421874,-0.161645,-0.0582457,0.742968,0.517187,0.864319,1.29992,0.798233
3.60161e-06,2.03141e-06,-0.418214,-0.169508,-0.0654055,0.742573,0.511865,0.867574,1.29727,0.802571
3.63538e-06,2.06303e-06,-0.414388,-0.177303,-0.0725592,0.742109,0.506523,0.870796,1.2946,0.8069
3.66917e-06,2.09492e-06,-0.410395,-0.185027,-0.0797061,0.741576,0.501162,0.873984,1.29192,0.81122
3.70297e-06,2.12706e-06,-0.406237,-0.192676,-0.0868457,0.740974,0.495782,0.87714,1.28922,0.81553
3.73679e-06,2.15946e-06,-0.401915,-0.200248,-0.0939772,0.740304,0.490384,0.880262,1.28651,0.819832
3.77061e-06,2.19212e-06,-0.39743,-0.207739,-0.1011,0.739565,0.484966,0.88335,1.28379,0.824125
3.80445e-06,2.22504e-06,-0.392784,-0.215145,-0.108214,0.738758,0.479531,0.886405,1.28105,0.828409
3.8383e-06,2.25821e-06,-0.387976,-0.222463,-0.115317,0.737883,0.474077,0.889426,1.2783,0.832683
3.87215e-06,2.29164e-06,-0.38301,-0.22969,-0.12241,0.73694,0.468605,0.892414,1.27553,0.836949
3.90601e-06,2.32532e-06,-0.377886,-0.236822,-0.129492,0.735929,0.463115,0.895367,1.27275,0.841205
3.93987e-06,2.35926e-06,-0.372606,-0.243856,-0.136561,0.73485,0.457608,0.898287,1.26995,0.845452
3.97373e-06,2.39345e-06,-0.36717,-0.250789,-0.143618,0.733703,0.452083,0.901172,1.26714,0.849689
4.00759e-06,2.4279e-06,-0.361582,-0.257618,-0.150662,0.732489,0.446541,0.904024,1.26432,0.853917
4.04144e-06,2.4626e-06,-0.355843,-0.264338,-0.157692,0.731207,0.440982,0.906841,1.26148,0.858136
4.07529e-06,2.49755e-06,-0.349953,-0.270948,-0.164708,0.729859,0.435406,0.909623,1.25863,0.862345
4.10913e-06,2.53275e-06,-0.343916,-0.277443,-0.171708,0.728443,0.429814,0.912371,1.25576,0.866545
4.14297e-06,2.5682e-06,-0.337733,-0.28382,-0.178693,0.726961,0.424206,0.915085,1.25289,0.870735
4.17679e-06,2.60391e-06,-0.331405,-0.290076,-0.185661,0.725411,0.418581,0.917763,1.24999,0.874915
4.2106e-06,2.63986e-06,-0.324936,-0.296207,-0.192612,0.723796,0.412941,0.920407,1.24709,0.879086
4.24439e-06,2.67606e-06,-0.318327,-0.302212,-0.199546,0.722114,0.407285,0.923016,1.24417,0.883247
4.27816e-06,2.71251e-06,-0.31158,-0.308085,-0.206461,0.720366,0.401614,0.92559,1.24123,0.887398
4.31192e-06,2.74921e-06,-0.304697,-0.313824,-0.213358,0.718553,0.395927,0.928129,1.23828,0.89154
4.34566e-06,2.78616e-06,-0.297682,-0.319427,-0.220235,0.716674,0.390225,0.930633,1.23532,0.895672
4.37937e-06,2.82334e-06,-0.290535,-0.324889,-0.227092,0.714729,0.384509,0.933102,1.23235,0.899793
4.41307e-06,2.86078e-06,-0.283261,-0.330207,-0.233928,0.712719,0.378778,0.935535,1.22936,0.903905
4.44673e-06,2.89846e-06,-0.27586,-0.335379,-0.240743,0.710645,0.373033,0.937933,1.22635,0.908007
4.48037e-06,2.93638e-06,-0.268337,-0.340402,-0.247536,0.708505,0.367273,0.940296,1.22334,0.912099
4.51398e-06,2.97454e-06,-0.260693,-0.345271,-0.254307,0.706302,0.3615,0.942623,1.22031,0.916181
4.54756e-06,3.01295e-06,-0.252932,-0.349985,-0.261054,0.704034,0.355713,0.944914,1.21727,0.920253
4.5811e-06,3.0516e-06,-0.245056,-0.354541,-0.267778,0.701702,0.349913,0.94717,1.21421,0.924314
4.61462e-06,3.09048e-06,-0.237068,-0.358935,-0.274477,0.699306,0.344099,0.949389,1.21114,0.928365
4.64809e-06,3.12961e-06,-0.228972,-0.363164,-0.281152,0.696847,0.338272,0.951573,1.20806,0.932407
4.68153e-06,3.16897e-06,-0.22077,-0.367226,-0.287801,0.694325,0.332433,0.953721,1.20496,0.936437
4.71493e-06,3.20857e-06,-0.212466,-0.371117,-0.294424,0.69174,0.326581,0.955833,1.20185,0.940458
4.74829e-06,3.24841e-06,-0.204063,-0.374836,-0.30102,0.689092,0.320717,0.957909,1.19873,0.944468
4.78161e-06,3.28848e-06,-0.195564,-0.378379,-0.307589,0.686382,0.31484,0.959949,1.19559,0.948468
4.81489e-06,3.32878e-06,-0.186973,-0.381744,-0.314131,0.68361,0.308952,0.961952,1.19244,0.952457
4.84812e-06,3.36932e-06,-0.178293,-0.384928,-0.320643,0.680776,0.303052,0.963919,1.18928,0.956435
4.8813e-06,3.41009e-06,-0.169528,-0.387928,-0.327127,0.677881,0.297141,0.96585,1.1861,0.960403
4.91443e-06,3.4511e-06,-0.160682,-0.390742,-0.333582,0.674925,0.291218,0.967745,1.18291,0.964361
4.94752e-06,3.49233e-06,-0.151759,-0.393367,-0.340006,0.671908,0.285284,0.969602,1.17971,0.968308
4.98056e-06,3.53379e-06,-0.142762,-0.395802,-0.3464,0.66883,0.27934,0.971424,1.1765,0.972244
5.01354e-06,3.57548e-06,-0.133695,-0.398044,-0.352763,0.665692,0.273385,0.973209,1.17327,0.97617
5.04647e-06,3.6174e-06,-0.124562,-0.40009,-0.359094,0.662495,0.26742,0.974957,1.17003,0.980084
5.07935e-06,3.65955e-06,-0.115368,-0.401939,-0.365392,0.659237,0.261445,0.976668,1.16677,0.983988
5.11217e-06,3.70192e-06,-0.106117,-0.403588,-0.371658,0.655921,0.25546,0.978343,1.16351,0.987881
5.14493e-06,3.74452e-06,-0.0968127,-0.405035,-0.377891,0.652546,0.249465,0.979981,1.16023,0.991763
5.17763e-06,3.78734e-06,-0.0874598,-0.406279,-0.384089,0.649112,0.243461,0.981582,1.15694,0.995634
5.21027e-06,3.83038e-06,-0.0780626,-0.407317,-0.390253,0.64562,0.237448,0.983146,1.15363,0.999495
5.24286e-06,3.87364e-06,-0.0686258,-0.408149,-0.396382,0.64207,0.231426,0.984673,1.15031,1.00334
5.27538e-06,3.91713e-06,-0.0591538,-0.408771,-0.402476,0.638462,0.225395,0.986163,1.14698,1.00718
5.30783e-06,3.96083e-06,-0.0496514,-0.409184,-0.408534,0.634798,0.219356,0.987616,1.14364,1.01101
5.34022e-06,4.00476e-06,-0.0401234,-0.409384,-0.414555,0.631077,0.213308,0.989032,1.14028,1.01482
5.37255e-06,4.0489e-06,-0.0305744,-0.409372,-0.420539,0.627299,0.207253,0.990411,1.13692,1.01863
5.40481e-06,4.09326e-06,-0.0210095,-0.409145,-0.426486,0.623466,0.201189,0.991752,1.13353,1.02242
5.437e-06,4.13783e-06,-0.0114334,-0.408703,-0.432394,0.619576,0.195119,0.993057,1.13014,1.02621
5.46912e-06,4.18262e-06,-0.00185135,-0.408045,-0.438264,0.615632,0.18904,0.994324,1.12674,1.02998
5.50117e-06,4.22762e-06,0.00773171,-0.407169,-0.444095,0.611632,0.182955,0.995553,1.12332,1.03374
5.53314e-06,4.27284e-06,0.0173106,-0.406076,-0.449886,0.607579,0.176863,0.996746,1.11989,1.03748
5.56505e-06,4.31826e-06,0.0268803,-0.404764,-0.455637,0.603471,0.170764,0.997901,1.11644,1.04122
5.59688e-06,4.3639e-06,0.0364353,-0.403232,-0.461348,0.599309,0.164659,0.999018,1.11299,1.04495
5.62864e-06,4.40975e-06,0.0459706,-0.401482,-0.467018,0.595094,0.158547,1.0001,1.10952,1.04866
5.66032e-06,4.45581e-06,0.0554806,-0.399511,-0.472646,0.590826,0.15243,1.00114,1.10604,1.05236
5.69193e-06,4.50208e-06,0.0649602,-0.397321,-0.478232,0.586506,0.146307,1.00215,1.10255,1.05605
5.72345e-06,4.54855e-06,0.0744039,-0.394911,-0.483776,0.582134,0.140179,1.00311,1.09904,1.05973
5.7549e-06,4.59523e-06,0.0838062,-0.392282,-0.489277,0.57771,0.134045,1.00404,1.09553,1.0634
5.78627e-06,4.64211e-06,0.0931616,-0.389433,-0.494734,0.573234,0.127906,1.00494,1.092,1.06705
5.81756e-06,4.6892e-06,0.102465,-0.386365,-0.500148,0.568708,0.121763,1.00579,1.08846,1.0707
5.84877e-06,4.7365e-06,0.11171,-0.38308,-0.505517,0.564132,0.115614,1.00661,1.08491,1.07433
5.8799e-06,4.784e-06,0.120892,-0.379577,-0.510842,0.559506,0.109462,1.00739,1.08134,1.07795
5.91094e-06,4.8317e-06,0.130005,-0.375859,-0.516122,0.55483,0.103305,1.00813,1.07777,1.08156
5.9419e-06,4.8796e-06,0.139044,-0.371924,-0.521355,0.550105,0.0971451,1.00883,1.07418,1.08515
5.97277e-06,4.9277e-06,0.148003,-0.367777,-0.526543,0.545332,0.0909811,1.0095,1.07058,1.08874
6.00356e-06,4.976e-06,0.156876,-0.363416,-0.531684,0.54051,0.0848136,1.01013,1.06697,1.09231
6.03427e-06,5.0245e-06,0.165658,-0.358845,-0.536779,0.535641,0.078643,1.01072,1.06334,1.09587
6.06488e-06,5.0732e-06,0.174344,-0.354065,-0.541826,0.530725,0.0724695,1.01127,1.05971,1.09942
6.09541e-06,5.12209e-06,0.182928,-0.349077,-0.546825,0.525761,0.0662933,1.01179,1.05606,1.10295
6.12585e-06,5.17118e-06,0.191404,-0.343885,-0.551776,0.520752,0.0601146,1.01227,1.0524,1.10648
6.15619e-06,5.22047e-06,0.199768,-0.33849,-0.556678,0.515696,0.0539336,1.01271,1.04873,1.10999
6.18645e-06,5.26995e-06,0.208013,-0.332894,-0.561531,0.510595,0.0477506,1.01311,1.04505,1.11349
6.21662e-06,5.31963e-06,0.216134,-0.327101,-0.566335,0.505449,0.0415659,1.01347,1.04136,1.11698
6.24669e-06,5.3695e-06,0.224127,-0.321113,-0.57109,0.500259,0.0353796,1.0138,1.03765,1.12045
6.27667e-06,5.41957e-06,0.231986,-0.314933,-0.575793,0.495025,0.029192,1.01409,1.03394,1.12391
6.30656e-06,5.46982e-06,0.239706,-0.308563,-0.580447,0.489747,0.0230033,1.01434,1.03021,1.12736
6.33635e-06,5.52027e-06,0.247282,-0.302009,-0.585049,0.484426,0.0168137,1.01455,1.02647,1.1308
6.36605e-06,5.57091e-06,0.254708,-0.295272,-0.5896,0.479063,0.0106236,1.01473,1.02272,1.13423
6.39565e-06,5.62175e-06,0.26198,-0.288356,-0.594099,0.473657,0.00443297,1.01487,1.01896,1.13764
6.42516e-06,5.67277e-06,0.269093,-0.281265,-0.598546,0.46821,-0.00175777,1.01497,1.01519,1.14104
6.45456e-06,5.72398e-06,0.276043,-0.274003,-0.602941,0.462722,-0.00794845,1.01503,1.0114,1.14443
6.48387e-06,5.77538e-06,0.282824,-0.266575,-0.607283,0.457194,-0.0141388,1.01505,1.00761,1.1478
6.51308e-06,5.82696e-06,0.289433,-0.258983,-0.611572,0.451625,-0.0203287,1.01504,1.0038,1.15117
6.54219e-06,5.87874e-06,0.295864,-0.251233,-0.615807,0.446017,-0.0265178,1.01499,0.999985,1.15452
6.57119e-06,5.9307e-06,0.302114,-0.243329,-0.619988,0.44037,-0.0327059,1.0149,0.996157,1.15785
6.6001e-06,5.98285e-06,0.308179,-0.235275,-0.624115,0.434684,-0.0388928,1.01477,0.992318,1.16118
6.6289e-06,6.03519e-06,0.314054,-0.227077,-0.628187,0.42896,-0.0450783,1.01461,0.988468,1.16449
6.6576e-06,6.08771e-06,0.319735,-0.218739,-0.632204,0.423199,-0.051262,1.01441,0.984607,1.16779
6.68619e-06,6.14042e-06,0.32522,-0.210266,-0.636167,0.417401,-0.0574439,1.01417,0.980735,1.17107
6.71468e-06,6.19331e-06,0.330504,-0.201663,-0.640073,0.411566,-0.0636236,1.01389,0.976853,1.17435
6.74306e-06,6.24639e-06,0.335583,-0.192936,-0.643924,0.405696,-0.069801,1.01358,0.972959,1.17761
6.77133e-06,6.29965e-06,0.340456,-0.18409,-0.647719,0.39979,-0.0759758,1.01322,0.969056,1.18085
6.7995e-06,6.3531e-06,0.345118,-0.17513,-0.651457,0.393849,-0.0821478,1.01283,0.965141,1.18409
6.82755e-06,6.40672e-06,0.349567,-0.166061,-0.655138,0.387874,-0.0883167,1.01241,0.961216,1.18731
6.8555e-06,6.46053e-06,0.3538,-0.15689,-0.658762,0.381865,-0.0944824,1.01194,0.95728,1.19052
6.88333e-06,6.51453e-06,0.357814,-0.147622,-0.662328,0.375822,-0.100645,1.01144,0.953334,1.19371
6.91106e-06,6.5687e-06,0.361606,-0.138263,-0.665837,0.369747,-0.106803,1.0109,0.949377,1.19689
6.93866e-06,6.62305e-06,0.365176,-0.128818,-0.669288,0.36364,-0.112957,1.01032,0.94541,1.20006
6.96616e-06,6.67759e-06,0.36852,-0.119294,-0.672681,0.357501,-0.119108,1.0097,0.941432,1.20322
6.99354e-06,6.73231e-06,0.371637,-0.109697,-0.676015,0.351331,-0.125254,1.00905,0.937444,1.20636
7.0208e-06,6.7872e-06,0.374525,-0.100031,-0.67929,0.345131,-0.131395,1.00836,0.933446,1.20949
7.04794e-06,6.84228e-06,0.377183,-0.0903045,-0.682507,0.3389,-0.137531,1.00764,0.929437,1.21261
7.07497e-06,6.89754e-06,0.379609,-0.0805221,-0.685663,0.33264,-0.143662,1.00687,0.925418,1.21571
7.10187e-06,6.95297e-06,0.381802,-0.0706904,-0.688761,0.326351,-0.149788,1.00607,0.921389,1.2188
7.12866e-06,7.00858e-06,0.383761,-0.0608153,-0.691798,0.320033,-0.155909,1.00523,0.91735,1.22187
7.15532e-06,7.06437e-06,0.385486,-0.0509031,-0.694775,0.313688,-0.162023,1.00435,0.913301,1.22493
7.18186e-06,7.12034e-06,0.386975,-0.0409598,-0.697692,0.307316,-0.168132,1.00344,0.909241,1.22798
7.20828e-06,7.17649e-06,0.388229,-0.0309916,-0.700548,0.300917,-0.174235,1.00249,0.905172,1.23102
7.23456e-06,7.23281e-06,0.389247,-0.0210046,-0.703344,0.294491,-0.180331,1.0015,0.901093,1.23404
7.26073e-06,7.2893e-06,0.390029,-0.0110048,-0.706078,0.28804,-0.18642,1.00048,0.897004,1.23705
7.28676e-06,7.34597e-06,0.390576,-0.000998387,-0.708752,0.281565,-0.192503,0.999419,0.892905,1.24004
7.31266e-06,7.40282e-06,0.390887,0.00900864,-0.711363,0.275064,-0.198578,0.998321,0.888796,1.24302
7.33843e-06,7.45984e-06,0.390964,0.0190103,-0.713913,0.26854,-0.204646,0.997186,0.884678,1.24599
7.36408e-06,7.51704e-06,0.390807,0.0290005,-0.716401,0.261993,-0.210706,0.996014,0.880549,1.24894
7.38958e-06,7.5744e-06,0.390416,0.0389735,-0.718827,0.255423,-0.216759,0.994806,0.876411,1.25188
7.41495e-06,7.63195e-06,0.389793,0.0489232,-0.721191,0.248831,-0.222804,0.993561,0.872264,1.25481
7.44019e-06,7.68966e-06,0.388939,0.058844,-0.723492,0.242217,-0.22884,0.992279,0.868106,1.25772
7.46529e-06,7.74754e-06,0.387856,0.06873,-0.72573,0.235582,-0.234869,0.990961,0.86394,1.26062
7.49025e-06,7.8056e-06,0.386544,0.0785756,-0.727906,0.228927,-0.240888,0.989606,0.859763,1.2635
7.51507e-06,7.86382e-06,0.385006,0.0883752,-0.730019,0.222252,-0.246899,0.988215,0.855578,1.26637
7.53975e-06,7.92221e-06,0.383243,0.0981232,-0.732068,0.215558,-0.2529,0.986788,0.851383,1.26923
7.56428e-06,7.98078e-06,0.381257,0.107814,-0.734054,0.208845,-0.258892,0.985324,0.847178,1.27207
7.58867e-06,8.03951e-06,0.379051,0.117443,-0.735976,0.202114,-0.264875,0.983824,0.842965,1.2749
7.61291e-06,8.09841e-06,0.376627,0.127004,-0.737835,0.195365,-0.270848,0.982287,0.838741,1.27772
7.63701e-06,8.15747e-06,0.373986,0.136492,-0.73963,0.1886,-0.276811,0.980715,0.834509,1.28052
7.66096e-06,8.2167e-06,0.371132,0.145902,-0.741361,0.181818,-0.282763,0.979106,0.830268,1.28331
7.68476e-06,8.2761e-06,0.368068,0.15523,-0.743027,0.17502,-0.288706,0.977462,0.826017,1.28608
7.7084e-06,8.33566e-06,0.364795,0.164469,-0.74463,0.168208,-0.294637,0.975781,0.821758,1.28884
7.7319e-06,8.39538e-06,0.361316,0.173616,-0.746168,0.161381,-0.300558,0.974065,0.817489,1.29158
7.75523e-06,8.45526e-06,0.357636,0.182666,-0.747641,0.15454,-0.306468,0.972313,0.813212,1.29431
7.77842e-06,8.51531e-06,0.353756,0.191614,-0.74905,0.147685,-0.312367,0.970525,0.808925,1.29703
7.80144e-06,8.57552e-06,0.349681,0.200456,-0.750394,0.140818,-0.318254,0.968701,0.80463,1.29973
7.82431e-06,8.63588e-06,0.345412,0.209187,-0.751673,0.133938,-0.324129,0.966842,0.800325,1.30242
7.84701e-06,8.69641e-06,0.340954,0.217804,-0.752887,0.127047,-0.329993,0.964948,0.796012,1.30509
7.86955e-06,8.75709e-06,0.336311,0.226302,-0.754036,0.120145,-0.335844,0.963018,0.791691,1.30775
7.89193e-06,8.81793e-06,0.331484,0.234677,-0.75512,0.113233,-0.341684,0.961053,0.78736,1.31039
7.91415e-06,8.87892e-06,0.326479,0.242926,-0.756139,0.106311,-0.34751,0.959052,0.783021,1.31302
7.9362e-06,8.94007e-06,0.321299,0.251044,-0.757092,0.0993796,-0.353324,0.957016,0.778673,1.31564
7.95808e-06,9.00137e-06,0.315947,0.259028,-0.757979,0.0924397,-0.359125,0.954946,0.774317,1.31824
7.97979e-06,9.06282e-06,0.310428,0.266875,-0.758802,0.0854918,-0.364913,0.95284,0.769952,1.32082
8.00133e-06,9.12443e-06,0.304745,0.274581,-0.759558,0.0785365,-0.370687,0.950699,0.765579,1.3234
8.0227e-06,9.18618e-06,0.298902,0.282143,-0.760249,0.0715744,-0.376448,0.948524,0.761197,1.32595
8.04389e-06,9.24809e-06,0.292903,0.289558,-0.760875,0.0646061,-0.382195,0.946314,0.756807,1.3285
8.06491e-06,9.31014e-06,0.286753,0.296823,-0.761434,0.0576322,-0.387928,0.944069,0.752409,1.33103
8.08575e-06,9.37233e-06,0.280454,0.303935,-0.761928,0.0506534,-0.393647,0.941789,0.748003,1.33354
8.10642e-06,9.43467e-06,0.274012,0.310891,-0.762356,0.0436702,-0.399351,0.939476,0.743588,1.33604
8.12691e-06,9.49716e-06,0.26743,0.317688,-0.762718,0.0366832,-0.405041,0.937127,0.739165,1.33852
8.14721e-06,9.55978e-06,0.260713,0.324325,-0.763014,0.029693,-0.410716,0.934745,0.734734,1.34099
8.16733e-06,9.62255e-06,0.253864,0.330798,-0.763244,0.0227003,-0.416376,0.932328,0.730295,1.34345
8.18727e-06,9.68546e-06,0.246888,0.337105,-0.763408,0.0157056,-0.422021,0.929877,0.725848,1.34589
8.20703e-06,9.7485e-06,0.239789,0.343245,-0.763506,0.00870953,-0.42765,0.927393,0.721393,1.34831
8.2266e-06,9.81168e-06,0.232572,0.349215,-0.763539,0.00171273,-0.433264,0.924874,0.71693,1.35073
8.24598e-06,9.875e-06,0.22524,0.355013,-0.763505,-0.00528422,-0.438862,0.922321,0.712459,1.35312
8.26517e-06,9.93845e-06,0.217798,0.360637,-0.763405,-0.0122807,-0.444443,0.919735,0.70798,1.3555
8.28417e-06,1.0002e-05,0.21025,0.366086,-0.763239,-0.0192761,-0.450009,0.917116,0.703494,1.35787
8.30298e-06,1.00657e-05,0.202601,0.371359,-0.763007,-0.0262699,-0.455558,0.914463,0.699,1.36022
8.3216e-06,1.01296e-05,0.194854,0.376452,-0.762709,-0.0332614,-0.461091,0.911776,0.694498,1.36256
8.34003e-06,1.01936e-05,0.187014,0.381366,-0.762346,-0.04025,-0.466607,0.909056,0.689989,1.36488
8.35825e-06,1.02577e-05,0.179085,0.386098,-0.761916,-0.0472351,-0.472105,0.906303,0.685472,1.36719
8.37629e-06,1.03219e-05,0.171071,0.390648,-0.76142,-0.0542162,-0.477587,0.903517,0.680947,1.36948
8.39412e-06,1.03862e-05,0.162977,0.395015,-0.760859,-0.0611925,-0.483051,0.900698,0.676415,1.37175
8.41176e-06,1.04507e-05,0.154807,0.399197,-0.760231,-0.0681636,-0.488497,0.897846,0.671876,1.37402
8.42919e-06,1.05153e-05,0.146565,0.403193,-0.759538,-0.0751287,-0.493926,0.894962,0.667329,1.37626
8.44642e-06,1.058e-05,0.138256,0.407004,-0.758779,-0.0820874,-0.499337,0.892045,0.662775,1.37849
8.46346e-06,1.06448e-05,0.129883,0.410627,-0.757955,-0.0890389,-0.504729,0.889095,0.658214,1.38071
8.48028e-06,1.07097e-05,0.12145,0.414063,-0.757064,-0.0959827,-0.510103,0.886113,0.653645,1.38291
8.49691e-06,1.07748e-05,0.112962,0.41731,-0.756109,-0.102918,-0.515459,0.883099,0.64907,1.3851
8.51332e-06,1.08399e-05,0.104424,0.42037,-0.755087,-0.109845,-0.520796,0.880052,0.644487,1.38727
8.52953e-06,1.09052e-05,0.0958382,0.42324,-0.754001,-0.116762,-0.526113,0.876974,0.639897,1.38942
8.54554e-06,1.09705e-05,0.0872098,0.425921,-0.752849,-0.123669,-0.531412,0.873864,0.6353,1.39156
8.56133e-06,1.1036e-05,0.0785426,0.428413,-0.751631,-0.130565,-0.536691,0.870721,0.630696,1.39369
8.57691e-06,1.11016e-05,0.0698407,0.430715,-0.750349,-0.13745,-0.541951,0.867548,0.626085,1.3958
8.59229e-06,1.11673e-05,0.061108,0.432827,-0.749002,-0.144323,-0.547191,0.864342,0.621468,1.39789
8.60745e-06,1.12331e-05,0.0523486,0.43475,-0.747589,-0.151184,-0.552412,0.861105,0.616843,1.39997
8.62239e-06,1.12989e-05,0.0435663,0.436484,-0.746112,-0.158031,-0.557612,0.857837,0.612212,1.40204
8.63713e-06,1.13649e-05,0.0347652,0.438028,-0.74457,-0.164865,-0.562792,0.854538,0.607574,1.40409
8.65164e-06,1.1431e-05,0.0259491,0.439384,-0.742964,-0.171684,-0.567951,0.851208,0.60293,1.40612
8.66595e-06,1.14972e-05,0.0171218,0.44055,-0.741293,-0.178489,-0.57309,0.847847,0.598278,1.40814
8.68003e-06,1.15634e-05,0.00828726,0.441529,-0.739558,-0.185278,-0.578208,0.844455,0.593621,1.41014
8.6939e-06,1.16298e-05,-0.000550832,0.44232,-0.737758,-0.19205,-0.583305,0.841032,0.588957,1.41213
8.70755e-06,1.16962e-05,-0.00938869,0.442923,-0.735894,-0.198807,-0.588381,0.837579,0.584286,1.4141
8.72098e-06,1.17627e-05,-0.0182226,0.44334,-0.733967,-0.205546,-0.593435,0.834095,0.579609,1.41605
8.73419e-06,1.18293e-05,-0.0270488,0.443571,-0.731975,-0.212267,-0.598468,0.830581,0.574925,1.41799
8.74718e-06,1.1896e-05,-0.0358638,0.443616,-0.729921,-0.218969,-0.603479,0.827037,0.570236,1.41992
8.75995e-06,1.19627e-05,-0.0446638,0.443477,-0.727802,-0.225653,-0.608469,0.823463,0.56554,1.42183
8.7725e-06,1.20296e-05,-0.0534453,0.443155,-0.72562,-0.232317,-0.613436,0.819859,0.560838,1.42372
8.78482e-06,1.20965e-05,-0.0622048,0.442649,-0.723376,-0.238961,-0.618381,0.816226,0.556129,1.4256
8.79692e-06,1.21635e-05,-0.0709387,0.441962,-0.721068,-0.245584,-0.623303,0.812563,0.551415,1.42746
8.8088e-06,1.22305e-05,-0.0796436,0.441094,-0.718697,-0.252185,-0.628204,0.80887,0.546695,1.42931
8.82045e-06,1.22977e-05,-0.088316,0.440046,-0.716264,-0.258765,-0.633081,0.805148,0.541968,1.43114
8.83187e-06,1.23649e-05,-0.0969525,0.438819,-0.713768,-0.265322,-0.637935,0.801397,0.537236,1.43296
8.84307e-06,1.24321e-05,-0.10555,0.437415,-0.711211,-0.271856,-0.642766,0.797617,0.532498,1.43476
8.85405e-06,1.24994e-05,-0.114105,0.435835,-0.708591,-0.278366,-0.647574,0.793808,0.527754,1.43654
8.86479e-06,1.25668e-05,-0.122614,0.434079,-0.705909,-0.284852,-0.652359,0.78997,0.523004,1.43831
8.87531e-06,1.26343e-05,-0.131073,0.43215,-0.703166,-0.291313,-0.65712,0.786104,0.518248,1.44006
8.8856e-06,1.27017e-05,-0.139481,0.430048,-0.700362,-0.297749,-0.661857,0.782209,0.513487,1.4418
8.89566e-06,1.27693e-05,-0.147833,0.427775,-0.697496,-0.304159,-0.66657,0.778286,0.50872,1.44352
8.90549e-06,1.28369e-05,-0.156126,0.425333,-0.69457,-0.310542,-0.671259,0.774335,0.503948,1.44523
8.91509e-06,1.29046e-05,-0.164358,0.422722,-0.691582,-0.316898,-0.675924,0.770356,0.49917,1.44692
8.92446e-06,1.29723e-05,-0.172525,0.419945,-0.688535,-0.323226,-0.680564,0.766349,0.494387,1.44859
8.9336e-06,1.304e-05,-0.180624,0.417003,-0.685427,-0.329526,-0.68518,0.762314,0.489598,1.45025
8.9425e-06,1.31078e-05,-0.188653,0.413898,-0.682259,-0.335797,-0.689771,0.758252,0.484804,1.45189
8.95118e-06,1.31756e-05,-0.196607,0.41063,-0.679032,-0.342039,-0.694337,0.754162,0.480004,1.45352
8.95963e-06,1.32435e-05,-0.204485,0.407203,-0.675745,-0.348251,-0.698878,0.750045,0.4752,1.45513
8.96784e-06,1.33114e-05,-0.212284,0.403618,-0.672399,-0.354433,-0.703394,0.745901,0.47039,1.45672
8.97582e-06,1.33794e-05,-0.22,0.399875,-0.668994,-0.360583,-0.707884,0.74173,0.465575,1.4583
8.98357e-06,1.34474e-05,-0.227631,0.395978,-0.66553,-0.366702,-0.712349,0.737532,0.460755,1.45986
8.99108e-06,1.35154e-05,-0.235174,0.391928,-0.662008,-0.372788,-0.716788,0.733308,0.455929,1.46141
8.99836e-06,1.35834e-05,-0.242626,0.387727,-0.658428,-0.378842,-0.721201,0.729057,0.451099,1.46294
9.00541e-06,1.36515e-05,-0.249985,0.383377,-0.65479,-0.384863,-0.725588,0.72478,0.446264,1.46445
9.01222e-06,1.37196e-05,-0.257248,0.37888,-0.651095,-0.39085,-0.729949,0.720477,0.441424,1.46595
9.0188e-06,1.37877e-05,-0.264413,0.374237,-0.647342,-0.396802,-0.734284,0.716147,0.43658,1.46744
9.02515e-06,1.38559e-05,-0.271476,0.369451,-0.643532,-0.40272,-0.738592,0.711792,0.43173,1.4689
9.03126e-06,1.3924e-05,-0.278436,0.364524,-0.639666,-0.408602,-0.742873,0.707411,0.426876,1.47035
9.03714e-06,1.39922e-05,-0.285289,0.359458,-0.635744,-0.414448,-0.747128,0.703005,0.422017,1.47179
9.04278e-06,1.40604e-05,-0.292033,0.354255,-0.631766,-0.420258,-0.751356,0.698573,0.417153,1.47321
9.04819e-06,1.41286e-05,-0.298667,0.348918,-0.627732,-0.426031,-0.755556,0.694116,0.412285,1.47461
9.05337e-06,1.41968e-05,-0.305187,0.343447,-0.623643,-0.431766,-0.75973,0.689634,0.407413,1.47599
9.05831e-06,1.42651e-05,-0.311591,0.337846,-0.619498,-0.437463,-0.763876,0.685128,0.402536,1.47736
9.06301e-06,1.43333e-05,-0.317876,0.332117,-0.6153,-0.443122,-0.767995,0.680596,0.397654,1.47872
9.06748e-06,1.44015e-05,-0.324042,0.326262,-0.611046,-0.448741,-0.772085,0.67604,0.392768,1.48006
9.07172e-06,1.44698e-05,-0.330084,0.320284,-0.606739,-0.454321,-0.776149,0.67146,0.387878,1.48138
9.07572e-06,1.4538e-05,-0.336002,0.314184,-0.602379,-0.459861,-0.780184,0.666856,0.382984,1.48268
9.07949e-06,1.46063e-05,-0.341792,0.307965,-0.597965,-0.46536,-0.784191,0.662227,0.378085,1.48397
9.08302e-06,1.46745e-05,-0.347453,0.30163,-0.593498,-0.470818,-0.78817,0.657575,0.373183,1.48524
9.08632e-06,1.47427e-05,-0.352983,0.295181,-0.588979,-0.476235,-0.79212,0.652899,0.368276,1.4865
9.08938e-06,1.48109e-05,-0.358379,0.28862,-0.584407,-0.481609,-0.796042,0.6482,0.363365,1.48774
9.09222e-06,1.48791e-05,-0.36364,0.28195,-0.579784,-0.48694,-0.799935,0.643477,0.358451,1.48897
9.09481e-06,1.49473e-05,-0.368763,0.275173,-0.57511,-0.492229,-0.8038,0.638731,0.353532,1.49017
9.09718e-06,1.50155e-05,-0.373746,0.268293,-0.570384,-0.497473,-0.807635,0.633962,0.34861,1.49137
9.09931e-06,1.50837e-05,-0.378589,0.261311,-0.565608,-0.502674,-0.811442,0.62917,0.343683,1.49254
9.1012e-06,1.51518e-05,-0.383288,0.25423,-0.560781,-0.50783,-0.815219,0.624356,0.338753,1.4937
9.10287e-06,1.52199e-05,-0.387842,0.247052,-0.555905,-0.512941,-0.818968,0.619519,0.333819,1.49484
9.1043e-06,1.5288e-05,-0.392249,0.239782,-0.55098,-0.518006,-0.822686,0.61466,0.328882,1.49597
9.1055e-06,1.53561e-05,-0.396507,0.23242,-0.546005,-0.523025,-0.826375,0.609779,0.323941,1.49708
9.10647e-06,1.54241e-05,-0.400615,0.22497,-0.540982,-0.527998,-0.830035,0.604876,0.318997,1.49817
9.10721e-06,1.54921e-05,-0.404571,0.217435,-0.53591,-0.532923,-0.833664,0.599951,0.314049,1.49925
9.10771e-06,1.55601e-05,-0.408373,0.209817,-0.530791,-0.537801,-0.837264,0.595005,0.309097,1.50031
9.10799e-06,1.5628e-05,-0.412019,0.202119,-0.525625,-0.542631,-0.840833,0.590037,0.304142,1.50136
9.10803e-06,1.56959e-05,-0.415509,0.194344,-0.520412,-0.547413,-0.844373,0.585048,0.299184,1.50239
9.10784e-06,1.57638e-05,-0.41884,0.186495,-0.515152,-0.552146,-0.847882,0.580039,0.294223,1.5034
9.10743e-06,1.58316e-05,-0.422011,0.178575,-0.509846,-0.55683,-0.85136,0.575008,0.289258,1.50439
9.10678e-06,1.58994e-05,-0.425021,0.170587,-0.504495,-0.561464,-0.854808,0.569957,0.284291,1.50537
9.10591e-06,1.59672e-05,-0.427867,0.162533,-0.499098,-0.566047,-0.858226,0.564885,0.27932,1.50634
9.10481e-06,1.60348e-05,-0.43055,0.154416,-0.493657,-0.57058,-0.861612,0.559793,0.274346,1.50728
9.10348e-06,1.61025e-05,-0.433067,0.146241,-0.488172,-0.575062,-0.864968,0.554681,0.269369,1.50821
9.10192e-06,1.61701e-05,-0.435417,0.138009,-0.482643,-0.579492,-0.868293,0.549548,0.264389,1.50913
9.10014e-06,1.62376e-05,-0.437598,0.129724,-0.47707,-0.583871,-0.871586,0.544397,0.259406,1.51002
9.09813e-06,1.63051e-05,-0.439611,0.121388,-0.471455,-0.588197,-0.874848,0.539225,0.254421,1.5109
9.0959e-06,1.63725e-05,-0.441453,0.113005,-0.465798,-0.59247,-0.878079,0.534035,0.249433,1.51177
9.09344e-06,1.64399e-05,-0.443123,0.104579,-0.460099,-0.59669,-0.881278,0.528825,0.244442,1.51261
9.09076e-06,1.65072e-05,-0.444621,0.0961118,-0.454358,-0.600856,-0.884446,0.523596,0.239448,1.51345
9.08786e-06,1.65744e-05,-0.445945,0.087607,-0.448576,-0.604969,-0.887582,0.518349,0.234452,1.51426
9.08473e-06,1.66416e-05,-0.447094,0.0790679,-0.442754,-0.609026,-0.890686,0.513083,0.229453,1.51506
9.08138e-06,1.67087e-05,-0.448067,0.0704978,-0.436893,-0.613029,-0.893759,0.507798,0.224451,1.51584
9.07781e-06,1.67757e-05,-0.448864,0.0618999,-0.430991,-0.616977,-0.896799,0.502495,0.219448,1.5166
9.07402e-06,1.68426e-05,-0.449484,0.0532775,-0.425051,-0.620869,-0.899807,0.497175,0.214441,1.51735
9.07001e-06,1.69095e-05,-0.449925,0.044634,-0.419073,-0.624705,-0.902783,0.491836,0.209433,1.51808
9.06578e-06,1.69763e-05,-0.450188,0.0359728,-0.413057,-0.628485,-0.905726,0.48648,0.204422,1.5188
9.06133e-06,1.70431e-05,-0.450271,0.0272973,-0.407003,-0.632207,-0.908638,0.481107,0.199409,1.5195
9.05667e-06,1.71097e-05,-0.450174,0.0186108,-0.400912,-0.635873,-0.911516,0.475716,0.194394,1.52018
9.05179e-06,1.71763e-05,-0.449896,0.00991685,-0.394786,-0.639481,-0.914362,0.470308,0.189376,1.52085
9.0467e-06,1.72427e-05,-0.449436,0.00121893,-0.388623,-0.643031,-0.917175,0.464883,0.184357,1.5215
9.04139e-06,1.73091e-05,-0.448795,-0.00747949,-0.382426,-0.646523,-0.919956,0.459442,0.179336,1.52213
9.03586e-06,1.73754e-05,-0.447972,-0.0161749,-0.376193,-0.649956,-0.922703,0.453984,0.174312,1.52274
9.03013e-06,1.74416e-05,-0.446966,-0.0248636,-0.369926,-0.65333,-0.925417,0.44851,0.169287,1.52334
9.02418e-06,1.75077e-05,-0.445778,-0.0335422,-0.363626,-0.656645,-0.928099,0.44302,0.16426,1.52393
9.01802e-06,1.75738e-05,-0.444406,-0.042207,-0.357293,-0.6599,-0.930747,0.437515,0.159231,1.52449
9.01166e-06,1.76397e-05,-0.442851,-0.0508544,-0.350927,-0.663095,-0.933361,0.431993,0.1542,1.52504
9.00508e-06,1.77055e-05,-0.441113,-0.0594808,-0.34453,-0.66623,-0.935943,0.426456,0.149168,1.52557
8.9983e-06,1.77712e-05,-0.439191,-0.0680824,-0.338101,-0.669304,-0.938491,0.420904,0.144134,1.52609
8.99131e-06,1.78368e-05,-0.437086,-0.0766556,-0.331641,-0.672317,-0.941005,0.415336,0.139098,1.52659
8.98412e-06,1.79023e-05,-0.434798,-0.0851966,-0.32515,-0.675268,-0.943485,0.409754,0.134061,1.52707
8.97672e-06,1.79677e-05,-0.432326,-0.0937017,-0.31863,-0.678158,-0.945932,0.404157,0.129023,1.52754
8.96912e-06,1.8033e-05,-0.429672,-0.102167,-0.312081,-0.680986,-0.948345,0.398546,0.123983,1.52799
8.96132e-06,1.80982e-05,-0.426834,-0.110589,-0.305504,-0.683752,-0.950725,0.392921,0.118942,1.52842
8.95331e-06,1.81633e-05,-0.423815,-0.118964,-0.298898,-0.686455,-0.95307,0.387281,0.113899,1.52884
8.94511e-06,1.82282e-05,-0.420614,-0.127288,-0.292266,-0.689095,-0.955381,0.381628,0.108856,1.52924
8.93671e-06,1.82931e-05,-0.417231,-0.135556,-0.285606,-0.691672,-0.957658,0.375961,0.103811,1.52962
8.92812e-06,1.83578e-05,-0.413667,-0.143767,-0.27892,-0.694185,-0.9599,0.37028,0.0987645,1.52999
8.91933e-06,1.84224e-05,-0.409924,-0.151914,-0.272209,-0.696635,-0.962109,0.364586,0.0937173,1.53034
8.91034e-06,1.84869e-05,-0.406,-0.159995,-0.265472,-0.699021,-0.964283,0.35888,0.0886691,1.53067
8.90116e-06,1.85512e-05,-0.401899,-0.168005,-0.258711,-0.701343,-0.966422,0.35316,0.08362,1.53099
8.8918e-06,1.86154e-05,-0.397619,-0.175942,-0.251926,-0.7036,-0.968527,0.347428,0.0785699,1.53129
8.88224e-06,1.86795e-05,-0.393163,-0.1838,-0.245118,-0.705792,-0.970598,0.341683,0.073519,1.53157
8.87249e-06,1.87435e-05,-0.388531,-0.191576,-0.238288,-0.707919,-0.972633,0.335926,0.0684673,1.53184
8.86256e-06,1.88073e-05,-0.383725,-0.199266,-0.231435,-0.709981,-0.974634,0.330158,0.0634148,1.53209
8.85244e-06,1.8871e-05,-0.378745,-0.206865,-0.224562,-0.711977,-0.9766,0.324377,0.0583617,1.53232
8.84213e-06,1.89346e-05,-0.373593,-0.214371,-0.217667,-0.713908,-0.978532,0.318585,0.0533079,1.53254
8.83165e-06,1.8998e-05,-0.368271,-0.221779,-0.210752,-0.715772,-0.980428,0.312781,0.0482535,1.53274
8.82098e-06,1.90613e-05,-0.36278,-0.229086,-0.203818,-0.717571,-0.982289,0.306966,0.0431986,1.53292
8.81014e-06,1.91244e-05,-0.357121,-0.236286,-0.196865,-0.719303,-0.984116,0.301141,0.0381433,1.53309
8.79912e-06,1.91874e-05,-0.351296,-0.243377,-0.189894,-0.720968,-0.985907,0.295304,0.0330875,1.53324
8.78792e-06,1.92502e-05,-0.345308,-0.250354,-0.182905,-0.722566,-0.987662,0.289457,0.0280314,1.53337
8.77654e-06,1.93129e-05,-0.339157,-0.257213,-0.175899,-0.724098,-0.989383,0.2836,0.0229749,1.53349
8.765e-06,1.93755e-05,-0.332846,-0.263952,-0.168877,-0.725562,-0.991068,0.277732,0.0179182,1.53359
8.75328e-06,1.94379e-05,-0.326377,-0.270564,-0.161839,-0.726958,-0.992718,0.271855,0.0128614,1.53367
8.7414e-06,1.95001e-05,-0.319752,-0.277048,-0.154786,-0.728287,-0.994333,0.265968,0.00780434,1.53374
8.72934e-06,1.95622e-05,-0.312974,-0.283398,-0.147718,-0.729548,-0.995912,0.260071,0.00274723,1.53379
8.71713e-06,1.96242e-05,-0.306044,-0.289612,-0.140637,-0.730741,-0.997455,0.254165,-0.0023099,1.53382
8.70474e-06,1.96859e-05,-0.298966,-0.295684,-0.133543,-0.731866,-0.998963,0.248251,-0.00736702,1.53384
8.6922e-06,1.97476e-05,-0.291741,-0.301612,-0.126436,-0.732923,-1.00044,0.242327,-0.012424,1.53384
8.6795e-06,1.9809e-05,-0.284373,-0.307392,-0.119317,-0.733911,-1.00187,0.236394,-0.0174809,1.53382
8.66663e-06,1.98703e-05,-0.276864,-0.31302,-0.112188,-0.734831,-1.00327,0.230453,-0.0225377,1.53379
8.65362e-06,1.99315e-05,-0.269218,-0.318492,-0.105047,-0.735682,-1.00464,0.224504,-0.0275941,1.53374
8.64044e-06,1.99924e-05,-0.261437,-0.323804,-0.0978972,-0.736464,-1.00597,0.218547,-0.0326503,1.53367
8.62712e-06,2.00532e-05,-0.253524,-0.328954,-0.090738,-0.737177,-1.00726,0.212582,-0.0377061,1.53359
8.61365e-06,2.01139e-05,-0.245482,-0.333937,-0.0835702,-0.737821,-1.00852,0.20661,-0.0427615,1.53349
8.60002e-06,2.01743e-05,-0.237316,-0.33875,-0.0763946,-0.738395,-1.00974,0.20063,-0.0478164,1.53337
8.58625e-06,2.02346e-05,-0.229028,-0.343389,-0.0692118,-0.738901,-1.01092,0.194643,-0.0528708,1.53324
8.57234e-06,2.02947e-05,-0.220622,-0.347851,-0.0620225,-0.739336,-1.01207,0.188649,-0.0579247,1.53309
8.55829e-06,2.03547e-05,-0.212102,-0.352134,-0.0548274,-0.739703,-1.01319,0.182648,-0.0629779,1.53292
8.54409e-06,2.04144e-05,-0.203471,-0.356232,-0.0476271,-0.739999,-1.01426,0.176641,-0.0680304,1.53273
8.52976e-06,2.0474e-05,-0.194734,-0.360144,-0.0404224,-0.740226,-1.0153,0.170627,-0.0730822,1.53253
8.51529e-06,2.05334e-05,-0.185894,-0.363866,-0.0332138,-0.740383,-1.01631,0.164608,-0.0781332,1.53232
8.50069e-06,2.05927e-05,-0.176955,-0.367395,-0.0260021,-0.74047,-1.01728,0.158582,-0.0831833,1.53208
8.48596e-06,2.06517e-05,-0.167922,-0.370727,-0.0187879,-0.740488,-1.01821,0.152551,-0.0882326,1.53183
8.4711e-06,2.07106e-05,-0.158799,-0.373862,-0.0115719,-0.740435,-1.0191,0.146515,-0.0932808,1.53157
8.45611e-06,2.07693e-05,-0.14959,-0.376794,-0.00435487,-0.740312,-1.01996,0.140473,-0.0983281,1.53128
8.441e-06,2.08278e-05,-0.1403,-0.379522,0.00286259,-0.740119,-1.02079,0.134426,-0.103374,1.53098
8.42577e-06,2.08861e-05,-0.130934,-0.382044,0.0100798,-0.739856,-1.02157,0.128375,-0.108419,1.53067
8.41042e-06,2.09442e-05,-0.121496,-0.384356,0.017296,-0.739523,-1.02232,0.122318,-0.113463,1.53033
8.39495e-06,2.10021e-05,-0.11199,-0.386456,0.0245106,-0.739119,-1.02304,0.116258,-0.118506,1.52999
8.37937e-06,2.10599e-05,-0.102423,-0.388342,0.0317229,-0.738646,-1.02371,0.110193,-0.123547,1.52962
8.36367e-06,2.11174e-05,-0.0927991,-0.390012,0.0389321,-0.738102,-1.02435,0.104125,-0.128587,1.52924
8.34786e-06,2.11748e-05,-0.083123,-0.391463,0.0461377,-0.737488,-1.02496,0.0980523,-0.133626,1.52884
8.33195e-06,2.1232e-05,-0.0734002,-0.392695,0.0533389,-0.736803,-1.02552,0.0919765,-0.138663,1.52842
8.31594e-06,2.1289e-05,-0.0636358,-0.393704,0.0605349,-0.736049,-1.02606,0.0858974,-0.143699,1.52799
8.29982e-06,2.13457e-05,-0.0538353,-0.39449,0.0677252,-0.735224,-1.02655,0.0798152,-0.148733,1.52754
8.2836e-06,2.14023e-05,-0.0440041,-0.395051,0.0749091,-0.734329,-1.02701,0.0737302,-0.153766,1.52707
8.26728e-06,2.14587e-05,-0.0341477,-0.395385,0.0820858,-0.733364,-1.02743,0.0676426,-0.158796,1.52659
8.25087e-06,2.15149e-05,-0.0242716,-0.395492,0.0892546,-0.732329,-1.02781,0.0615526,-0.163826,1.52609
8.23437e-06,2.15709e-05,-0.0143815,-0.39537,0.0964149,-0.731224,-1.02816,0.0554603,-0.168853,1.52557
8.21777e-06,2.16267e-05,-0.00448295,-0.395018,0.103566,-0.730049,-1.02847,0.0493661,-0.173878,1.52504
8.20109e-06,2.16823e-05,0.00541817,-0.394436,0.110707,-0.728804,-1.02875,0.0432701,-0.178902,1.52449
8.18433e-06,2.17377e-05,0.0153161,-0.393622,0.117838,-0.727489,-1.02899,0.0371726,-0.183924,1.52393
8.16749e-06,2.17929e-05,0.0252051,-0.392578,0.124957,-0.726104,-1.02919,0.0310738,-0.188943,1.52335
8.15056e-06,2.18479e-05,0.0350792,-0.391301,0.132064,-0.724649,-1.02935,0.0249739,-0.193961,1.52275
8.13356e-06,2.19027e-05,0.0449325,-0.389793,0.139159,-0.723125,-1.02948,0.018873,-0.198977,1.52213
8.11649e-06,2.19573e-05,0.0547591,-0.388053,0.14624,-0.721531,-1.02957,0.0127715,-0.20399,1.5215
8.09934e-06,2.20117e-05,0.064553,-0.386081,0.153307,-0.719868,-1.02962,0.00666955,-0.209001,1.52085
8.08213e-06,2.20659e-05,0.0743083,-0.383879,0.160359,-0.718135,-1.02964,0.000567355,-0.21401,1.52019
8.06485e-06,2.21199e-05,0.084019,-0.381446,0.167396,-0.716334,-1.02962,-0.00553486,-0.219017,1.51951
8.0475e-06,2.21737e-05,0.0936791,-0.378783,0.174417,-0.714463,-1.02957,-0.0116369,-0.224021,1.51881
8.0301e-06,2.22273e-05,0.103283,-0.375891,0.181421,-0.712523,-1.02947,-0.0177385,-0.229023,1.5181
8.01264e-06,2.22807e-05,0.112824,-0.372772,0.188407,-0.710514,-1.02935,-0.0238395,-0.234022,1.51737
7.99512e-06,2.23339e-05,0.122296,-0.369426,0.195375,-0.708437,-1.02918,-0.0299396,-0.239019,1.51662
7.97755e-06,2.23868e-05,0.131694,-0.365855,0.202324,-0.706291,-1.02898,-0.0360386,-0.244013,1.51586
7.95993e-06,2.24396e-05,0.141012,-0.362062,0.209254,-0.704076,-1.02874,-0.0421364,-0.249004,1.51508
7.94227e-06,2.24922e-05,0.150243,-0.358047,0.216163,-0.701794,-1.02846,-0.0482326,-0.253993,1.51428
7.92456e-06,2.25446e-05,0.159383,-0.353812,0.223052,-0.699443,-1.02815,-0.0543272,-0.258979,1.51347
7.90681e-06,2.25967e-05,0.168425,-0.349361,0.229918,-0.697024,-1.0278,-0.0604198,-0.263963,1.51264
7.88902e-06,2.26487e-05,0.177363,-0.344695,0.236763,-0.694538,-1.02741,-0.0665102,-0.268943,1.5118
7.87119e-06,2.27004e-05,0.186192,-0.339817,0.243584,-0.691984,-1.02699,-0.0725983,-0.27392,1.51093
7.85333e-06,2.2752e-05,0.194907,-0.33473,0.250382,-0.689363,-1.02653,-0.0786838,-0.278895,1.51006
7.83543e-06,2.28034e-05,0.203501,-0.329436,0.257155,-0.686675,-1.02603,-0.0847665,-0.283866,1.50916
7.81751e-06,2.28545e-05,0.21197,-0.323939,0.263904,-0.68392,-1.0255,-0.0908461,-0.288835,1.50825
7.79956e-06,2.29055e-05,0.220308,-0.318242,0.270626,-0.681098,-1.02493,-0.0969225,-0.2938,1.50732
7.78159e-06,2.29562e-05,0.22851,-0.312348,0.277322,-0.67821,-1.02433,-0.102995,-0.298762,1.50638
7.7636e-06,2.30068e-05,0.23657,-0.306261,0.283991,-0.675256,-1.02369,-0.109065,-0.303721,1.50542
7.74559e-06,2.30572e-05,0.244484,-0.299985,0.290633,-0.672235,-1.02301,-0.11513,-0.308677,1.50445
7.72756e-06,2.31073e-05,0.252248,-0.293524,0.297246,-0.669149,-1.02229,-0.121191,-0.313629,1.50345
7.70952e-06,2.31573e-05,0.259855,-0.286881,0.30383,-0.665998,-1.02154,-0.127248,-0.318578,1.50245
7.69147e-06,2.3207e-05,0.267302,-0.28006,0.310384,-0.662781,-1.02075,-0.133301,-0.323523,1.50142
7.67341e-06,2.32566e-05,0.274583,-0.273067,0.316908,-0.6595,-1.01993,-0.139348,-0.328465,1.50038
7.65534e-06,2.3306e-05,0.281696,-0.265905,0.3234,-0.656153,-1.01907,-0.145391,-0.333404,1.49932
7.63727e-06,2.33552e-05,0.288634,-0.25858,0.329861,-0.652743,-1.01817,-0.151429,-0.338338,1.49825
7.6192e-06,2.34041e-05,0.295395,-0.251095,0.33629,-0.649268,-1.01723,-0.157461,-0.343269,1.49716
7.60112e-06,2.34529e-05,0.301974,-0.243455,0.342685,-0.64573,-1.01626,-0.163487,-0.348197,1.49605
7.58306e-06,2.35015e-05,0.308368,-0.235666,0.349047,-0.642128,-1.01526,-0.169508,-0.35312,1.49493
7.56499e-06,2.35499e-05,0.314573,-0.227733,0.355375,-0.638463,-1.01422,-0.175522,-0.35804,1.49379
7.54694e-06,2.35981e-05,0.320585,-0.21966,0.361667,-0.634735,-1.01314,-0.181531,-0.362956,1.49264
7.52889e-06,2.36462e-05,0.326401,-0.211453,0.367924,-0.630944,-1.01202,-0.187532,-0.367868,1.49147
7.51086e-06,2.3694e-05,0.332019,-0.203117,0.374145,-0.627092,-1.01087,-0.193528,-0.372776,1.49028
7.49284e-06,2.37416e-05,0.337434,-0.194658,0.380329,-0.623177,-1.00968,-0.199516,-0.37768,1.48908
7.47483e-06,2.37891e-05,0.342644,-0.18608,0.386475,-0.619201,-1.00846,-0.205497,-0.38258,1.48786
7.45685e-06,2.38364e-05,0.347648,-0.17739,0.392583,-0.615164,-1.0072,-0.211471,-0.387475,1.48662
7.43888e-06,2.38835e-05,0.352441,-0.168592,0.398653,-0.611067,-1.00591,-0.217437,-0.392367,1.48537
7.42094e-06,2.39304e-05,0.357022,-0.159693,0.404683,-0.606908,-1.00458,-0.223395,-0.397254,1.48411
7.40302e-06,2.39771e-05,0.361389,-0.150699,0.410673,-0.60269,-1.00321,-0.229346,-0.402137,1.48282
7.38513e-06,2.40237e-05,0.36554,-0.141614,0.416622,-0.598412,-1.00181,-0.235288,-0.407016,1.48152
7.36726e-06,2.407e-05,0.369473,-0.132444,0.42253,-0.594075,-1.00037,-0.241222,-0.41189,1.48021
7.34943e-06,2.41162e-05,0.373186,-0.123196,0.428396,-0.589679,-0.998893,-0.247147,-0.41676,1.47888
7.33163e-06,2.41622e-05,0.376679,-0.113875,0.43422,-0.585225,-0.997384,-0.253064,-0.421625,1.47753
7.31386e-06,2.42081e-05,0.379949,-0.104487,0.440001,-0.580712,-0.995838,-0.258971,-0.426486,1.47617
7.29613e-06,2.42537e-05,0.382996,-0.0950376,0.445738,-0.576142,-0.994257,-0.264869,-0.431342,1.47479
7.27843e-06,2.42992e-05,0.385819,-0.0855324,0.45143,-0.571515,-0.99264,-0.270758,-0.436193,1.47339
7.26078e-06,2.43446e-05,0.388417,-0.0759773,0.457078,-0.566831,-0.990988,-0.276637,-0.44104,1.47198
7.24316e-06,2.43897e-05,0.39079,-0.0663781,0.462681,-0.56209,-0.9893,-0.282506,-0.445882,1.47055
7.22559e-06,2.44347e-05,0.392937,-0.0567406,0.468237,-0.557294,-0.987577,-0.288365,-0.450719,1.46911
7.20806e-06,2.44795e-05,0.394857,-0.0470704,0.473747,-0.552442,-0.985819,-0.294214,-0.455551,1.46765
7.19058e-06,2.45242e-05,0.396552,-0.0373732,0.47921,-0.547535,-0.984026,-0.300052,-0.460379,1.46618
7.17314e-06,2.45687e-05,0.398021,-0.0276547,0.484624,-0.542574,-0.982197,-0.305879,-0.465201,1.46469
7.15576e-06,2.4613e-05,0.399264,-0.0179205,0.489991,-0.537558,-0.980333,-0.311696,-0.470018,1.46318
7.13842e-06,2.46571e-05,0.400281,-0.00817619,0.495309,-0.532489,-0.978434,-0.317501,-0.474831,1.46166
7.12113e-06,2.47011e-05,0.401073,0.00157274,0.500577,-0.527367,-0.976501,-0.323295,-0.479638,1.46012
7.1039e-06,2.4745e-05,0.401642,0.0113208,0.505795,-0.522192,-0.974532,-0.329077,-0.48444,1.45856
7.08672e-06,2.47887e-05,0.401987,0.0210626,0.510963,-0.516964,-0.972528,-0.334848,-0.489236,1.45699
7.0696e-06,2.48322e-05,0.402109,0.0307927,0.51608,-0.511686,-0.97049,-0.340607,-0.494028,1.45541
7.05253e-06,2.48756e-05,0.402011,0.0405059,0.521145,-0.506356,-0.968417,-0.346353,-0.498814,1.45381
7.03553e-06,2.49188e-05,0.401692,0.050197,0.526158,-0.500975,-0.966309,-0.352087,-0.503594,1.45219
7.01858e-06,2.49619e-05,0.401154,0.0598607,0.531118,-0.495544,-0.964167,-0.357809,-0.50837,1.45056
7.00169e-06,2.50048e-05,0.400399,0.069492,0.536025,-0.490064,-0.96199,-0.363518,-0.513139,1.44891
6.98487e-06,2.50476e-05,0.399429,0.0790859,0.540878,-0.484534,-0.959779,-0.369213,-0.517904,1.44725
6.96811e-06,2.50902e-05,0.398244,0.0886375,0.545678,-0.478956,-0.957533,-0.374896,-0.522662,1.44557
6.95141e-06,2.51327e-05,0.396848,0.0981418,0.550422,-0.47333,-0.955253,-0.380565,-0.527415,1.44387
6.93478e-06,2.51751e-05,0.395241,0.107594,0.555111,-0.467657,-0.952939,-0.38622,-0.532162,1.44216
6.91821e-06,2.52173e-05,0.393426,0.11699,0.559745,-0.461936,-0.950591,-0.391862,-0.536904,1.44044
6.90171e-06,2.52593e-05,0.391405,0.126324,0.564322,-0.456169,-0.948209,-0.39749,-0.54164,1.43869
6.88528e-06,2.53012e-05,0.38918,0.135593,0.568843,-0.450356,-0.945792,-0.403103,-0.54637,1.43694
6.86893e-06,2.5343e-05,0.386754,0.144792,0.573306,-0.444498,-0.943342,-0.408702,-0.551093,1.43516
6.85264e-06,2.53847e-05,0.384129,0.153916,0.577712,-0.438596,-0.940858,-0.414286,-0.555812,1.43338
6.83642e-06,2.54262e-05,0.381307,0.162961,0.58206,-0.432649,-0.938341,-0.419855,-0.560524,1.43157
6.82028e-06,2.54676e-05,0.378292,0.171923,0.586349,-0.426659,-0.93579,-0.42541,-0.565229,1.42975
6.8042e-06,2.55088e-05,0.375084,0.180799,0.59058,-0.420625,-0.933205,-0.430949,-0.569929,1.42792
6.78821e-06,2.55499e-05,0.371689,0.189583,0.59475,-0.41455,-0.930587,-0.436473,-0.574623,1.42607
6.77229e-06,2.55909e-05,0.368107,0.198273,0.598861,-0.408432,-0.927935,-0.441981,-0.579311,1.4242
6.75644e-06,2.56318e-05,0.364343,0.206865,0.602912,-0.402274,-0.92525,-0.447473,-0.583992,1.42232
6.74067e-06,2.56725e-05,0.360399,0.215354,0.606901,-0.396075,-0.922532,-0.452949,-0.588667,1.42043
6.72498e-06,2.57131e-05,0.356277,0.223737,0.61083,-0.389836,-0.919781,-0.458409,-0.593335,1.41851
6.70937e-06,2.57536e-05,0.351982,0.232011,0.614697,-0.383558,-0.916997,-0.463852,-0.597998,1.41659
6.69384e-06,2.5794e-05,0.347516,0.240173,0.618502,-0.377241,-0.91418,-0.469279,-0.602653,1.41465
6.67839e-06,2.58342e-05,0.342882,0.248218,0.622244,-0.370885,-0.911331,-0.474689,-0.607303,1.41269
6.66301e-06,2.58744e-05,0.338083,0.256145,0.625924,-0.364493,-0.908448,-0.480082,-0.611945,1.41072
6.64772e-06,2.59144e-05,0.333124,0.263949,0.629541,-0.358064,-0.905533,-0.485458,-0.616581,1.40873
6.63252e-06,2.59543e-05,0.328006,0.271628,0.633093,-0.351598,-0.902586,-0.490816,-0.621211,1.40672
6.61739e-06,2.59941e-05,0.322733,0.279179,0.636582,-0.345097,-0.899606,-0.496157,-0.625833,1.40471
6.60235e-06,2.60338e-05,0.317309,0.286599,0.640007,-0.338561,-0.896594,-0.50148,-0.630449,1.40267
6.58739e-06,2.60733e-05,0.311738,0.293886,0.643367,-0.331991,-0.893549,-0.506785,-0.635059,1.40062
6.57252e-06,2.61128e-05,0.306021,0.301036,0.646662,-0.325387,-0.890473,-0.512071,-0.639661,1.39856
6.55773e-06,2.61521e-05,0.300164,0.308047,0.649891,-0.31875,-0.887364,-0.51734,-0.644256,1.39648
6.54303e-06,2.61914e-05,0.294169,0.314917,0.653055,-0.312082,-0.884224,-0.522589,-0.648845,1.39439
6.52841e-06,2.62305e-05,0.28804,0.321644,0.656152,-0.305381,-0.881052,-0.52782,-0.653426,1.39228
6.51388e-06,2.62695e-05,0.28178,0.328225,0.659183,-0.29865,-0.877848,-0.533032,-0.658001,1.39016
6.49944e-06,2.63085e-05,0.275393,0.334657,0.662148,-0.291888,-0.874613,-0.538225,-0.662568,1.38802
6.48509e-06,2.63473e-05,0.268882,0.34094,0.665045,-0.285097,-0.871346,-0.543399,-0.667128,1.38586
6.47082e-06,2.6386e-05,0.262252,0.34707,0.667875,-0.278277,-0.868048,-0.548553,-0.671681,1.38369
6.45664e-06,2.64247e-05,0.255505,0.353046,0.670637,-0.271428,-0.864719,-0.553687,-0.676227,1.38151
6.44256e-06,2.64632e-05,0.248645,0.358867,0.673332,-0.264553,-0.861359,-0.558801,-0.680766,1.37931
6.42856e-06,2.65016e-05,0.241676,0.364529,0.675958,-0.25765,-0.857968,-0.563895,-0.685297,1.3771
6.41465e-06,2.654e-05,0.234601,0.370032,0.678516,-0.250721,-0.854545,-0.568969,-0.68982,1.37487
6.40084e-06,2.65782e-05,0.227424,0.375375,0.681004,-0.243767,-0.851093,-0.574023,-0.694337,1.37263
6.38711e-06,2.66164e-05,0.220149,0.380554,0.683424,-0.236788,-0.847609,-0.579056,-0.698846,1.37037
6.37348e-06,2.66545e-05,0.212779,0.38557,0.685775,-0.229785,-0.844095,-0.584068,-0.703347,1.3681
6.35993e-06,2.66925e-05,0.205317,0.390421,0.688055,-0.222759,-0.840551,-0.589059,-0.707841,1.36581
6.34648e-06,2.67304e-05,0.197768,0.395105,0.690267,-0.21571,-0.836976,-0.594029,-0.712327,1.36351
6.33312e-06,2.67682e-05,0.190135,0.399621,0.692408,-0.20864,-0.833371,-0.598977,-0.716805,1.36119
6.31986e-06,2.68059e-05,0.182422,0.403968,0.694478,-0.201548,-0.829737,-0.603904,-0.721276,1.35886
6.30669e-06,2.68436e-05,0.174632,0.408145,0.696479,-0.194435,-0.826072,-0.608809,-0.725739,1.35651
6.29361e-06,2.68811e-05,0.166769,0.412151,0.698409,-0.187303,-0.822378,-0.613692,-0.730194,1.35415
6.28062e-06,2.69186e-05,0.158836,0.415986,0.700267,-0.180152,-0.818654,-0.618553,-0.734641,1.35178
6.26773e-06,2.6956e-05,0.150837,0.419647,0.702055,-0.172983,-0.8149,-0.623392,-0.73908,1.34939
6.25493e-06,2.69934e-05,0.142776,0.423135,0.703771,-0.165796,-0.811117,-0.628208,-0.743512,1.34698
6.24223e-06,2.70306e-05,0.134656,0.426449,0.705416,-0.158592,-0.807305,-0.633002,-0.747935,1.34456
6.22962e-06,2.70678e-05,0.12648,0.429587,0.70699,-0.151373,-0.803464,-0.637773,-0.75235,1.34213
6.2171e-06,2.71049e-05,0.118253,0.43255,0.708491,-0.144137,-0.799594,-0.64252,-0.756758,1.33968
6.20468e-06,2.71419e-05,0.109978,0.435337,0.709921,-0.136887,-0.795695,-0.647245,-0.761157,1.33722
6.19236e-06,2.71789e-05,0.101658,0.437947,0.711279,-0.129624,-0.791767,-0.651946,-0.765547,1.33474
6.18013e-06,2.72158e-05,0.0932975,0.440381,0.712564,-0.122347,-0.787811,-0.656624,-0.76993,1.33225
6.16799e-06,2.72526e-05,0.0848991,0.442637,0.713777,-0.115057,-0.783826,-0.661278,-0.774304,1.32975
6.15595e-06,2.72894e-05,0.0764666,0.444715,0.714918,-0.107756,-0.779813,-0.665908,-0.77867,1.32723
6.14401e-06,2.73261e-05,0.0680036,0.446616,0.715986,-0.100444,-0.775772,-0.670515,-0.783028,1.32469
6.13216e-06,2.73627e-05,0.0595135,0.448338,0.716981,-0.0931222,-0.771703,-0.675097,-0.787377,1.32215
6.12041e-06,2.73993e-05,0.0509997,0.449883,0.717903,-0.0857906,-0.767606,-0.679654,-0.791718,1.31958
6.10875e-06,2.74358e-05,0.0424657,0.451249,0.718753,-0.0784502,-0.763481,-0.684187,-0.79605,1.31701
6.09719e-06,2.74723e-05,0.0339149,0.452437,0.71953,-0.0711019,-0.759329,-0.688696,-0.800373,1.31442
6.08572e-06,2.75087e-05,0.0253508,0.453447,0.720233,-0.0637464,-0.755149,-0.693179,-0.804688,1.31181
6.07436e-06,2.7545e-05,0.0167768,0.454279,0.720864,-0.0563844,-0.750942,-0.697638,-0.808995,1.30919
6.06308e-06,2.75813e-05,0.00819614,0.454933,0.721421,-0.0490166,-0.746708,-0.702071,-0.813292,1.30656
6.0519e-06,2.76175e-05,-0.000387683,0.455409,0.721905,-0.0416439,-0.742447,-0.706479,-0.817581,1.30391
6.04082e-06,2.76537e-05,-0.00897135,0.455708,0.722316,-0.034267,-0.738159,-0.710861,-0.821861,1.30125
6.02984e-06,2.76898e-05,-0.0175515,0.45583,0.722653,-0.0268866,-0.733844,-0.715218,-0.826132,1.29858
6.01895e-06,2.77259e-05,-0.0261249,0.455775,0.722917,-0.0195034,-0.729503,-0.719548,-0.830395,1.29589
6.00815e-06,2.77619e-05,-0.0346882,0.455544,0.723108,-0.0121183,-0.725135,-0.723853,-0.834648,1.29318
5.99745e-06,2.77979e-05,-0.043238,0.455138,0.723226,-0.0047319,-0.720741,-0.728131,-0.838892,1.29047
5.98685e-06,2.78338e-05,-0.0517713,0.454555,0.72327,0.00265495,-0.716322,-0.732384,-0.843128,1.28773
5.97634e-06,2.78697e-05,-0.0602846,0.453798,0.72324,0.0100415,-0.711876,-0.736609,-0.847354,1.28499
5.96593e-06,2.79056e-05,-0.0687747,0.452867,0.723138,0.0174271,-0.707404,-0.740808,-0.851571,1.28223
5.95561e-06,2.79414e-05,-0.0772385,0.451763,0.722962,0.0248109,-0.702907,-0.74498,-0.855779,1.27946
5.94539e-06,2.79771e-05,-0.0856728,0.450485,0.722713,0.0321922,-0.698384,-0.749125,-0.859978,1.27667
5.93526e-06,2.80128e-05,-0.0940744,0.449036,0.72239,0.0395702,-0.693836,-0.753244,-0.864168,1.27387
5.92522e-06,2.80485e-05,-0.10244,0.447415,0.721995,0.0469443,-0.689263,-0.757334,-0.868348,1.27106
5.91529e-06,2.80841e-05,-0.110767,0.445624,0.721526,0.0543135,-0.684665,-0.761397,-0.872519,1.26823
5.90544e-06,2.81197e-05,-0.119051,0.443663,0.720984,0.0616773,-0.680042,-0.765433,-0.87668,1.26539
5.89569e-06,2.81553e-05,-0.12729,0.441534,0.720369,0.0690348,-0.675394,-0.769441,-0.880833,1.26254
5.88604e-06,2.81908e-05,-0.135481,0.439237,0.719681,0.0763854,-0.670722,-0.773421,-0.884975,1.25967
5.87647e-06,2.82263e-05,-0.143621,0.436774,0.718921,0.0837282,-0.666026,-0.777373,-0.889108,1.25679
5.867e-06,2.82618e-05,-0.151706,0.434145,0.718087,0.0910625,-0.661305,-0.781297,-0.893232,1.25389
5.85763e-06,2.82972e-05,-0.159734,0.431351,0.717181,0.0983877,-0.65656,-0.785192,-0.897346,1.25098
5.84834e-06,2.83326e-05,-0.167701,0.428395,0.716202,0.105703,-0.651792,-0.789059,-0.90145,1.24806
5.83915e-06,2.8368e-05,-0.175605,0.425276,0.715151,0.113007,-0.647,-0.792897,-0.905545,1.24512
5.83005e-06,2.84034e-05,-0.183442,0.421996,0.714028,0.1203,-0.642184,-0.796707,-0.90963,1.24217
5.82105e-06,2.84387e-05,-0.19121,0.418557,0.712832,0.127581,-0.637346,-0.800487,-0.913705,1.23921
5.81213e-06,2.8474e-05,-0.198905,0.41496,0.711564,0.134849,-0.632483,-0.804239,-0.91777,1.23624
5.80331e-06,2.85093e-05,-0.206526,0.411205,0.710225,0.142104,-0.627598,-0.807961,-0.921826,1.23325
5.79457e-06,2.85445e-05,-0.214068,0.407296,0.708814,0.149344,-0.622691,-0.811654,-0.925871,1.23025
5.78593e-06,2.85797e-05,-0.221529,0.403232,0.707331,0.156569,-0.61776,-0.815317,-0.929907,1.22723
5.77738e-06,2.86149e-05,-0.228907,0.399015,0.705776,0.163778,-0.612807,-0.818951,-0.933932,1.2242
5.76892e-06,2.86501e-05,-0.236198,0.394648,0.704151,0.170971,-0.607832,-0.822555,-0.937948,1.22116
5.76054e-06,2.86853e-05,-0.243399,0.390131,0.702454,0.178146,-0.602835,-0.826129,-0.941953,1.21811
5.75226e-06,2.87204e-05,-0.250508,0.385466,0.700687,0.185303,-0.597815,-0.829673,-0.945949,1.21504
5.74406e-06,2.87556e-05,-0.257523,0.380656,0.698849,0.192442,-0.592774,-0.833187,-0.949934,1.21196
5.73596e-06,2.87907e-05,-0.264439,0.3757,0.696941,0.199562,-0.587712,-0.83667,-0.953909,1.20886
5.72794e-06,2.88258e-05,-0.271255,0.370603,0.694962,0.206661,-0.582628,-0.840123,-0.957873,1.20576
5.72e-06,2.88609e-05,-0.277968,0.365364,0.692914,0.213739,-0.577523,-0.843545,-0.961828,1.20264
5.71216e-06,2.8896e-05,-0.284575,0.359986,0.690795,0.220796,-0.572396,-0.846937,-0.965772,1.1995
5.7044e-06,2.8931e-05,-0.291074,0.354471,0.688608,0.227831,-0.567249,-0.850298,-0.969706,1.19636
5.69672e-06,2.89661e-05,-0.297461,0.34882,0.68635,0.234843,-0.562081,-0.853628,-0.973629,1.1932
5.68913e-06,2.90011e-05,-0.303735,0.343037,0.684024,0.241831,-0.556893,-0.856926,-0.977542,1.19003
5.68163e-06,2.90362e-05,-0.309893,0.337122,0.68163,0.248795,-0.551685,-0.860194,-0.981444,1.18684
5.6742e-06,2.90712e-05,-0.315932,0.331078,0.679166,0.255734,-0.546456,-0.86343,-0.985336,1.18365
5.66687e-06,2.91062e-05,-0.321849,0.324906,0.676635,0.262647,-0.541207,-0.866634,-0.989217,1.18044
5.65961e-06,2.91413e-05,-0.327643,0.31861,0.674035,0.269534,-0.535939,-0.869807,-0.993088,1.17721
5.65244e-06,2.91763e-05,-0.33331,0.312191,0.671368,0.276394,-0.530651,-0.872949,-0.996948,1.17398
5.64535e-06,2.92113e-05,-0.338848,0.305651,0.668634,0.283226,-0.525344,-0.876058,-1.0008,1.17073
5.63834e-06,2.92463e-05,-0.344255,0.298992,0.665832,0.29003,-0.520017,-0.879135,-1.00464,1.16747
5.63141e-06,2.92813e-05,-0.349529,0.292218,0.662964,0.296804,-0.514672,-0.882181,-1.00846,1.1642
5.62456e-06,2.93163e-05,-0.354666,0.28533,0.66003,0.303549,-0.509308,-0.885194,-1.01228,1.16091
5.61779e-06,2.93513e-05,-0.359666,0.278331,0.657029,0.310264,-0.503925,-0.888174,-1.01609,1.15761
5.6111e-06,2.93863e-05,-0.364524,0.271223,0.653963,0.316947,-0.498523,-0.891123,-1.01988,1.1543
5.60449e-06,2.94213e-05,-0.36924,0.264008,0.650831,0.323599,-0.493104,-0.894038,-1.02367,1.15098
5.59795e-06,2.94563e-05,-0.37381,0.25669,0.647634,0.330219,-0.487666,-0.896921,-1.02744,1.14765
5.5915e-06,2.94913e-05,-0.378233,0.249271,0.644372,0.336805,-0.482211,-0.899771,-1.0312,1.1443
5.58511e-06,2.95263e-05,-0.382507,0.241753,0.641046,0.343358,-0.476738,-0.902589,-1.03495,1.14094
5.57881e-06,2.95614e-05,-0.386628,0.234139,0.637657,0.349877,-0.471248,-0.905373,-1.03869,1.13757
5.57257e-06,2.95964e-05,-0.390596,0.226432,0.634203,0.35636,-0.46574,-0.908124,-1.04242,1.13418
5.56642e-06,2.96314e-05,-0.394408,0.218634,0.630686,0.362808,-0.460215,-0.910842,-1.04614,1.13079
5.56033e-06,2.96665e-05,-0.398062,0.210749,0.627107,0.36922,-0.454674,-0.913526,-1.04984,1.12738
5.55432e-06,2.97015e-05,-0.401556,0.20278,0.623465,0.375596,-0.449115,-0.916177,-1.05354,1.12396
5.54838e-06,2.97366e-05,-0.404888,0.194728,0.619761,0.381934,-0.443541,-0.918795,-1.05722,1.12053
5.54251e-06,2.97716e-05,-0.408056,0.186598,0.615995,0.388233,-0.43795,-0.921379,-1.0609,1.11708
5.53671e-06,2.98067e-05,-0.411058,0.178392,0.612168,0.394495,-0.432343,-0.923929,-1.06456,1.11363
5.53098e-06,2.98418e-05,-0.413892,0.170113,0.60828,0.400717,-0.42672,-0.926445,-1.06821,1.11016
5.52532e-06,2.98769e-05,-0.416557,0.161764,0.604331,0.406899,-0.421081,-0.928927,-1.07184,1.10668
5.51973e-06,2.9912e-05,-0.419051,0.153349,0.600323,0.413041,-0.415427,-0.931375,-1.07547,1.10319
5.51421e-06,2.99471e-05,-0.421371,0.144871,0.596255,0.419141,-0.409758,-0.933789,-1.07909,1.09968
5.50875e-06,2.99822e-05,-0.423517,0.136332,0.592128,0.425201,-0.404074,-0.936169,-1.08269,1.09617
5.50336e-06,3.00174e-05,-0.425487,0.127737,0.587942,0.431218,-0.398375,-0.938514,-1.08628,1.09264
5.49804e-06,3.00525e-05,-0.427279,0.119089,0.583699,0.437192,-0.392661,-0.940825,-1.08986,1.0891
5.49278e-06,3.00877e-05,-0.428891,0.11039,0.579397,0.443123,-0.386933,-0.943102,-1.09343,1.08555
5.48758e-06,3.01229e-05,-0.430322,0.101645,0.575038,0.449011,-0.381191,-0.945343,-1.09699,1.08199
5.48244e-06,3.01581e-05,-0.431571,0.0928568,0.570622,0.454854,-0.375435,-0.94755,-1.10053,1.07841
5.47737e-06,3.01933e-05,-0.432636,0.0840292,0.56615,0.460652,-0.369664,-0.949722,-1.10407,1.07483
5.47236e-06,3.02285e-05,-0.433517,0.0751655,0.561621,0.466404,-0.363881,-0.95186,-1.10759,1.07123
5.46741e-06,3.02638e-05,-0.434211,0.0662696,0.557038,0.472111,-0.358084,-0.953962,-1.1111,1.06762
5.46252e-06,3.0299e-05,-0.434717,0.0573451,0.552399,0.477771,-0.352273,-0.956029,-1.1146,1.064
5.45769e-06,3.03343e-05,-0.435035,0.0483957,0.547706,0.483383,-0.34645,-0.958061,-1.11808,1.06037
5.45292e-06,3.03696e-05,-0.435163,0.0394252,0.542959,0.488949,-0.340614,-0.960058,-1.12155,1.05673
5.44821e-06,3.04049e-05,-0.4351,0.0304375,0.538159,0.494466,-0.334766,-0.962019,-1.12502,1.05307
5.44355e-06,3.04403e-05,-0.434845,0.0214363,0.533306,0.499934,-0.328905,-0.963945,-1.12847,1.04941
5.43895e-06,3.04756e-05,-0.434398,0.0124257,0.5284,0.505353,-0.323032,-0.965835,-1.1319,1.04573
5.4344e-06,3.0511e-05,-0.433758,0.00340957,0.523442,0.510723,-0.317147,-0.96769,-1.13533,1.04204
5.42991e-06,3.05464e-05,-0.432923,-0.00560808,0.518433,0.516043,-0.311251,-0.969509,-1.13874,1.03834
5.42547e-06,3.05818e-05,-0.431894,-0.0146232,0.513373,0.521312,-0.305343,-0.971293,-1.14214,1.03463
5.42108e-06,3.06172e-05,-0.430669,-0.0236317,0.508263,0.526529,-0.299423,-0.97304,-1.14553,1.03091
5.41675e-06,3.06527e-05,-0.429249,-0.0326294,0.503103,0.531696,-0.293493,-0.974752,-1.14891,1.02718
5.41247e-06,3.06882e-05,-0.427632,-0.0416122,0.497894,0.53681,-0.287552,-0.976428,-1.15227,1.02343
5.40824e-06,3.07237e-05,-0.425818,-0.0505759,0.492636,0.541871,-0.2816,-0.978068,-1.15563,1.01968
5.40406e-06,3.07592e-05,-0.423808,-0.0595161,0.487329,0.54688,-0.275638,-0.979671,-1.15896,1.01591
5.39993e-06,3.07947e-05,-0.4216,-0.0684287,0.481976,0.551835,-0.269666,-0.981239,-1.16229,1.01214
5.39584e-06,3.08303e-05,-0.419195,-0.0773092,0.476575,0.556737,-0.263683,-0.98277,-1.16561,1.00835
5.39181e-06,3.08658e-05,-0.416594,-0.0861534,0.471127,0.561584,-0.257691,-0.984265,-1.16891,1.00455
5.38782e-06,3.09014e-05,-0.413795,-0.0949568,0.465634,0.566376,-0.25169,-0.985724,-1.1722,1.00074
5.38388e-06,3.09371e-05,-0.410799,-0.103715,0.460095,0.571113,-0.245679,-0.987146,-1.17548,0.996925
5.37998e-06,3.09727e-05,-0.407606,-0.112424,0.454512,0.575794,-0.239659,-0.988532,-1.17874,0.993095
5.37613e-06,3.10084e-05,-0.404218,-0.121078,0.448884,0.58042,-0.233631,-0.989881,-1.18199,0.989254
5.37232e-06,3.10441e-05,-0.400634,-0.129674,0.443213,0.584989,-0.227593,-0.991194,-1.18523,0.985403
5.36856e-06,3.10798e-05,-0.396855,-0.138206,0.437498,0.589501,-0.221547,-0.992469,-1.18846,0.981541
5.36484e-06,3.11155e-05,-0.392881,-0.146671,0.431742,0.593956,-0.215493,-0.993709,-1.19167,0.977669
5.36116e-06,3.11513e-05,-0.388714,-0.155064,0.425943,0.598353,-0.209431,-0.994911,-1.19487,0.973786
5.35753e-06,3.1187e-05,-0.384354,-0.16338,0.420103,0.602693,-0.203362,-0.996077,-1.19806,0.969892
5.35393e-06,3.12228e-05,-0.379803,-0.171614,0.414222,0.606974,-0.197284,-0.997205,-1.20124,0.965989
5.35038e-06,3.12587e-05,-0.375061,-0.179763,0.408301,0.611196,-0.1912,-0.998297,-1.2044,0.962075
5.34686e-06,3.12945e-05,-0.37013,-0.18782,0.402341,0.615359,-0.185108,-0.999352,-1.20755,0.95815
5.34339e-06,3.13304e-05,-0.365011,-0.195783,0.396342,0.619463,-0.179009,-1.00037,-1.21068,0.954216
5.33995e-06,3.13662e-05,-0.359706,-0.203645,0.390304,0.623506,-0.172904,-1.00135,-1.21381,0.950271
5.33655e-06,3.14021e-05,-0.354217,-0.211403,0.384229,0.62749,-0.166793,-1.00229,-1.21692,0.946316
5.33319e-06,3.14381e-05,-0.348545,-0.219052,0.378117,0.631413,-0.160675,-1.0032,-1.22002,0.942351
5.32986e-06,3.1474e-05,-0.342691,-0.226587,0.371968,0.635275,-0.154551,-1.00407,-1.2231,0.938376
5.32658e-06,3.151e-05,-0.336659,-0.234004,0.365784,0.639077,-0.148422,-1.0049,-1.22617,0.93439
5.32332e-06,3.1546e-05,-0.33045,-0.241298,0.359564,0.642816,-0.142287,-1.0057,-1.22923,0.930395
5.32011e-06,3.1582e-05,-0.324066,-0.248464,0.35331,0.646494,-0.136147,-1.00645,-1.23228,0.92639
5.31693e-06,3.1618e-05,-0.317511,-0.255499,0.347022,0.65011,-0.130001,-1.00717,-1.23531,0.922375
5.31378e-06,3.16541e-05,-0.310785,-0.262396,0.3407,0.653663,-0.123851,-1.00785,-1.23833,0.91835
5.31067e-06,3.16902e-05,-0.303893,-0.269153,0.334346,0.657154,-0.117696,-1.0085,-1.24133,0.914315
5.30759e-06,3.17263e-05,-0.296837,-0.275765,0.32796,0.660581,-0.111537,-1.00911,-1.24432,0.91027
5.30454e-06,3.17624e-05,-0.289619,-0.282227,0.321542,0.663946,-0.105374,-1.00968,-1.2473,0.906216
5.30153e-06,3.17985e-05,-0.282243,-0.288534,0.315094,0.667246,-0.0992068,-1.01021,-1.25027,0.902152
5.29855e-06,3.18347e-05,-0.274713,-0.294683,0.308615,0.670483,-0.093036,-1.0107,-1.25322,0.898078
5.2956e-06,3.18708e-05,-0.26703,-0.30067,0.302107,0.673656,-0.0868616,-1.01116,-1.25616,0.893994
5.29269e-06,3.1907e-05,-0.2592,-0.30649,0.29557,0.676765,-0.080684,-1.01158,-1.25908,0.889902
5.2898e-06,3.19433e-05,-0.251225,-0.312139,0.289005,0.679809,-0.0745035,-1.01196,-1.262,0.885799
5.28695e-06,3.19795e-05,-0.243109,-0.317612,0.282413,0.682789,-0.0683201,-1.01231,-1.26489,0.881687
5.28413e-06,3.20157e-05,-0.234856,-0.322907,0.275793,0.685703,-0.0621342,-1.01261,-1.26778,0.877566
5.28134e-06,3.2052e-05,-0.226471,-0.32802,0.269147,0.688552,-0.055946,-1.01288,-1.27065,0.873435
5.27858e-06,3.20883e-05,-0.217956,-0.332945,0.262476,0.691335,-0.0497557,-1.01311,-1.27351,0.869295
5.27585e-06,3.21246e-05,-0.209317,-0.337681,0.25578,0.694053,-0.0435636,-1.01331,-1.27635,0.865145
5.27315e-06,3.2161e-05,-0.200558,-0.342222,0.249059,0.696705,-0.0373698,-1.01346,-1.27918,0.860987
5.27048e-06,3.21973e-05,-0.191683,-0.346567,0.242315,0.699291,-0.0311747,-1.01358,-1.282,0.856819
5.26784e-06,3.22337e-05,-0.182697,-0.35071,0.235548,0.701811,-0.0249783,-1.01366,-1.2848,0.852642
5.26523e-06,3.22701e-05,-0.173605,-0.354649,0.228758,0.704264,-0.0187811,-1.0137,-1.28759,0.848456
5.26265e-06,3.23065e-05,-0.164412,-0.358382,0.221947,0.70665,-0.0125831,-1.01371,-1.29037,0.84426
5.2601e-06,3.23429e-05,-0.155122,-0.361904,0.215115,0.70897,-0.00638466,-1.01367,-1.29313,0.840056
5.25758e-06,3.23793e-05,-0.145741,-0.365213,0.208263,0.711222,-0.000185992,-1.0136,-1.29588,0.835843
5.25509e-06,3.24158e-05,-0.136274,-0.368306,0.201391,0.713408,0.00601269,-1.01349,-1.29861,0.83162
5.25263e-06,3.24522e-05,-0.126726,-0.371181,0.1945,0.715526,0.0122111,-1.01334,-1.30133,0.827389
5.25019e-06,3.24887e-05,-0.117102,-0.373835,0.18759,0.717577,0.0184091,-1.01316,-1.30404,0.823149
5.24779e-06,3.25252e-05,-0.107409,-0.376266,0.180663,0.71956,0.0246065,-1.01294,-1.30673,0.818901
5.24542e-06,3.25618e-05,-0.0976507,-0.378471,0.173719,0.721476,0.0308028,-1.01267,-1.30941,0.814643
5.24307e-06,3.25983e-05,-0.0878342,-0.380449,0.166759,0.723323,0.0369981,-1.01238,-1.31207,0.810377
5.24075e-06,3.26349e-05,-0.0779647,-0.382197,0.159782,0.725103,0.0431919,-1.01204,-1.31472,0.806102
5.23847e-06,3.26714e-05,-0.0680481,-0.383714,0.152791,0.726814,0.0493842,-1.01166,-1.31736,0.801818
5.23621e-06,3.2708e-05,-0.0580902,-0.384999,0.145786,0.728458,0.0555746,-1.01125,-1.31998,0.797526
5.23398e-06,3.27447e-05,-0.0480971,-0.38605,0.138767,0.730033,0.0617629,-1.0108,-1.32259,0.793226
5.23178e-06,3.27813e-05,-0.0380746,-0.386865,0.131735,0.731539,0.0679489,-1.01031,-1.32518,0.788916
5.22961e-06,3.28179e-05,-0.0280289,-0.387445,0.12469,0.732978,0.0741323,-1.00979,-1.32776,0.784599
5.22747e-06,3.28546e-05,-0.0179661,-0.387787,0.117634,0.734347,0.080313,-1.00922,-1.33032,0.780273
5.22536e-06,3.28913e-05,-0.00789225,-0.387892,0.110567,0.735649,0.0864906,-1.00862,-1.33288,0.775939
5.22328e-06,3.2928e-05,0.00218644,-0.387759,0.10349,0.736881,0.0926651,-1.00798,-1.33541,0.771596
5.22123e-06,3.29647e-05,0.0122638,-0.387388,0.0964027,0.738045,0.098836,-1.0073,-1.33794,0.767245
5.2192e-06,3.30014e-05,0.0223336,-0.386778,0.0893066,0.73914,0.105003,-1.00659,-1.34044,0.762886
5.21721e-06,3.30382e-05,0.0323896,-0.38593,0.0822023,0.740166,0.111167,-1.00584,-1.34294,0.758519
5.21525e-06,3.30749e-05,0.0424257,-0.384843,0.0750903,0.741123,0.117326,-1.00505,-1.34542,0.754144
5.21332e-06,3.31117e-05,0.0524356,-0.38352,0.0679713,0.742011,0.12348,-1.00422,-1.34788,0.74976
5.21142e-06,3.31485e-05,0.0624131,-0.381959,0.0608459,0.74283,0.12963,-1.00335,-1.35033,0.745369
5.20954e-06,3.31854e-05,0.072352,-0.380162,0.053715,0.743581,0.135776,-1.00245,-1.35277,0.740969
5.2077e-06,3.32222e-05,0.0822463,-0.37813,0.046579,0.744262,0.141916,-1.00151,-1.35519,0.736562
5.20589e-06,3.32591e-05,0.0920897,-0.375865,0.0394388,0.744874,0.14805,-1.00053,-1.3576,0.732147
5.20411e-06,3.3296e-05,0.101876,-0.373367,0.0322949,0.745418,0.15418,-0.999509,-1.35999,0.727724
5.20236e-06,3.33329e-05,0.1116,-0.370638,0.025148,0.745892,0.160303,-0.998455,-1.36237,0.723293
5.20064e-06,3.33698e-05,0.121254,-0.367681,0.0179987,0.746297,0.16642,-0.997363,-1.36473,0.718855
5.19895e-06,3.34067e-05,0.130834,-0.364496,0.0108479,0.746634,0.172532,-0.996233,-1.36708,0.714408
5.19729e-06,3.34437e-05,0.140333,-0.361087,0.00369597,0.746901,0.178636,-0.995066,-1.36942,0.709955
5.19567e-06,3.34807e-05,0.149745,-0.357455,-0.00345626,0.7471,0.184734,-0.993862,-1.37174,0.705493
5.19407e-06,3.35177e-05,0.159066,-0.353602,-0.0106082,0.74723,0.190825,-0.99262,-1.37404,0.701024
5.1925e-06,3.35548e-05,0.168288,-0.349533,-0.0177591,0.74729,0.196909,-0.99134,-1.37633,0.696548
5.19097e-06,3.35918e-05,0.177408,-0.345249,-0.0249084,0.747283,0.202985,-0.990024,-1.37861,0.692064
5.18946e-06,3.36289e-05,0.186418,-0.340753,-0.0320554,0.747206,0.209054,-0.98867,-1.38087,0.687573
5.18799e-06,3.3666e-05,0.195315,-0.336049,-0.0391995,0.747061,0.215115,-0.987278,-1.38312,0.683074
5.18655e-06,3.37031e-05,0.204092,-0.33114,-0.0463399,0.746847,0.221167,-0.98585,-1.38535,0.678568
5.18513e-06,3.37403e-05,0.212745,-0.326028,-0.0534761,0.746564,0.227212,-0.984384,-1.38756,0.674055
5.18375e-06,3.37775e-05,0.221269,-0.320719,-0.0606074,0.746213,0.233247,-0.982881,-1.38977,0.669534
5.1824e-06,3.38147e-05,0.229658,-0.315215,-0.0677332,0.745794,0.239274,-0.981342,-1.39195,0.665007
5.18108e-06,3.38519e-05,0.237908,-0.309521,-0.0748527,0.745306,0.245292,-0.979765,-1.39413,0.660472
5.17978e-06,3.38892e-05,0.246016,-0.303639,-0.0819654,0.744751,0.251301,-0.978151,-1.39628,0.65593
5.17852e-06,3.39264e-05,0.253975,-0.297576,-0.0890706,0.744127,0.2573,-0.9765,-1.39842,0.651382
5.17729e-06,3.39638e-05,0.261782,-0.291333,-0.0961677,0.743435,0.26329,-0.974812,-1.40055,0.646826
5.17609e-06,3.40011e-05,0.269432,-0.284917,-0.103256,0.742675,0.269269,-0.973087,-1.40266,0.642263
5.17491e-06,3.40385e-05,0.276922,-0.278331,-0.110335,0.741848,0.275238,-0.971326,-1.40476,0.637694
5.17377e-06,3.40759e-05,0.284248,-0.27158,-0.117404,0.740953,0.281197,-0.969528,-1.40684,0.633118
5.17265e-06,3.41133e-05,0.291405,-0.264668,-0.124462,0.739991,0.287146,-0.967693,-1.40891,0.628535
5.17157e-06,3.41508e-05,0.298391,-0.2576,-0.131509,0.738961,0.293083,-0.965822,-1.41096,0.623945
5.17051e-06,3.41883e-05,0.305202,-0.250381,-0.138543,0.737864,0.29901,-0.963914,-1.413,0.619348
5.16948e-06,3.42258e-05,0.311834,-0.243016,-0.145566,0.7367,0.304925,-0.961969,-1.41502,0.614745
5.16847e-06,3.42634e-05,0.318285,-0.235509,-0.152575,0.735469,0.310828,-0.959989,-1.41703,0.610136
5.1675e-06,3.43009e-05,0.324551,-0.227865,-0.15957,0.734171,0.31672,-0.957971,-1.41902,0.60552
5.16655e-06,3.43386e-05,0.330631,-0.220091,-0.166551,0.732807,0.3226,-0.955918,-1.421,0.600897
5.16563e-06,3.43762e-05,0.33652,-0.212189,-0.173516,0.731376,0.328467,-0.953828,-1.42296,0.596268
5.16473e-06,3.44139e-05,0.342216,-0.204166,-0.180466,0.729879,0.334322,-0.951703,-1.42491,0.591633
5.16386e-06,3.44517e-05,0.347718,-0.196027,-0.1874,0.728316,0.340164,-0.949541,-1.42684,0.586991
5.16301e-06,3.44894e-05,0.353023,-0.187777,-0.194316,0.726687,0.345994,-0.947343,-1.42875,0.582343
5.16219e-06,3.45273e-05,0.358129,-0.179422,-0.201215,0.724993,0.35181,-0.945109,-1.43066,0.577689
5.16139e-06,3.45651e-05,0.363034,-0.170965,-0.208096,0.723233,0.357613,-0.942839,-1.43254,0.573029
5.16062e-06,3.4603e-05,0.367737,-0.162413,-0.214958,0.721408,0.363403,-0.940534,-1.43441,0.568362
5.15987e-06,3.46409e-05,0.372235,-0.153771,-0.221801,0.719517,0.369179,-0.938193,-1.43627,0.56369
5.15914e-06,3.46789e-05,0.376527,-0.145044,-0.228624,0.717562,0.37494,-0.935816,-1.43811,0.559011
5.15843e-06,3.47169e-05,0.380613,-0.136237,-0.235426,0.715543,0.380688,-0.933404,-1.43993,0.554326
5.15775e-06,3.47549e-05,0.384491,-0.127355,-0.242207,0.713459,0.386421,-0.930956,-1.44174,0.549636
5.15708e-06,3.4793e-05,0.388159,-0.118405,-0.248966,0.71131,0.392139,-0.928473,-1.44353,0.54494
5.15644e-06,3.48311e-05,0.391618,-0.10939,-0.255703,0.709098,0.397842,-0.925955,-1.44531,0.540237
5.15581e-06,3.48693e-05,0.394866,-0.100316,-0.262417,0.706822,0.403531,-0.923401,-1.44707,0.53553
5.1552e-06,3.49075e-05,0.397903,-0.0911892,-0.269107,0.704483,0.409204,-0.920813,-1.44882,0.530816
5.15461e-06,3.49458e-05,0.400729,-0.0820135,-0.275773,0.702081,0.414861,-0.918189,-1.45055,0.526097
5.15404e-06,3.49841e-05,0.403342,-0.0727944,-0.282415,0.699615,0.420503,-0.915531,-1.45227,0.521372
5.15349e-06,3.50224e-05,0.405744,-0.063537,-0.289031,0.697087,0.426128,-0.912837,-1.45397,0.516641
5.15295e-06,3.50608e-05,0.407933,-0.0542464,-0.295621,0.694497,0.431738,-0.910109,-1.45565,0.511905
5.15242e-06,3.50992e-05,0.40991,-0.0449276,-0.302185,0.691844,0.437331,-0.907346,-1.45732,0.507164
5.15191e-06,3.51377e-05,0.411676,-0.0355855,-0.308722,0.68913,0.442907,-0.904549,-1.45898,0.502417
5.15141e-06,3.51762e-05,0.41323,-0.0262252,-0.315231,0.686354,0.448466,-0.901717,-1.46061,0.497665
5.15092e-06,3.52148e-05,0.414573,-0.0168514,-0.321712,0.683517,0.454009,-0.898851,-1.46224,0.492907
5.15045e-06,3.52534e-05,0.415705,-0.00746907,-0.328165,0.680619,0.459534,-0.895951,-1.46384,0.488144
5.14999e-06,3.52921e-05,0.416628,0.00191706,-0.334588,0.67766,0.465041,-0.893016,-1.46543,0.483376
5.14953e-06,3.53308e-05,0.417341,0.0113023,-0.340981,0.674641,0.470531,-0.890048,-1.46701,0.478603
5.14909e-06,3.53696e-05,0.417847,0.0206818,-0.347344,0.671561,0.476003,-0.887046,-1.46857,0.473825
5.14865e-06,3.54084e-05,0.418144,0.0300511,-0.353676,0.668422,0.481457,-0.884009,-1.47012,0.469041
5.14822e-06,3.54472e-05,0.418236,0.0394057,-0.359977,0.665224,0.486892,-0.880939,-1.47164,0.464253
5.1478e-06,3.54861e-05,0.418123,0.0487409,-0.366245,0.661966,0.492309,-0.877836,-1.47316,0.45946
5.14738e-06,3.55251e-05,0.417806,0.0580524,-0.372481,0.65865,0.497707,-0.874699,-1.47465,0.454661
5.14697e-06,3.55641e-05,0.417286,0.0673357,-0.378684,0.655275,0.503086,-0.871528,-1.47614,0.449858
5.14656e-06,3.56031e-05,0.416565,0.0765867,-0.384854,0.651841,0.508446,-0.868325,-1.4776,0.44505
5.14615e-06,3.56422e-05,0.415645,0.0858009,-0.390989,0.64835,0.513787,-0.865088,-1.47905,0.440238
5.14575e-06,3.56814e-05,0.414527,0.0949743,-0.397089,0.644802,0.519107,-0.861818,-1.48049,0.43542
5.14535e-06,3.57206e-05,0.413213,0.104103,-0.403155,0.641196,0.524408,-0.858515,-1.4819,0.430598
5.14495e-06,3.57598e-05,0.411704,0.113182,-0.409184,0.637534,0.529689,-0.855179,-1.48331,0.425772
5.14454e-06,3.57991e-05,0.410002,0.122209,-0.415178,0.633815,0.53495,-0.851811,-1.48469,0.420941
5.14414e-06,3.58385e-05,0.408109,0.131178,-0.421135,0.630041,0.54019,-0.84841,-1.48607,0.416105
5.14373e-06,3.58779e-05,0.406028,0.140087,-0.427054,0.62621,0.54541,-0.844977,-1.48742,0.411265
5.14331e-06,3.59173e-05,0.403759,0.148932,-0.432936,0.622324,0.550609,-0.841511,-1.48876,0.406421
5.1429e-06,3.59568e-05,0.401306,0.157708,-0.438779,0.618384,0.555787,-0.838014,-1.49008,0.401572
5.14247e-06,3.59964e-05,0.39867,0.166413,-0.444584,0.614388,0.560943,-0.834484,-1.49139,0.396719
5.14205e-06,3.6036e-05,0.395854,0.175042,-0.45035,0.610339,0.566078,-0.830922,-1.49268,0.391861
5.14161e-06,3.60757e-05,0.392859,0.183592,-0.456076,0.606236,0.571191,-0.827328,-1.49396,0.387
5.14116e-06,3.61154e-05,0.389688,0.19206,-0.461762,0.602079,0.576283,-0.823703,-1.49522,0.382134
5.14071e-06,3.61551e-05,0.386343,0.200443,-0.467407,0.597869,0.581352,-0.820046,-1.49646,0.377265
5.14024e-06,3.61949e-05,0.382828,0.208736,-0.47301,0.593607,0.586399,-0.816358,-1.49769,0.372391
5.13976e-06,3.62348e-05,0.379143,0.216938,-0.478573,0.589292,0.591424,-0.812639,-1.4989,0.367513
5.13927e-06,3.62747e-05,0.375292,0.225044,-0.484093,0.584926,0.596426,-0.808888,-1.5001,0.362631
5.13877e-06,3.63146e-05,0.371278,0.233053,-0.489571,0.580508,0.601405,-0.805107,-1.50128,0.357746
5.13825e-06,3.63546e-05,0.367102,0.24096,-0.495005,0.576039,0.606361,-0.801294,-1.50244,0.352857
5.13772e-06,3.63947e-05,0.362767,0.248762,-0.500396,0.571519,0.611294,-0.797451,-1.50359,0.347964
5.13717e-06,3.64348e-05,0.358276,0.256458,-0.505744,0.56695,0.616204,-0.793577,-1.50472,0.343067
5.1366e-06,3.6475e-05,0.353632,0.264044,-0.511046,0.56233,0.621089,-0.789673,-1.50583,0.338166
5.13602e-06,3.65152e-05,0.348837,0.271518,-0.516304,0.557662,0.625951,-0.785739,-1.50693,0.333262
5.13542e-06,3.65554e-05,0.343894,0.278877,-0.521517,0.552944,0.630789,-0.781774,-1.50802,0.328355
5.13479e-06,3.65957e-05,0.338806,0.286117,-0.526684,0.548178,0.635603,-0.777779,-1.50908,0.323444
5.13415e-06,3.66361e-05,0.333576,0.293238,-0.531805,0.543364,0.640392,-0.773755,-1.51014,0.318529
5.13348e-06,3.66765e-05,0.328206,0.300236,-0.536879,0.538502,0.645157,-0.769701,-1.51117,0.313611
5.13279e-06,3.67169e-05,0.322699,0.307108,-0.541907,0.533594,0.649897,-0.765617,-1.51219,0.30869
5.13207e-06,3.67574e-05,0.317059,0.313854,-0.546887,0.528638,0.654612,-0.761504,-1.51319,0.303765
5.13133e-06,3.6798e-05,0.311287,0.320469,-0.551819,0.523637,0.659302,-0.757362,-1.51418,0.298837
5.13057e-06,3.68386e-05,0.305387,0.326953,-0.556703,0.518589,0.663967,-0.75319,-1.51515,0.293906
5.12977e-06,3.68792e-05,0.299363,0.333303,-0.561538,0.513497,0.668606,-0.74899,-1.5161,0.288972
5.12895e-06,3.69199e-05,0.293216,0.339517,-0.566324,0.508359,0.673219,-0.74476,-1.51704,0.284035
5.12811e-06,3.69606e-05,0.286949,0.345592,-0.571061,0.503177,0.677807,-0.740503,-1.51796,0.279094
5.12723e-06,3.70014e-05,0.280567,0.351528,-0.575748,0.497951,0.682368,-0.736216,-1.51887,0.274151
5.12632e-06,3.70423e-05,0.274071,0.357322,-0.580385,0.492682,0.686903,-0.731902,-1.51976,0.269205
5.12538e-06,3.70831e-05,0.267465,0.362972,-0.584971,0.48737,0.691412,-0.727559,-1.52063,0.264256
5.1244e-06,3.7124e-05,0.260752,0.368476,-0.589506,0.482015,0.695894,-0.723188,-1.52149,0.259304
5.1234e-06,3.7165e-05,0.253934,0.373834,-0.59399,0.476618,0.70035,-0.71879,-1.52233,0.254349
5.12236e-06,3.7206e-05,0.247016,0.379042,-0.598422,0.47118,0.704778,-0.714363,-1.52316,0.249392
5.12128e-06,3.72471e-05,0.239999,0.3841,-0.602801,0.465701,0.709179,-0.70991,-1.52396,0.244432
5.12017e-06,3.72882e-05,0.232887,0.389006,-0.607129,0.460181,0.713554,-0.705428,-1.52476,0.239469
5.11902e-06,3.73293e-05,0.225684,0.393759,-0.611403,0.454621,0.7179,-0.70092,-1.52553,0.234504
5.11784e-06,3.73705e-05,0.218392,0.398357,-0.615625,0.449022,0.722219,-0.696385,-1.52629,0.229537
5.11661e-06,3.74117e-05,0.211014,0.402798,-0.619792,0.443383,0.72651,-0.691823,-1.52704,0.224566
5.11535e-06,3.74529e-05,0.203553,0.407082,-0.623906,0.437706,0.730773,-0.687234,-1.52776,0.219594
5.11405e-06,3.74942e-05,0.196013,0.411207,-0.627966,0.431991,0.735008,-0.682619,-1.52847,0.214619
5.1127e-06,3.75356e-05,0.188397,0.415172,-0.631971,0.426239,0.739215,-0.677978,-1.52917,0.209642
5.11132e-06,3.7577e-05,0.180708,0.418976,-0.635921,0.420449,0.743393,-0.67331,-1.52985,0.204662
5.10989e-06,3.76184e-05,0.172948,0.422618,-0.639816,0.414623,0.747542,-0.668616,-1.53051,0.199681
5.10841e-06,3.76598e-05,0.165122,0.426096,-0.643656,0.408761,0.751663,-0.663897,-1.53115,0.194697
5.1069e-06,3.77013e-05,0.157232,0.429409,-0.647439,0.402863,0.755755,-0.659152,-1.53178,0.189711
5.10533e-06,3.77429e-05,0.149282,0.432558,-0.651166,0.39693,0.759817,-0.654382,-1.53239,0.184724
5.10373e-06,3.77845e-05,0.141274,0.43554,-0.654837,0.390963,0.76385,-0.649586,-1.53299,0.179734
5.10207e-06,3.78261e-05,0.133212,0.438355,-0.658451,0.384962,0.767854,-0.644765,-1.53357,0.174742
5.10037e-06,3.78677e-05,0.125099,0.441003,-0.662008,0.378928,0.771828,-0.63992,-1.53413,0.169748
5.09862e-06,3.79094e-05,0.116938,0.443482,-0.665507,0.372861,0.775773,-0.63505,-1.53468,0.164753
5.09682e-06,3.79511e-05,0.108732,0.445791,-0.668949,0.366761,0.779687,-0.630155,-1.53521,0.159756
5.09497e-06,3.79928e-05,0.100486,0.447931,-0.672333,0.36063,0.783571,-0.625236,-1.53573,0.154757
5.09307e-06,3.80346e-05,0.0922003,0.4499,-0.675658,0.354468,0.787425,-0.620292,-1.53623,0.149757
5.09111e-06,3.80764e-05,0.0838801,0.451698,-0.678925,0.348274,0.791249,-0.615325,-1.53671,0.144755
5.08911e-06,3.81183e-05,0.0755279,0.453324,-0.682134,0.342051,0.795042,-0.610334,-1.53717,0.139751
5.08705e-06,3.81601e-05,0.0671472,0.454778,-0.685283,0.335798,0.798804,-0.60532,-1.53762,0.134746
5.08494e-06,3.8202e-05,0.0587409,0.45606,-0.688373,0.329516,0.802536,-0.600282,-1.53805,0.129739
5.08278e-06,3.8244e-05,0.0503124,0.457169,-0.691403,0.323205,0.806236,-0.595221,-1.53847,0.124731
5.08056e-06,3.82859e-05,0.0418648,0.458105,-0.694373,0.316866,0.809906,-0.590136,-1.53887,0.119722
5.07828e-06,3.83279e-05,0.0334014,0.458868,-0.697283,0.3105,0.813544,-0.58503,-1.53925,0.114711
5.07595e-06,3.83699e-05,0.0249254,0.459457,-0.700133,0.304107,0.81715,-0.5799,-1.53962,0.1097
5.07356e-06,3.8412e-05,0.0164399,0.459872,-0.702922,0.297688,0.820725,-0.574748,-1.53997,0.104687
5.07111e-06,3.8454e-05,0.00794822,0.460113,-0.705651,0.291243,0.824269,-0.569574,-1.54031,0.0996727
5.06861e-06,3.84961e-05,-0.000546464,0.46018,-0.708318,0.284773,0.82778,-0.564378,-1.54062,0.0946576
5.06604e-06,3.85382e-05,-0.00904094,0.460074,-0.710924,0.278278,0.831259,-0.559159,-1.54092,0.0896414
5.06342e-06,3.85804e-05,-0.017532,0.459793,-0.713469,0.271759,0.834707,-0.55392,-1.54121,0.0846244
5.06073e-06,3.86225e-05,-0.0260164,0.459339,-0.715952,0.265217,0.838122,-0.548659,-1.54148,0.0796064
5.05799e-06,3.86647e-05,-0.034491,0.45871,-0.718373,0.258652,0.841504,-0.543376,-1.54173,0.0745875
5.05518e-06,3.87069e-05,-0.0429525,0.457908,-0.720732,0.252064,0.844854,-0.538073,-1.54196,0.0695679
5.05231e-06,3.87491e-05,-0.0513978,0.456933,-0.723029,0.245455,0.848171,-0.532749,-1.54218,0.0645475
5.04938e-06,3.87914e-05,-0.0598236,0.455785,-0.725263,0.238824,0.851456,-0.527404,-1.54239,0.0595265
5.04638e-06,3.88336e-05,-0.0682266,0.454463,-0.727434,0.232173,0.854707,-0.522039,-1.54257,0.0545048
5.04332e-06,3.88759e-05,-0.0766038,0.45297,-0.729543,0.225501,0.857925,-0.516653,-1.54274,0.0494825
5.0402e-06,3.89182e-05,-0.0849519,0.451304,-0.731588,0.21881,0.861111,-0.511248,-1.5429,0.0444597
5.03701e-06,3.89605e-05,-0.0932677,0.449466,-0.73357,0.212101,0.864262,-0.505822,-1.54303,0.0394364
5.03375e-06,3.90028e-05,-0.101548,0.447457,-0.735489,0.205373,0.867381,-0.500378,-1.54315,0.0344127
5.03043e-06,3.90452e-05,-0.109789,0.445278,-0.737344,0.198627,0.870465,-0.494913,-1.54326,0.0293886
5.02704e-06,3.90875e-05,-0.117989,0.442929,-0.739136,0.191864,0.873516,-0.48943,-1.54334,0.0243643
5.02359e-06,3.91299e-05,-0.126144,0.44041,-0.740864,0.185084,0.876534,-0.483928,-1.54341,0.0193396
5.02006e-06,3.91723e-05,-0.13425,0.437723,-0.742527,0.178289,0.879517,-0.478406,-1.54347,0.0143148
5.01647e-06,3.92146e-05,-0.142304,0.434868,-0.744127,0.171478,0.882466,-0.472867,-1.54351,0.00928979
5.01281e-06,3.9257e-05,-0.150304,0.431845,-0.745662,0.164652,0.885381,-0.467309,-1.54353,0.0042647
5.00907e-06,3.92994e-05,-0.158246,0.428657,-0.747133,0.157812,0.888261,-0.461733,-1.54353,-0.000760442
5.00527e-06,3.93418e-05,-0.166127,0.425303,-0.748539,0.150958,0.891108,-0.456139,-1.54352,-0.00578557
5.0014e-06,3.93842e-05,-0.173944,0.421784,-0.74988,0.144091,0.893919,-0.450527,-1.54349,-0.0108106
4.99746e-06,3.94267e-05,-0.181694,0.418103,-0.751157,0.137212,0.896696,-0.444898,-1.54345,-0.0158356
4.99344e-06,3.94691e-05,-0.189372,0.414258,-0.752369,0.130321,0.899438,-0.439251,-1.54339,-0.0208604
4.98936e-06,3.95115e-05,-0.196977,0.410253,-0.753515,0.123419,0.902146,-0.433588,-1.54331,-0.0258849
4.9852e-06,3.95539e-05,-0.204506,0.406087,-0.754597,0.116506,0.904818,-0.427908,-1.54322,-0.0309092
4.98097e-06,3.95964e-05,-0.211954,0.401763,-0.755613,0.109583,0.907455,-0.422211,-1.54311,-0.0359332
4.97666e-06,3.96388e-05,-0.219319,0.39728,-0.756564,0.102651,0.910057,-0.416497,-1.54298,-0.0409568
4.97228e-06,3.96812e-05,-0.226597,0.392642,-0.757449,0.0957093,0.912624,-0.410768,-1.54284,-0.0459799
4.96783e-06,3.97236e-05,-0.233787,0.387848,-0.758269,0.0887597,0.915155,-0.405023,-1.54268,-0.0510025
4.9633e-06,3.97661e-05,-0.240883,0.382901,-0.759024,0.0818024,0.917651,-0.399262,-1.5425,-0.0560246
4.9587e-06,3.98085e-05,-0.247884,0.377802,-0.759713,0.074838,0.920111,-0.393485,-1.54231,-0.0610461
4.95402e-06,3.98509e-05,-0.254787,0.372553,-0.760336,0.0678672,0.922536,-0.387693,-1.5421,-0.066067
4.94927e-06,3.98933e-05,-0.261587,0.367154,-0.760893,0.0608904,0.924924,-0.381886,-1.54187,-0.0710871
4.94444e-06,3.99357e-05,-0.268283,0.361609,-0.761385,0.0539085,0.927277,-0.376065,-1.54163,-0.0761065
4.93954e-06,3.99781e-05,-0.27487,0.355918,-0.76181,0.0469218,0.929594,-0.370228,-1.54137,-0.0811251
4.93455e-06,4.00205e-05,-0.281347,0.350083,-0.76217,0.0399312,0.931874,-0.364378,-1.5411,-0.0861428
4.92949e-06,4.00628e-05,-0.287709,0.344106,-0.762463,0.032937,0.934119,-0.358513,-1.54081,-0.0911596
4.92436e-06,4.01052e-05,-0.293955,0.337989,-0.762691,0.02594,0.936327,-0.352634,-1.5405,-0.0961754
4.91914e-06,4.01475e-05,-0.30008,0.331735,-0.762853,0.0189408,0.938499,-0.346741,-1.54018,-0.10119
4.91385e-06,4.01899e-05,-0.306082,0.325344,-0.762948,0.0119399,0.940634,-0.340836,-1.53984,-0.106204
4.90848e-06,4.02322e-05,-0.311959,0.318819,-0.762978,0.00493801,0.942733,-0.334916,-1.53948,-0.111216
4.90303e-06,4.02745e-05,-0.317706,0.312163,-0.762941,-0.00206432,0.944796,-0.328984,-1.53911,-0.116228
4.89751e-06,4.03167e-05,-0.323322,0.305377,-0.762838,-0.00906646,0.946821,-0.323039,-1.53872,-0.121238
4.8919e-06,4.0359e-05,-0.328802,0.298464,-0.762669,-0.0160678,0.94881,-0.317082,-1.53831,-0.126247
4.88621e-06,4.04012e-05,-0.334146,0.291425,-0.762434,-0.0230678,0.950762,-0.311112,-1.53789,-0.131254
4.88045e-06,4.04435e-05,-0.339348,0.284265,-0.762133,-0.0300657,0.952677,-0.30513,-1.53745,-0.13626
4.8746e-06,4.04857e-05,-0.344407,0.276984,-0.761766,-0.0370611,0.954555,-0.299136,-1.53699,-0.141265
4.86868e-06,4.05278e-05,-0.34932,0.269586,-0.761333,-0.0440532,0.956396,-0.293131,-1.53652,-0.146268
4.86268e-06,4.057e-05,-0.354085,0.262072,-0.760833,-0.0510415,0.9582,-0.287114,-1.53603,-0.15127
4.85659e-06,4.06121e-05,-0.358697,0.254447,-0.760268,-0.0580254,0.959966,-0.281086,-1.53553,-0.15627
4.85043e-06,4.06542e-05,-0.363155,0.246712,-0.759637,-0.0650042,0.961695,-0.275047,-1.53501,-0.161268
4.84418e-06,4.06963e-05,-0.367456,0.23887,-0.758939,-0.0719774,0.963387,-0.268998,-1.53447,-0.166265
4.83785e-06,4.07383e-05,-0.371598,0.230925,-0.758176,-0.0789443,0.965041,-0.262938,-1.53392,-0.171259
4.83145e-06,4.07803e-05,-0.375577,0.222879,-0.757347,-0.0859044,0.966658,-0.256867,-1.53335,-0.176252
4.82496e-06,4.08223e-05,-0.379391,0.214734,-0.756452,-0.0928569,0.968238,-0.250787,-1.53276,-0.181244
4.81839e-06,4.08642e-05,-0.383037,0.206496,-0.755491,-0.0998015,0.969779,-0.244697,-1.53216,-0.186233
4.81174e-06,4.09061e-05,-0.386514,0.198165,-0.754465,-0.106737,0.971283,-0.238598,-1.53154,-0.19122
4.80501e-06,4.0948e-05,-0.389819,0.189746,-0.753373,-0.113664,0.972749,-0.232489,-1.5309,-0.196205
4.7982e-06,4.09898e-05,-0.392948,0.181243,-0.752216,-0.120581,0.974178,-0.226371,-1.53025,-0.201188
4.79131e-06,4.10316e-05,-0.395901,0.172657,-0.750993,-0.127487,0.975568,-0.220245,-1.52958,-0.206169
4.78433e-06,4.10734e-05,-0.398674,0.163993,-0.749704,-0.134382,0.976921,-0.214109,-1.5289,-0.211148
4.77728e-06,4.11151e-05,-0.401266,0.155255,-0.748351,-0.141265,0.978235,-0.207966,-1.5282,-0.216124
4.77014e-06,4.11567e-05,-0.403674,0.146446,-0.746932,-0.148136,0.979512,-0.201814,-1.52748,-0.221098
4.76292e-06,4.11983e-05,-0.405896,0.137569,-0.745448,-0.154994,0.980751,-0.195655,-1.52675,-0.22607
4.75563e-06,4.12399e-05,-0.40793,0.128628,-0.743899,-0.161839,0.981951,-0.189488,-1.526,-0.231039
4.74825e-06,4.12814e-05,-0.409773,0.119627,-0.742285,-0.168669,0.983113,-0.183313,-1.52523,-0.236006
4.74079e-06,4.13229e-05,-0.411425,0.110571,-0.740607,-0.175485,0.984237,-0.177132,-1.52445,-0.240971
4.73325e-06,4.13643e-05,-0.412883,0.101462,-0.738864,-0.182286,0.985323,-0.170943,-1.52365,-0.245932
4.72563e-06,4.14057e-05,-0.414146,0.0923057,-0.737056,-0.18907,0.98637,-0.164748,-1.52283,-0.250892
4.71792e-06,4.1447e-05,-0.415211,0.083105,-0.735184,-0.195838,0.987379,-0.158547,-1.522,-0.255848
4.71014e-06,4.14883e-05,-0.416077,0.0738646,-0.733248,-0.202589,0.988349,-0.152339,-1.52116,-0.260802
4.70228e-06,4.15295e-05,-0.416742,0.0645885,-0.731247,-0.209322,0.989282,-0.146126,-1.52029,-0.265753
4.69434e-06,4.15707e-05,-0.417206,0.0552812,-0.729183,-0.216037,0.990175,-0.139906,-1.51941,-0.270701
4.68632e-06,4.16118e-05,-0.417465,0.0459469,-0.727055,-0.222733,0.99103,-0.133682,-1.51852,-0.275646
4.67822e-06,4.16528e-05,-0.41752,0.0365901,-0.724863,-0.22941,0.991847,-0.127452,-1.5176,-0.280589
4.67004e-06,4.16938e-05,-0.417369,0.0272152,-0.722608,-0.236066,0.992625,-0.121217,-1.51668,-0.285528
4.66179e-06,4.17347e-05,-0.417011,0.0178269,-0.72029,-0.242702,0.993365,-0.114977,-1.51573,-0.290464
4.65345e-06,4.17755e-05,-0.416445,0.0084297,-0.717908,-0.249316,0.994065,-0.108733,-1.51477,-0.295397
4.64504e-06,4.18163e-05,-0.415669,-0.000971725,-0.715464,-0.255909,0.994727,-0.102485,-1.51379,-0.300327
4.63655e-06,4.1857e-05,-0.414684,-0.0103726,-0.712957,-0.262479,0.995351,-0.0962327,-1.5128,-0.305254
4.62798e-06,4.18976e-05,-0.413488,-0.0197683,-0.710387,-0.269026,0.995936,-0.0899766,-1.51179,-0.310178
4.61934e-06,4.19382e-05,-0.41208,-0.0291538,-0.707755,-0.27555,0.996482,-0.0837171,-1.51077,-0.315098
4.61062e-06,4.19787e-05,-0.41046,-0.0385243,-0.70506,-0.282049,0.996989,-0.0774543,-1.50972,-0.320015
4.60183e-06,4.20191e-05,-0.408629,-0.0478748,-0.702304,-0.288524,0.997457,-0.0711885,-1.50867,-0.324928
4.59296e-06,4.20595e-05,-0.406585,-0.0572004,-0.699486,-0.294973,0.997887,-0.06492,-1.50759,-0.329838
4.58401e-06,4.20997e-05,-0.404328,-0.0664961,-0.696607,-0.301396,0.998278,-0.0586489,-1.5065,-0.334745
4.57499e-06,4.21399e-05,-0.401858,-0.0757568,-0.693666,-0.307793,0.99863,-0.0523755,-1.5054,-0.339648
4.5659e-06,4.218e-05,-0.399176,-0.0849774,-0.690665,-0.314163,0.998943,-0.0461001,-1.50428,-0.344547
4.55674e-06,4.222e-05,-0.396281,-0.0941527,-0.687602,-0.320505,0.999217,-0.0398229,-1.50314,-0.349443
4.5475e-06,4.226e-05,-0.393175,-0.103278,-0.684479,-0.326818,0.999453,-0.0335441,-1.50198,-0.354334
4.53819e-06,4.22998e-05,-0.389856,-0.112347,-0.681295,-0.333103,0.999649,-0.0272641,-1.50081,-0.359222
4.52882e-06,4.23396e-05,-0.386327,-0.121356,-0.678052,-0.339359,0.999807,-0.0209829,-1.49963,-0.364107
4.51937e-06,4.23793e-05,-0.382588,-0.130298,-0.674748,-0.345584,0.999926,-0.014701,-1.49843,-0.368987
4.50985e-06,4.24189e-05,-0.378639,-0.139169,-0.671385,-0.351779,1.00001,-0.00841846,-1.49721,-0.373863
4.50027e-06,4.24584e-05,-0.374483,-0.147964,-0.667963,-0.357943,1.00005,-0.00213561,-1.49597,-0.378736
4.49062e-06,4.24978e-05,-0.370119,-0.156677,-0.664482,-0.364076,1.00005,0.00414733,-1.49472,-0.383604
4.4809e-06,4.25371e-05,-0.36555,-0.165303,-0.660942,-0.370176,1.00001,0.0104301,-1.49346,-0.388469
4.47112e-06,4.25764e-05,-0.360776,-0.173836,-0.657343,-0.376243,0.999937,0.0167125,-1.49218,-0.393329
4.46127e-06,4.26155e-05,-0.3558,-0.182272,-0.653686,-0.382277,0.999822,0.0229942,-1.49088,-0.398185
4.45136e-06,4.26545e-05,-0.350624,-0.190605,-0.649972,-0.388277,0.999669,0.029275,-1.48956,-0.403036
4.44139e-06,4.26934e-05,-0.345248,-0.19883,-0.646199,-0.394243,0.999477,0.0355547,-1.48823,-0.407884
4.43135e-06,4.27322e-05,-0.339676,-0.206942,-0.64237,-0.400174,0.999246,0.041833,-1.48689,-0.412727
4.42126e-06,4.2771e-05,-0.33391,-0.214935,-0.638483,-0.406069,0.998976,0.0481097,-1.48553,-0.417565
4.4111e-06,4.28096e-05,-0.327952,-0.222805,-0.63454,-0.411929,0.998667,0.0543845,-1.48415,-0.4224
4.40089e-06,4.28481e-05,-0.321804,-0.230546,-0.63054,-0.417751,0.998319,0.0606572,-1.48276,-0.427229
4.39062e-06,4.28865e-05,-0.31547,-0.238153,-0.626485,-0.423537,0.997933,0.0669276,-1.48135,-0.432054
4.3803e-06,4.29248e-05,-0.308952,-0.245622,-0.622373,-0.429285,0.997508,0.0731953,-1.47992,-0.436875
4.36992e-06,4.2963e-05,-0.302253,-0.252947,-0.618206,-0.434994,0.997044,0.0794602,-1.47848,-0.441691
4.35949e-06,4.3001e-05,-0.295377,-0.260123,-0.613985,-0.440665,0.996541,0.0857221,-1.47703,-0.446502
4.34901e-06,4.3039e-05,-0.288327,-0.267146,-0.609708,-0.446297,0.995999,0.0919805,-1.47555,-0.451308
4.33848e-06,4.30769e-05,-0.281106,-0.274012,-0.605377,-0.451889,0.995419,0.0982355,-1.47407,-0.45611
4.3279e-06,4.31146e-05,-0.273718,-0.280714,-0.600992,-0.45744,0.9948,0.104487,-1.47256,-0.460906
4.31727e-06,4.31522e-05,-0.266168,-0.287249,-0.596554,-0.462951,0.994143,0.110734,-1.47104,-0.465698
4.3066e-06,4.31897e-05,-0.258458,-0.293612,-0.592062,-0.46842,0.993447,0.116976,-1.46951,-0.470485
4.29588e-06,4.32271e-05,-0.250593,-0.2998,-0.587517,-0.473848,0.992712,0.123215,-1.46796,-0.475266
4.28512e-06,4.32643e-05,-0.242578,-0.305807,-0.58292,-0.479233,0.991939,0.129448,-1.46639,-0.480043
4.27431e-06,4.33014e-05,-0.234416,-0.311629,-0.57827,-0.484575,0.991127,0.135676,-1.46481,-0.484815
4.26347e-06,4.33384e-05,-0.226112,-0.317263,-0.573569,-0.489874,0.990276,0.141899,-1.46321,-0.489581
4.25259e-06,4.33753e-05,-0.217671,-0.322704,-0.568817,-0.495129,0.989387,0.148117,-1.4616,-0.494342
4.24168e-06,4.34121e-05,-0.209098,-0.327949,-0.564013,-0.50034,0.98846,0.154329,-1.45997,-0.499098
4.23072e-06,4.34487e-05,-0.200397,-0.332994,-0.559159,-0.505505,0.987494,0.160535,-1.45832,-0.503848
4.21974e-06,4.34852e-05,-0.191574,-0.337836,-0.554254,-0.510625,0.98649,0.166734,-1.45666,-0.508594
4.20873e-06,4.35216e-05,-0.182634,-0.342472,-0.5493,-0.5157,0.985448,0.172927,-1.45499,-0.513333
4.19768e-06,4.35578e-05,-0.173582,-0.346897,-0.544296,-0.520728,0.984367,0.179114,-1.4533,-0.518067
4.18661e-06,4.3594e-05,-0.164423,-0.351109,-0.539244,-0.525709,0.983248,0.185293,-1.45159,-0.522796
4.17551e-06,4.36299e-05,-0.155163,-0.355105,-0.534143,-0.530643,0.982091,0.191466,-1.44987,-0.527519
4.16439e-06,4.36658e-05,-0.145808,-0.358883,-0.528993,-0.535529,0.980896,0.197631,-1.44813,-0.532237
4.15324e-06,4.37015e-05,-0.136362,-0.362439,-0.523796,-0.540366,0.979663,0.203788,-1.44638,-0.536948
4.14208e-06,4.37371e-05,-0.126833,-0.365772,-0.518552,-0.545155,0.978392,0.209937,-1.44461,-0.541654
4.13089e-06,4.37725e-05,-0.117225,-0.368879,-0.513261,-0.549895,0.977082,0.216078,-1.44282,-0.546355
4.11969e-06,4.38078e-05,-0.107545,-0.371758,-0.507924,-0.554585,0.975735,0.222211,-1.44102,-0.551049
4.10848e-06,4.3843e-05,-0.0977987,-0.374407,-0.502541,-0.559225,0.97435,0.228335,-1.43921,-0.555738
4.09725e-06,4.3878e-05,-0.0879917,-0.376825,-0.497112,-0.563814,0.972927,0.23445,-1.43738,-0.56042
4.08601e-06,4.39129e-05,-0.0781303,-0.37901,-0.491638,-0.568353,0.971467,0.240556,-1.43553,-0.565097
4.07477e-06,4.39477e-05,-0.0682205,-0.38096,-0.48612,-0.572839,0.969968,0.246653,-1.43367,-0.569767
4.06351e-06,4.39823e-05,-0.0582687,-0.382676,-0.480557,-0.577274,0.968432,0.25274,-1.43179,-0.574432
4.05226e-06,4.40168e-05,-0.0482808,-0.384154,-0.474951,-0.581657,0.966859,0.258818,-1.4299,-0.57909
4.041e-06,4.40511e-05,-0.0382631,-0.385396,-0.469302,-0.585986,0.965248,0.264885,-1.428,-0.583742
4.02973e-06,4.40853e-05,-0.0282219,-0.3864,-0.463611,-0.590263,0.963599,0.270942,-1.42607,-0.588388
4.01847e-06,4.41194e-05,-0.0181632,-0.387166,-0.457877,-0.594486,0.961913,0.276989,-1.42414,-0.593028
4.00722e-06,4.41533e-05,-0.00809339,-0.387693,-0.452101,-0.598654,0.96019,0.283025,-1.42218,-0.597661
3.99596e-06,4.41871e-05,0.00198142,-0.387983,-0.446285,-0.602768,0.95843,0.28905,-1.42022,-0.602288
3.98472e-06,4.42207e-05,0.012055,-0.388034,-0.440427,-0.606828,0.956632,0.295064,-1.41823,-0.606908
3.97349e-06,4.42542e-05,0.0221212,-0.387848,-0.43453,-0.610832,0.954798,0.301066,-1.41623,-0.611522
3.96226e-06,4.42875e-05,0.0321739,-0.387424,-0.428592,-0.61478,0.952926,0.307057,-1.41422,-0.61613
3.95105e-06,4.43207e-05,0.042207,-0.386764,-0.422616,-0.618672,0.951017,0.313035,-1.41219,-0.620731
3.93986e-06,4.43538e-05,0.0522143,-0.385868,-0.416601,-0.622507,0.949072,0.319002,-1.41015,-0.625325
3.92868e-06,4.43867e-05,0.06219,-0.384738,-0.410548,-0.626285,0.94709,0.324956,-1.40809,-0.629912
3.91752e-06,4.44195e-05,0.072128,-0.383375,-0.404457,-0.630007,0.945071,0.330898,-1.40602,-0.634493
3.90639e-06,4.44521e-05,0.0820224,-0.381781,-0.39833,-0.63367,0.943015,0.336827,-1.40393,-0.639067
3.89528e-06,4.44846e-05,0.0918673,-0.379956,-0.392165,-0.637275,0.940923,0.342742,-1.40183,-0.643634
3.88419e-06,4.45169e-05,0.101657,-0.377903,-0.385965,-0.640822,0.938795,0.348645,-1.39971,-0.648195
3.87313e-06,4.45491e-05,0.111386,-0.375623,-0.37973,-0.64431,0.93663,0.354534,-1.39757,-0.652748
3.86211e-06,4.45812e-05,0.121048,-0.373119,-0.373459,-0.647739,0.934429,0.360409,-1.39542,-0.657295
3.85111e-06,4.46131e-05,0.130639,-0.370394,-0.367154,-0.651108,0.932191,0.36627,-1.39326,-0.661834
3.84015e-06,4.46448e-05,0.140152,-0.367448,-0.360816,-0.654418,0.929918,0.372117,-1.39108,-0.666366
3.82922e-06,4.46765e-05,0.149582,-0.364286,-0.354444,-0.657667,0.927608,0.37795,-1.38889,-0.670891
3.81833e-06,4.47079e-05,0.158924,-0.360909,-0.348039,-0.660855,0.925263,0.383768,-1.38668,-0.675409
3.80748e-06,4.47393e-05,0.168173,-0.35732,-0.341602,-0.663983,0.922882,0.389572,-1.38446,-0.67992
3.79667e-06,4.47705e-05,0.177324,-0.353523,-0.335134,-0.667049,0.920465,0.39536,-1.38222,-0.684424
3.78591e-06,4.48015e-05,0.186372,-0.349521,-0.328635,-0.670053,0.918013,0.401133,-1.37997,-0.68892
3.77519e-06,4.48325e-05,0.195311,-0.345316,-0.322106,-0.672996,0.915525,0.40689,-1.3777,-0.693409
3.76452e-06,4.48632e-05,0.204139,-0.340912,-0.315546,-0.675876,0.913001,0.412632,-1.37542,-0.69789
3.7539e-06,4.48939e-05,0.212849,-0.336312,-0.308958,-0.678694,0.910443,0.418357,-1.37312,-0.702364
3.74332e-06,4.49244e-05,0.221438,-0.331521,-0.30234,-0.681449,0.907849,0.424067,-1.37081,-0.70683
3.73281e-06,4.49547e-05,0.2299,-0.326541,-0.295695,-0.68414,0.90522,0.42976,-1.36848,-0.711289
3.72234e-06,4.4985e-05,0.238233,-0.321376,-0.289022,-0.686768,0.902556,0.435436,-1.36614,-0.715741
3.71194e-06,4.5015e-05,0.246432,-0.31603,-0.282323,-0.689333,0.899857,0.441096,-1.36379,-0.720184
3.70159e-06,4.5045e-05,0.254492,-0.310507,-0.275597,-0.691833,0.897123,0.446739,-1.36142,-0.72462
3.6913e-06,4.50748e-05,0.262411,-0.304811,-0.268846,-0.694269,0.894355,0.452364,-1.35903,-0.729048
3.68107e-06,4.51045e-05,0.270184,-0.298946,-0.262069,-0.69664,0.891552,0.457972,-1.35664,-0.733469
3.67091e-06,4.5134e-05,0.277809,-0.292917,-0.255268,-0.698946,0.888715,0.463562,-1.35422,-0.737881
3.66081e-06,4.51634e-05,0.285281,-0.286726,-0.248444,-0.701187,0.885843,0.469134,-1.35179,-0.742286
3.65078e-06,4.51927e-05,0.292597,-0.280379,-0.241596,-0.703363,0.882937,0.474689,-1.34935,-0.746683
3.64082e-06,4.52218e-05,0.299754,-0.27388,-0.234725,-0.705473,0.879997,0.480224,-1.3469,-0.751071
3.63093e-06,4.52508e-05,0.30675,-0.267233,-0.227833,-0.707517,0.877023,0.485742,-1.34442,-0.755452
3.62111e-06,4.52797e-05,0.313581,-0.260442,-0.220919,-0.709494,0.874016,0.49124,-1.34194,-0.759825
3.61137e-06,4.53084e-05,0.320244,-0.253513,-0.213985,-0.711406,0.870974,0.49672,-1.33944,-0.764189
3.6017e-06,4.5337e-05,0.326738,-0.246448,-0.20703,-0.71325,0.867899,0.50218,-1.33692,-0.768545
3.59211e-06,4.53655e-05,0.333059,-0.239254,-0.200056,-0.715028,0.86479,0.507621,-1.3344,-0.772893
3.5826e-06,4.53938e-05,0.339205,-0.231934,-0.193064,-0.716739,0.861648,0.513043,-1.33185,-0.777233
3.57316e-06,4.5422e-05,0.345174,-0.224493,-0.186053,-0.718382,0.858473,0.518444,-1.3293,-0.781565
3.56381e-06,4.54501e-05,0.350964,-0.216936,-0.179025,-0.719958,0.855265,0.523826,-1.32672,-0.785888
3.55455e-06,4.54781e-05,0.356573,-0.209266,-0.17198,-0.721466,0.852024,0.529188,-1.32414,-0.790202
3.54536e-06,4.55059e-05,0.362,-0.201489,-0.164918,-0.722906,0.848749,0.534529,-1.32154,-0.794509
3.53627e-06,4.55337e-05,0.367241,-0.19361,-0.157841,-0.724277,0.845443,0.539849,-1.31893,-0.798807
3.52726e-06,4.55612e-05,0.372297,-0.185632,-0.15075,-0.725581,0.842103,0.545149,-1.3163,-0.803096
3.51834e-06,4.55887e-05,0.377165,-0.177561,-0.143644,-0.726816,0.838731,0.550427,-1.31366,-0.807376
3.50951e-06,4.56161e-05,0.381843,-0.169401,-0.136524,-0.727983,0.835327,0.555685,-1.311,-0.811648
3.50077e-06,4.56433e-05,0.386332,-0.161156,-0.129392,-0.72908,0.831891,0.560921,-1.30833,-0.815912
3.49213e-06,4.56704e-05,0.390629,-0.152831,-0.122247,-0.730109,0.828422,0.566135,-1.30565,-0.820166
3.48358e-06,4.56974e-05,0.394735,-0.144432,-0.115091,-0.731068,0.824922,0.571328,-1.30295,-0.824412
3.47513e-06,4.57242e-05,0.398646,-0.135961,-0.107923,-0.731958,0.82139,0.576499,-1.30023,-0.828649
3.46678e-06,4.5751e-05,0.402364,-0.127424,-0.100746,-0.732779,0.817826,0.581647,-1.29751,-0.832877
3.45852e-06,4.57776e-05,0.405888,-0.118826,-0.0935589,-0.73353,0.814231,0.586773,-1.29477,-0.837096
3.45036e-06,4.58041e-05,0.409216,-0.110171,-0.086363,-0.734212,0.810604,0.591877,-1.29202,-0.841306
3.44231e-06,4.58306e-05,0.412348,-0.101462,-0.0791589,-0.734823,0.806947,0.596958,-1.28925,-0.845508
3.43436e-06,4.58568e-05,0.415284,-0.092706,-0.0719473,-0.735365,0.803258,0.602015,-1.28647,-0.8497
3.42651e-06,4.5883e-05,0.418024,-0.0839057,-0.0647288,-0.735837,0.799538,0.60705,-1.28367,-0.853883
3.41877e-06,4.59091e-05,0.420568,-0.075066,-0.0575042,-0.736239,0.795788,0.612061,-1.28086,-0.858057
3.41114e-06,4.59351e-05,0.422915,-0.0661911,-0.0502741,-0.73657,0.792007,0.617049,-1.27804,-0.862221
3.40361e-06,4.59609e-05,0.425065,-0.0572854,-0.0430391,-0.736831,0.788195,0.622013,-1.2752,-0.866377
3.39619e-06,4.59867e-05,0.427019,-0.0483533,-0.0358001,-0.737022,0.784354,0.626953,-1.27235,-0.870523
3.38889e-06,4.60123e-05,0.428777,-0.0393989,-0.0285576,-0.737142,0.780482,0.631869,-1.26949,-0.87466
3.38169e-06,4.60378e-05,0.430339,-0.0304265,-0.0213124,-0.737192,0.77658,0.636761,-1.26661,-0.878788
3.37461e-06,4.60632e-05,0.431705,-0.0214402,-0.0140652,-0.737171,0.772648,0.641629,-1.26372,-0.882906
3.36764e-06,4.60886e-05,0.432876,-0.0124443,-0.00681659,-0.737079,0.768687,0.646471,-1.26082,-0.887014
3.36079e-06,4.61138e-05,0.433852,-0.00344267,0.000432647,-0.736917,0.764696,0.651289,-1.2579,-0.891114
3.35405e-06,4.61389e-05,0.434635,0.00556049,0.00768185,-0.736684,0.760676,0.656082,-1.25497,-0.895203
3.34743e-06,4.61639e-05,0.435224,0.0145612,0.0149303,-0.73638,0.756627,0.66085,-1.25203,-0.899283
3.34093e-06,4.61888e-05,0.43562,0.0235555,0.0221773,-0.736006,0.752548,0.665592,-1.24907,-0.903354
3.33454e-06,4.62137e-05,0.435824,0.0325394,0.0294222,-0.735561,0.748441,0.670309,-1.2461,-0.907414
3.32828e-06,4.62384e-05,0.435838,0.0415091,0.0366643,-0.735044,0.744305,0.675,-1.24311,-0.911465
3.32214e-06,4.6263e-05,0.435661,0.0504607,0.0439028,-0.734458,0.74014,0.679665,-1.24011,-0.915507
3.31612e-06,4.62876e-05,0.435296,0.0593905,0.0511371,-0.7338,0.735947,0.684304,-1.2371,-0.919538
3.31023e-06,4.6312e-05,0.434743,0.0682946,0.0583665,-0.733071,0.731726,0.688917,-1.23408,-0.92356
3.30446e-06,4.63363e-05,0.434002,0.0771694,0.0655902,-0.732272,0.727477,0.693504,-1.23104,-0.927572
3.29882e-06,4.63606e-05,0.433077,0.0860113,0.0728076,-0.731402,0.7232,0.698064,-1.22799,-0.931573
3.2933e-06,4.63848e-05,0.431967,0.0948165,0.080018,-0.730461,0.718895,0.702597,-1.22492,-0.935565
3.28791e-06,4.64088e-05,0.430674,0.103582,0.0872206,-0.729449,0.714563,0.707103,-1.22185,-0.939547
3.28265e-06,4.64328e-05,0.4292,0.112303,0.0944147,-0.728367,0.710203,0.711582,-1.21876,-0.943519
3.27752e-06,4.64567e-05,0.427545,0.120977,0.1016,-0.727214,0.705816,0.716034,-1.21565,-0.94748
3.27252e-06,4.64806e-05,0.425712,0.129601,0.108775,-0.725991,0.701403,0.720459,-1.21254,-0.951432
3.26765e-06,4.65043e-05,0.423701,0.138171,0.115939,-0.724697,0.696962,0.724856,-1.20941,-0.955373
3.26292e-06,4.6528e-05,0.421516,0.146684,0.123093,-0.723333,0.692495,0.729225,-1.20627,-0.959304
3.25831e-06,4.65515e-05,0.419156,0.155136,0.130234,-0.721899,0.688001,0.733567,-1.20311,-0.963225
3.25385e-06,4.6575e-05,0.416623,0.163524,0.137363,-0.720394,0.683481,0.73788,-1.19994,-0.967135
3.24951e-06,4.65984e-05,0.413921,0.171846,0.144478,-0.718819,0.678934,0.742165,-1.19676,-0.971035
3.24532e-06,4.66218e-05,0.411049,0.180097,0.151579,-0.717174,0.674362,0.746422,-1.19357,-0.974925
3.24126e-06,4.6645e-05,0.408011,0.188276,0.158666,-0.71546,0.669764,0.75065,-1.19036,-0.978804
3.23734e-06,4.66682e-05,0.404807,0.196378,0.165737,-0.713675,0.66514,0.75485,-1.18714,-0.982673
3.23356e-06,4.66913e-05,0.40144,0.204401,0.172792,-0.711821,0.660491,0.75902,-1.18391,-0.986531
3.22992e-06,4.67143e-05,0.397912,0.212342,0.17983,-0.709897,0.655817,0.763162,-1.18066,-0.990378
3.22641e-06,4.67373e-05,0.394224,0.220197,0.18685,-0.707904,0.651118,0.767275,-1.17741,-0.994215
3.22305e-06,4.67602e-05,0.390379,0.227965,0.193852,-0.705841,0.646394,0.771358,-1.17414,-0.998042
3.21984e-06,4.6783e-05,0.386379,0.235643,0.200835,-0.70371,0.641645,0.775412,-1.17085,-1.00186
3.21676e-06,4.68058e-05,0.382226,0.243226,0.207799,-0.701509,0.636871,0.779436,-1.16756,-1.00566
3.21383e-06,4.68285e-05,0.377921,0.250714,0.214742,-0.69924,0.632074,0.783431,-1.16425,-1.00946
3.21105e-06,4.68511e-05,0.373468,0.258103,0.221664,-0.696902,0.627252,0.787395,-1.16093,-1.01324
3.20841e-06,4.68737e-05,0.368867,0.26539,0.228564,-0.694496,0.622406,0.79133,-1.1576,-1.01701
3.20591e-06,4.68962e-05,0.364123,0.272574,0.235442,-0.692021,0.617537,0.795234,-1.15425,-1.02077
3.20356e-06,4.69186e-05,0.359235,0.279651,0.242297,-0.689479,0.612644,0.799109,-1.15089,-1.02452
3.20136e-06,4.6941e-05,0.354208,0.286619,0.249127,-0.686868,0.607728,0.802952,-1.14752,-1.02826
3.19931e-06,4.69633e-05,0.349043,0.293475,0.255934,-0.68419,0.602788,0.806765,-1.14414,-1.03199
3.19741e-06,4.69855e-05,0.343742,0.300217,0.262715,-0.681445,0.597826,0.810548,-1.14075,-1.03571
3.19566e-06,4.70078e-05,0.338309,0.306844,0.26947,-0.678633,0.592841,0.814299,-1.13734,-1.03942
3.19406e-06,4.70299e-05,0.332744,0.313352,0.276199,-0.675753,0.587833,0.81802,-1.13392,-1.04311
3.19261e-06,4.7052e-05,0.327052,0.319739,0.2829,-0.672807,0.582803,0.821709,-1.13049,-1.0468
3.19131e-06,4.7074e-05,0.321233,0.326003,0.289574,-0.669795,0.577751,0.825367,-1.12705,-1.05047
3.19016e-06,4.7096e-05,0.315291,0.332141,0.296218,-0.666716,0.572677,0.828994,-1.12359,-1.05413
3.18917e-06,4.7118e-05,0.309229,0.338153,0.302834,-0.663571,0.56758,0.832589,-1.12013,-1.05778
3.18833e-06,4.71399e-05,0.303048,0.344035,0.30942,-0.660361,0.562463,0.836153,-1.11665,-1.06142
3.18765e-06,4.71617e-05,0.296751,0.349786,0.315975,-0.657086,0.557324,0.839684,-1.11316,-1.06505
3.18712e-06,4.71835e-05,0.290341,0.355403,0.322498,-0.653745,0.552164,0.843184,-1.10965,-1.06866
3.18674e-06,4.72053e-05,0.28382,0.360884,0.32899,-0.65034,0.546983,0.846652,-1.10614,-1.07227
3.18653e-06,4.7227e-05,0.277191,0.366229,0.335449,-0.64687,0.541781,0.850087,-1.10261,-1.07586
3.18647e-06,4.72487e-05,0.270457,0.371434,0.341875,-0.643336,0.536558,0.853491,-1.09907,-1.07944
3.18657e-06,4.72704e-05,0.26362,0.376498,0.348267,-0.639738,0.531315,0.856862,-1.09552,-1.08301
3.18682e-06,4.7292e-05,0.256683,0.381419,0.354624,-0.636076,0.526052,0.8602,-1.09196,-1.08657
3.18723e-06,4.73135e-05,0.249649,0.386196,0.360947,-0.632351,0.520769,0.863506,-1.08838,-1.09012
3.18781e-06,4.73351e-05,0.24252,0.390826,0.367233,-0.628564,0.515466,0.866779,-1.0848,-1.09365
3.18854e-06,4.73566e-05,0.235299,0.395309,0.373482,-0.624714,0.510144,0.870019,-1.0812,-1.09717
3.18943e-06,4.7378e-05,0.22799,0.399642,0.379695,-0.620801,0.504802,0.873226,-1.07759,-1.10069
3.19049e-06,4.73995e-05,0.220594,0.403823,0.38587,-0.616827,0.499441,0.8764,-1.07397,-1.10419
3.1917e-06,4.74209e-05,0.213114,0.407852,0.392006,-0.612791,0.494062,0.879541,-1.07034,-1.10767
3.19308e-06,4.74422e-05,0.205555,0.411727,0.398103,-0.608695,0.488663,0.882648,-1.0667,-1.11115
3.19462e-06,4.74636e-05,0.197917,0.415446,0.40416,-0.604537,0.483246,0.885722,-1.06304,-1.11461
3.19632e-06,4.74849e-05,0.190204,0.419008,0.410178,-0.600319,0.477811,0.888763,-1.05937,-1.11807
3.19818e-06,4.75062e-05,0.18242,0.422412,0.416154,-0.596042,0.472357,0.891769,-1.0557,-1.12151
3.20021e-06,4.75275e-05,0.174566,0.425655,0.422088,-0.591704,0.466886,0.894742,-1.05201,-1.12493
3.2024e-06,4.75488e-05,0.166647,0.428738,0.427981,-0.587308,0.461397,0.897682,-1.04831,-1.12835
3.20475e-06,4.757e-05,0.158664,0.431659,0.43383,-0.582853,0.455891,0.900587,-1.0446,-1.13175
3.20727e-06,4.75913e-05,0.150622,0.434416,0.439636,-0.578339,0.450367,0.903458,-1.04087,-1.13514
3.20995e-06,4.76125e-05,0.142522,0.437008,0.445399,-0.573768,0.444826,0.906295,-1.03714,-1.13852
3.2128e-06,4.76337e-05,0.134368,0.439434,0.451116,-0.569139,0.439269,0.909098,-1.03339,-1.14189
3.21582e-06,4.76548e-05,0.126163,0.441694,0.456789,-0.564453,0.433695,0.911866,-1.02964,-1.14525
3.219e-06,4.7676e-05,0.11791,0.443786,0.462415,-0.559711,0.428104,0.9146,-1.02587,-1.14859
3.22234e-06,4.76972e-05,0.109613,0.445709,0.467995,-0.554912,0.422497,0.917299,-1.02209,-1.15192
3.22585e-06,4.77183e-05,0.101273,0.447462,0.473529,-0.550058,0.416875,0.919964,-1.0183,-1.15524
3.22953e-06,4.77395e-05,0.0928952,0.449045,0.479014,-0.545148,0.411236,0.922594,-1.0145,-1.15854
3.23338e-06,4.77606e-05,0.0844816,0.450456,0.484452,-0.540184,0.405582,0.925189,-1.01069,-1.16184
3.23739e-06,4.77818e-05,0.0760358,0.451695,0.489841,-0.535166,0.399913,0.927749,-1.00687,-1.16512
3.24157e-06,4.78029e-05,0.0675608,0.45276,0.495181,-0.530093,0.394229,0.930274,-1.00303,-1.16838
3.24591e-06,4.78241e-05,0.0590598,0.453652,0.500471,-0.524968,0.38853,0.932764,-0.999191,-1.17164
3.25043e-06,4.78452e-05,0.0505362,0.45437,0.50571,-0.519789,0.382816,0.935219,-0.995337,-1.17488
3.25511e-06,4.78663e-05,0.0419931,0.454912,0.510899,-0.514559,0.377087,0.937639,-0.991472,-1.17811
3.25996e-06,4.78875e-05,0.0334337,0.455279,0.516037,-0.509276,0.371345,0.940023,-0.987596,-1.18133
3.26498e-06,4.79087e-05,0.0248615,0.455469,0.521122,-0.503943,0.365588,0.942372,-0.983709,-1.18454
3.27016e-06,4.79298e-05,0.0162796,0.455483,0.526155,-0.498558,0.359818,0.944685,-0.979812,-1.18773
3.27551e-06,4.7951e-05,0.00769134,0.45532,0.531135,-0.493123,0.354034,0.946963,-0.975905,-1.19091
3.28104e-06,4.79722e-05,-0.000899887,0.45498,0.536061,-0.487639,0.348237,0.949205,-0.971987,-1.19407
3.28673e-06,4.79934e-05,-0.00949076,0.454462,0.540933,-0.482105,0.342427,0.951411,-0.968059,-1.19723
3.29258e-06,4.80146e-05,-0.0180779,0.453766,0.545751,-0.476523,0.336604,0.953582,-0.96412,-1.20037
3.29861e-06,4.80358e-05,-0.026658,0.452892,0.550514,-0.470893,0.330768,0.955717,-0.960171,-1.2035
3.3048e-06,4.8057e-05,-0.0352275,0.451839,0.555221,-0.465215,0.32492,0.957815,-0.956211,-1.20661
3.31117e-06,4.80783e-05,-0.0437831,0.450608,0.559872,-0.45949,0.319059,0.959878,-0.952241,-1.20971
3.3177e-06,4.80996e-05,-0.0523214,0.449198,0.564466,-0.453719,0.313187,0.961905,-0.948261,-1.2128
3.3244e-06,4.81209e-05,-0.0608389,0.44761,0.569004,-0.447901,0.307302,0.963895,-0.944271,-1.21588
3.33126e-06,4.81422e-05,-0.0693321,0.445843,0.573484,-0.442039,0.301407,0.965849,-0.940271,-1.21894
3.3383e-06,4.81636e-05,-0.0777976,0.443898,0.577906,-0.436132,0.2955,0.967767,-0.93626,-1.22199
3.3455e-06,4.81849e-05,-0.0862319,0.441775,0.58227,-0.430181,0.289581,0.969649,-0.93224,-1.22503
3.35287e-06,4.82063e-05,-0.0946314,0.439474,0.586574,-0.424186,0.283652,0.971494,-0.928209,-1.22805
3.36041e-06,4.82278e-05,-0.102993,0.436995,0.59082,-0.418149,0.277712,0.973303,-0.924169,-1.23106
3.36812e-06,4.82492e-05,-0.111312,0.434339,0.595005,-0.412069,0.271762,0.975075,-0.920118,-1.23406
3.37599e-06,4.82707e-05,-0.119586,0.431506,0.599131,-0.405947,0.265802,0.976811,-0.916058,-1.23705
3.38403e-06,4.82923e-05,-0.127811,0.428497,0.603195,-0.399784,0.259832,0.97851,-0.911988,-1.24002
3.39224e-06,4.83138e-05,-0.135984,0.425312,0.607199,-0.393581,0.253852,0.980172,-0.907908,-1.24297
3.40061e-06,4.83355e-05,-0.144101,0.421951,0.611141,-0.387338,0.247862,0.981798,-0.903818,-1.24592
3.40915e-06,4.83571e-05,-0.152158,0.418416,0.615021,-0.381056,0.241863,0.983387,-0.899718,-1.24885
3.41786e-06,4.83788e-05,-0.160152,0.414707,0.618839,-0.374735,0.235855,0.984939,-0.895609,-1.25176
3.42673e-06,4.84005e-05,-0.168079,0.410825,0.622595,-0.368376,0.229838,0.986454,-0.89149,-1.25467
3.43576e-06,4.84223e-05,-0.175935,0.406771,0.626287,-0.36198,0.223813,0.987932,-0.887362,-1.25756
3.44497e-06,4.84441e-05,-0.183718,0.402545,0.629915,-0.355547,0.217779,0.989373,-0.883224,-1.26043
3.45433e-06,4.8466e-05,-0.191422,0.398149,0.63348,-0.349078,0.211737,0.990777,-0.879076,-1.2633
3.46387e-06,4.84879e-05,-0.199046,0.393584,0.636981,-0.342574,0.205687,0.992144,-0.874919,-1.26615
3.47356e-06,4.85099e-05,-0.206584,0.388851,0.640417,-0.336034,0.19963,0.993474,-0.870753,-1.26898
3.48342e-06,4.85319e-05,-0.214034,0.383952,0.643788,-0.329461,0.193565,0.994767,-0.866577,-1.2718
3.49344e-06,4.85539e-05,-0.221391,0.378886,0.647093,-0.322855,0.187493,0.996022,-0.862392,-1.27461
3.50363e-06,4.85761e-05,-0.228653,0.373657,0.650333,-0.316215,0.181413,0.997241,-0.858198,-1.27741
3.51398e-06,4.85982e-05,-0.235815,0.368265,0.653507,-0.309544,0.175327,0.998422,-0.853994,-1.28019
3.52449e-06,4.86205e-05,-0.242874,0.362712,0.656615,-0.302841,0.169235,0.999565,-0.849782,-1.28296
3.53516e-06,4.86428e-05,-0.249826,0.356999,0.659656,-0.296107,0.163136,1.00067,-0.84556,-1.28571
3.54599e-06,4.86651e-05,-0.256668,0.351129,0.66263,-0.289343,0.157031,1.00174,-0.841329,-1.28845
3.55698e-06,4.86875e-05,-0.263396,0.345103,0.665537,-0.28255,0.15092,1.00277,-0.837089,-1.29117
3.56813e-06,4.871e-05,-0.270006,0.338923,0.668376,-0.275728,0.144804,1.00377,-0.83284,-1.29389
3.57945e-06,4.87326e-05,-0.276495,0.33259,0.671148,-0.268879,0.138682,1.00472,-0.828581,-1.29658
3.59091e-06,4.87552e-05,-0.282859,0.326108,0.673851,-0.262002,0.132555,1.00564,-0.824315,-1.29927
3.60254e-06,4.87779e-05,-0.289094,0.319477,0.676486,-0.255098,0.126423,1.00652,-0.820039,-1.30194
3.61433e-06,4.88006e-05,-0.295198,0.312701,0.679052,-0.248168,0.120286,1.00737,-0.815754,-1.30459
3.62627e-06,4.88234e-05,-0.301166,0.305781,0.68155,-0.241214,0.114145,1.00818,-0.811461,-1.30724
3.63837e-06,4.88463e-05,-0.306996,0.29872,0.683978,-0.234234,0.107999,1.00895,-0.807158,-1.30986
3.65062e-06,4.88693e-05,-0.312683,0.291521,0.686336,-0.227231,0.10185,1.00968,-0.802847,-1.31248
3.66303e-06,4.88923e-05,-0.318224,0.284186,0.688625,-0.220205,0.0956967,1.01037,-0.798528,-1.31508
3.6756e-06,4.89154e-05,-0.323615,0.276717,0.690844,-0.213157,0.0895399,1.01103,-0.7942,-1.31766
3.68831e-06,4.89386e-05,-0.328854,0.269118,0.692993,-0.206086,0.0833798,1.01165,-0.789863,-1.32023
3.70118e-06,4.89619e-05,-0.333937,0.261391,0.695072,-0.198995,0.0772165,1.01223,-0.785518,-1.32279
3.7142e-06,4.89852e-05,-0.33886,0.253539,0.69708,-0.191884,0.0710504,1.01277,-0.781164,-1.32533
3.72738e-06,4.90087e-05,-0.343621,0.245565,0.699017,-0.184753,0.0648816,1.01328,-0.776802,-1.32786
3.7407e-06,4.90322e-05,-0.348216,0.237473,0.700883,-0.177604,0.0587104,1.01375,-0.772432,-1.33038
3.75418e-06,4.90558e-05,-0.352642,0.229266,0.702678,-0.170436,0.0525371,1.01418,-0.768053,-1.33288
3.7678e-06,4.90795e-05,-0.356895,0.220947,0.704402,-0.163251,0.0463618,1.01457,-0.763666,-1.33536
3.78157e-06,4.91032e-05,-0.360973,0.212519,0.706054,-0.15605,0.0401847,1.01492,-0.759271,-1.33783
3.79549e-06,4.91271e-05,-0.364872,0.203986,0.707635,-0.148832,0.0340062,1.01524,-0.754867,-1.34029
3.80955e-06,4.9151e-05,-0.368591,0.195351,0.709144,-0.1416,0.0278264,1.01552,-0.750456,-1.34273
3.82377e-06,4.91751e-05,-0.372124,0.186619,0.71058,-0.134353,0.0216456,1.01576,-0.746036,-1.34516
3.83812e-06,4.91992e-05,-0.375471,0.177793,0.711945,-0.127093,0.015464,1.01597,-0.741608,-1.34757
3.85262e-06,4.92234e-05,-0.378627,0.168878,0.713238,-0.119819,0.00928177,1.01613,-0.737172,-1.34997
3.86727e-06,4.92477e-05,-0.381591,0.159876,0.714458,-0.112534,0.00309923,1.01626,-0.732729,-1.35235
3.88206e-06,4.92721e-05,-0.384359,0.150792,0.715605,-0.105237,-0.00308343,1.01635,-0.728277,-1.35472
3.89699e-06,4.92966e-05,-0.38693,0.141631,0.716681,-0.0979295,-0.00926597,1.01641,-0.723818,-1.35708
3.91206e-06,4.93212e-05,-0.3893,0.132396,0.717683,-0.090612,-0.0154482,1.01642,-0.719351,-1.35942
3.92727e-06,4.93459e-05,-0.391467,0.123093,0.718613,-0.0832853,-0.0216298,1.0164,-0.714876,-1.36174
3.94262e-06,4.93707e-05,-0.393429,0.113725,0.71947,-0.0759502,-0.0278106,1.01634,-0.710393,-1.36405
3.9581e-06,4.93956e-05,-0.395184,0.104297,0.720254,-0.0686073,-0.0339904,1.01625,-0.705903,-1.36635
3.97373e-06,4.94206e-05,-0.396729,0.0948138,0.720965,-0.0612575,-0.0401689,1.01611,-0.701405,-1.36863
3.98949e-06,4.94456e-05,-0.398063,0.0852801,0.721603,-0.0539015,-0.046346,1.01594,-0.696899,-1.3709
4.00539e-06,4.94708e-05,-0.399183,0.0757008,0.722167,-0.0465401,-0.0525213,1.01573,-0.692386,-1.37315
4.02142e-06,4.94961e-05,-0.400089,0.0660807,0.722659,-0.0391739,-0.0586947,1.01548,-0.687866,-1.37539
4.03759e-06,4.95215e-05,-0.400777,0.0564248,0.723078,-0.0318037,-0.0648659,1.0152,-0.683338,-1.37761
4.05389e-06,4.9547e-05,-0.401248,0.0467382,0.723423,-0.0244303,-0.0710348,1.01488,-0.678802,-1.37982
4.07032e-06,4.95726e-05,-0.401498,0.037026,0.723695,-0.0170544,-0.077201,1.01452,-0.67426,-1.38201
4.08689e-06,4.95984e-05,-0.401527,0.0272934,0.723894,-0.00967684,-0.0833643,1.01412,-0.66971,-1.38419
4.10358e-06,4.96242e-05,-0.401334,0.0175458,0.72402,-0.00229826,-0.0895246,1.01368,-0.665153,-1.38635
4.12041e-06,4.96501e-05,-0.400918,0.00778845,0.724073,0.00508056,-0.0956815,1.01321,-0.660588,-1.3885
4.13736e-06,4.96762e-05,-0.400278,-0.00197325,0.724052,0.0124589,-0.101835,1.0127,-0.656017,-1.39063
4.15445e-06,4.97023e-05,-0.399412,-0.0117338,0.723958,0.0198359,-0.107985,1.01215,-0.651439,-1.39275
4.17166e-06,4.97286e-05,-0.398321,-0.0214877,0.723791,0.027211,-0.11413,1.01157,-0.646853,-1.39485
4.18899e-06,4.9755e-05,-0.397004,-0.0312294,0.723551,0.0345833,-0.120272,1.01095,-0.64226,-1.39694
4.20645e-06,4.97815e-05,-0.39546,-0.0409532,0.723238,0.0419521,-0.126409,1.01029,-0.637661,-1.39901
4.22404e-06,4.98081e-05,-0.39369,-0.0506536,0.722852,0.0493167,-0.132541,1.00959,-0.633055,-1.40107
4.24175e-06,4.98348e-05,-0.391693,-0.0603247,0.722393,0.0566763,-0.138669,1.00886,-0.628442,-1.40311
4.25958e-06,4.98616e-05,-0.38947,-0.069961,0.721861,0.0640303,-0.144791,1.00809,-0.623822,-1.40514
4.27754e-06,4.98886e-05,-0.38702,-0.0795566,0.721257,0.0713777,-0.150908,1.00728,-0.619195,-1.40715
4.29562e-06,4.99156e-05,-0.384345,-0.0891058,0.720579,0.078718,-0.15702,1.00644,-0.614562,-1.40915
4.31381e-06,4.99428e-05,-0.381445,-0.0986028,0.719829,0.0860503,-0.163125,1.00555,-0.609922,-1.41113
4.33213e-06,4.99701e-05,-0.378321,-0.108042,0.719007,0.093374,-0.169225,1.00463,-0.605275,-1.4131
4.35057e-06,4.99975e-05,-0.374974,-0.117417,0.718112,0.100688,-0.175318,1.00368,-0.600622,-1.41505
4.36913e-06,5.00251e-05,-0.371404,-0.126723,0.717145,0.107992,-0.181405,1.00269,-0.595962,-1.41698
4.3878e-06,5.00527e-05,-0.367614,-0.135953,0.716105,0.115286,-0.187486,1.00166,-0.591296,-1.4189
4.40659e-06,5.00805e-05,-0.363604,-0.145102,0.714994,0.122567,-0.193559,1.00059,-0.586624,-1.42081
4.4255e-06,5.01084e-05,-0.359377,-0.154165,0.713811,0.129837,-0.199626,0.999486,-0.581945,-1.4227
4.44452e-06,5.01364e-05,-0.354934,-0.163134,0.712556,0.137093,-0.205685,0.998346,-0.57726,-1.42457
4.46366e-06,5.01646e-05,-0.350278,-0.172006,0.711229,0.144336,-0.211736,0.997169,-0.572569,-1.42643
4.48291e-06,5.01928e-05,-0.34541,-0.180774,0.709831,0.151564,-0.21778,0.995956,-0.567871,-1.42828
4.50228e-06,5.02212e-05,-0.340333,-0.189432,0.708362,0.158777,-0.223815,0.994706,-0.563168,-1.4301
4.52176e-06,5.02497e-05,-0.335049,-0.197975,0.706822,0.165974,-0.229843,0.993419,-0.558458,-1.43192
4.54135e-06,5.02784e-05,-0.329562,-0.206398,0.705211,0.173154,-0.235862,0.992096,-0.553742,-1.43371
4.56105e-06,5.03071e-05,-0.323873,-0.214695,0.703529,0.180317,-0.241872,0.990737,-0.549021,-1.4355
4.58087e-06,5.0336e-05,-0.317987,-0.22286,0.701776,0.187462,-0.247873,0.989341,-0.544293,-1.43726
4.60079e-06,5.0365e-05,-0.311906,-0.230889,0.699954,0.194588,-0.253866,0.987909,-0.539559,-1.43901
4.62083e-06,5.03942e-05,-0.305633,-0.238777,0.698061,0.201695,-0.259849,0.98644,-0.53482,-1.44075
4.64097e-06,5.04235e-05,-0.299173,-0.246518,0.696098,0.208781,-0.265822,0.984936,-0.530075,-1.44247
4.66122e-06,5.04529e-05,-0.292529,-0.254107,0.694066,0.215847,-0.271786,0.983395,-0.525324,-1.44417
4.68159e-06,5.04824e-05,-0.285705,-0.261539,0.691965,0.222891,-0.27774,0.981819,-0.520568,-1.44586
4.70205e-06,5.05121e-05,-0.278704,-0.268811,0.689794,0.229913,-0.283684,0.980206,-0.515805,-1.44753
4.72263e-06,5.05419e-05,-0.271532,-0.275916,0.687554,0.236911,-0.289617,0.978557,-0.511038,-1.44919
4.74331e-06,5.05718e-05,-0.264192,-0.282851,0.685246,0.243886,-0.29554,0.976873,-0.506265,-1.45083
4.7641e-06,5.06019e-05,-0.256689,-0.289611,0.682869,0.250837,-0.301451,0.975153,-0.501486,-1.45246
4.78499e-06,5.06321e-05,-0.249027,-0.296193,0.680425,0.257763,-0.307352,0.973397,-0.496702,-1.45407
4.80599e-06,5.06624e-05,-0.241211,-0.302591,0.677912,0.264663,-0.313242,0.971606,-0.491912,-1.45566
4.82709e-06,5.06929e-05,-0.233246,-0.308802,0.675332,0.271537,-0.31912,0.969779,-0.487117,-1.45724
4.8483e-06,5.07235e-05,-0.225137,-0.314822,0.672685,0.278384,-0.324986,0.967916,-0.482317,-1.45881
4.86961e-06,5.07542e-05,-0.216888,-0.320647,0.669971,0.285203,-0.330841,0.966019,-0.477512,-1.46035
4.89102e-06,5.07851e-05,-0.208506,-0.326275,0.66719,0.291994,-0.336683,0.964085,-0.472701,-1.46188
4.91254e-06,5.08161e-05,-0.199995,-0.331701,0.664343,0.298755,-0.342513,0.962117,-0.467886,-1.4634
4.93415e-06,5.08473e-05,-0.191361,-0.336923,0.66143,0.305487,-0.348331,0.960114,-0.463065,-1.4649
4.95587e-06,5.08786e-05,-0.182609,-0.341937,0.658451,0.312189,-0.354136,0.958075,-0.458239,-1.46638
4.97769e-06,5.091e-05,-0.173745,-0.346741,0.655407,0.31886,-0.359928,0.956001,-0.453409,-1.46785
4.99961e-06,5.09416e-05,-0.164774,-0.351332,0.652298,0.325499,-0.365707,0.953893,-0.448573,-1.4693
5.02163e-06,5.09733e-05,-0.155702,-0.355707,0.649124,0.332106,-0.371472,0.951749,-0.443733,-1.47074
5.04374e-06,5.10052e-05,-0.146535,-0.359865,0.645886,0.33868,-0.377224,0.949571,-0.438888,-1.47216
5.06596e-06,5.10372e-05,-0.137278,-0.363802,0.642584,0.34522,-0.382962,0.947359,-0.434038,-1.47356
5.08827e-06,5.10693e-05,-0.127937,-0.367518,0.639219,0.351727,-0.388686,0.945111,-0.429183,-1.47495
5.11069e-06,5.11016e-05,-0.118518,-0.37101,0.63579,0.358198,-0.394396,0.94283,-0.424324,-1.47633
5.1332e-06,5.11341e-05,-0.109028,-0.374277,0.632299,0.364634,-0.400092,0.940514,-0.41946,-1.47768
5.1558e-06,5.11667e-05,-0.0994716,-0.377317,0.628745,0.371035,-0.405773,0.938163,-0.414592,-1.47902
5.1785e-06,5.11994e-05,-0.089855,-0.38013,0.625129,0.377398,-0.411439,0.935779,-0.409719,-1.48035
5.2013e-06,5.12323e-05,-0.0801844,-0.382713,0.621451,0.383725,-0.41709,0.93336,-0.404841,-1.48166
5.22419e-06,5.12653e-05,-0.0704657,-0.385067,0.617712,0.390013,-0.422726,0.930907,-0.39996,-1.48295
5.24718e-06,5.12985e-05,-0.0607048,-0.38719,0.613912,0.396263,-0.428347,0.928421,-0.395074,-1.48423
5.27026e-06,5.13319e-05,-0.0509077,-0.389083,0.610052,0.402474,-0.433952,0.9259,-0.390183,-1.48549
5.29343e-06,5.13654e-05,-0.0410803,-0.390744,0.606132,0.408646,-0.439541,0.923346,-0.385289,-1.48673
5.3167e-06,5.13991e-05,-0.0312286,-0.392174,0.602152,0.414777,-0.445115,0.920758,-0.38039,-1.48796
5.34006e-06,5.14329e-05,-0.0213584,-0.393372,0.598114,0.420868,-0.450672,0.918137,-0.375487,-1.48917
5.36351e-06,5.14668e-05,-0.0114758,-0.394339,0.594016,0.426917,-0.456212,0.915483,-0.37058,-1.49037
5.38704e-06,5.1501e-05,-0.00158634,-0.395075,0.58986,0.432925,-0.461736,0.912795,-0.365669,-1.49155
5.41067e-06,5.15353e-05,0.008304,-0.395581,0.585646,0.43889,-0.467244,0.910074,-0.360755,-1.49271
5.43439e-06,5.15697e-05,0.0181895,-0.395857,0.581375,0.444812,-0.472734,0.907319,-0.355836,-1.49386
5.45819e-06,5.16044e-05,0.0280645,-0.395904,0.577047,0.45069,-0.478207,0.904532,-0.350913,-1.49499
5.48209e-06,5.16391e-05,0.0379234,-0.395723,0.572663,0.456525,-0.483663,0.901712,-0.345987,-1.4961
5.50607e-06,5.16741e-05,0.0477605,-0.395316,0.568222,0.462314,-0.489101,0.898859,-0.341056,-1.4972
5.53013e-06,5.17092e-05,0.0575704,-0.394683,0.563726,0.468059,-0.494521,0.895974,-0.336123,-1.49828
5.55428e-06,5.17445e-05,0.0673477,-0.393826,0.559175,0.473758,-0.499924,0.893056,-0.331185,-1.49935
5.57852e-06,5.17799e-05,0.0770869,-0.392747,0.55457,0.479411,-0.505308,0.890106,-0.326244,-1.5004
5.60284e-06,5.18155e-05,0.0867827,-0.391447,0.54991,0.485017,-0.510674,0.887123,-0.321299,-1.50144
5.62724e-06,5.18513e-05,0.0964301,-0.389927,0.545197,0.490575,-0.516021,0.884108,-0.316351,-1.50245
5.65172e-06,5.18873e-05,0.106024,-0.388191,0.540431,0.496086,-0.52135,0.881061,-0.3114,-1.50345
5.67628e-06,5.19234e-05,0.115559,-0.38624,0.535612,0.501549,-0.52666,0.877982,-0.306445,-1.50444
5.70092e-06,5.19597e-05,0.12503,-0.384076,0.530741,0.506963,-0.53195,0.874871,-0.301486,-1.50541
5.72564e-06,5.19962e-05,0.134433,-0.381702,0.525818,0.512327,-0.537222,0.871729,-0.296525,-1.50636
5.75044e-06,5.20329e-05,0.143763,-0.37912,0.520845,0.517642,-0.542474,0.868555,-0.29156,-1.5073
5.77531e-06,5.20697e-05,0.153014,-0.376332,0.515821,0.522907,-0.547706,0.865349,-0.286592,-1.50822
5.80026e-06,5.21067e-05,0.162184,-0.373342,0.510747,0.528121,-0.552918,0.862112,-0.281621,-1.50912
5.82529e-06,5.21439e-05,0.171266,-0.370151,0.505623,0.533284,-0.558111,0.858844,-0.276647,-1.51001
5.85038e-06,5.21813e-05,0.180257,-0.366763,0.500451,0.538395,-0.563283,0.855545,-0.27167,-1.51088
5.87555e-06,5.22189e-05,0.189153,-0.363181,0.49523,0.543455,-0.568434,0.852214,-0.26669,-1.51173
5.90079e-06,5.22566e-05,0.197949,-0.359407,0.489961,0.548461,-0.573566,0.848853,-0.261707,-1.51257
5.9261e-06,5.22946e-05,0.206641,-0.355445,0.484645,0.553415,-0.578676,0.845461,-0.256722,-1.51339
5.95148e-06,5.23327e-05,0.215225,-0.351298,0.479282,0.558316,-0.583765,0.842039,-0.251733,-1.5142
5.97693e-06,5.2371e-05,0.223698,-0.346969,0.473873,0.563162,-0.588834,0.838586,-0.246742,-1.51499
6.00244e-06,5.24095e-05,0.232056,-0.342461,0.468418,0.567954,-0.593881,0.835103,-0.241748,-1.51576
6.02802e-06,5.24482e-05,0.240295,-0.337777,0.462919,0.572692,-0.598906,0.831589,-0.236751,-1.51651
6.05366e-06,5.2487e-05,0.248412,-0.332922,0.457374,0.577374,-0.60391,0.828046,-0.231752,-1.51725
6.07936e-06,5.25261e-05,0.256403,-0.327898,0.451786,0.582001,-0.608892,0.824472,-0.226751,-1.51798
6.10512e-06,5.25654e-05,0.264265,-0.32271,0.446154,0.586573,-0.613852,0.820869,-0.221747,-1.51868
6.13094e-06,5.26048e-05,0.271995,-0.317359,0.44048,0.591087,-0.61879,0.817236,-0.21674,-1.51937
6.15682e-06,5.26445e-05,0.27959,-0.311851,0.434763,0.595545,-0.623705,0.813574,-0.211731,-1.52005
6.18276e-06,5.26843e-05,0.287046,-0.306189,0.429005,0.599946,-0.628598,0.809882,-0.20672,-1.5207
6.20875e-06,5.27244e-05,0.294361,-0.300377,0.423205,0.60429,-0.633468,0.80616,-0.201707,-1.52134
6.2348e-06,5.27646e-05,0.301533,-0.294417,0.417365,0.608576,-0.638316,0.80241,-0.196691,-1.52197
6.26089e-06,5.28051e-05,0.308558,-0.288314,0.411485,0.612803,-0.64314,0.798631,-0.191673,-1.52258
6.28704e-06,5.28457e-05,0.315434,-0.282073,0.405566,0.616972,-0.647941,0.794823,-0.186654,-1.52317
6.31324e-06,5.28866e-05,0.322159,-0.275695,0.399608,0.621083,-0.652719,0.790986,-0.181632,-1.52374
6.33948e-06,5.29276e-05,0.32873,-0.269187,0.393612,0.625133,-0.657473,0.787121,-0.176608,-1.5243
6.36577e-06,5.29689e-05,0.335144,-0.26255,0.387578,0.629125,-0.662203,0.783227,-0.171582,-1.52484
6.39211e-06,5.30104e-05,0.341401,-0.255789,0.381508,0.633056,-0.66691,0.779305,-0.166555,-1.52536
6.41848e-06,5.3052e-05,0.347498,-0.248909,0.375401,0.636927,-0.671592,0.775355,-0.161525,-1.52587
6.4449e-06,5.30939e-05,0.353432,-0.241912,0.369259,0.640738,-0.67625,0.771377,-0.156494,-1.52636
6.47136e-06,5.3136e-05,0.359202,-0.234803,0.363081,0.644488,-0.680884,0.767371,-0.151462,-1.52684
6.49785e-06,5.31783e-05,0.364807,-0.227585,0.356869,0.648176,-0.685493,0.763338,-0.146427,-1.5273
6.52438e-06,5.32208e-05,0.370244,-0.220264,0.350623,0.651803,-0.690078,0.759277,-0.141391,-1.52774
6.55095e-06,5.32635e-05,0.375513,-0.212841,0.344344,0.655369,-0.694638,0.755188,-0.136353,-1.52817
6.57754e-06,5.33065e-05,0.380611,-0.205322,0.338032,0.658872,-0.699172,0.751073,-0.131314,-1.52857
6.60417e-06,5.33496e-05,0.385537,-0.19771,0.331688,0.662313,-0.703682,0.74693,-0.126274,-1.52897
6.63083e-06,5.3393e-05,0.39029,-0.19001,0.325313,0.665691,-0.708166,0.742761,-0.121232,-1.52934
6.65751e-06,5.34365e-05,0.394868,-0.182225,0.318907,0.669007,-0.712625,0.738564,-0.116189,-1.5297
6.68422e-06,5.34803e-05,0.399272,-0.174358,0.312472,0.672259,-0.717058,0.734341,-0.111144,-1.53004
6.71095e-06,5.35243e-05,0.403499,-0.166415,0.306006,0.675448,-0.721465,0.730092,-0.106099,-1.53037
6.73771e-06,5.35686e-05,0.407548,-0.158398,0.299512,0.678573,-0.725846,0.725816,-0.101052,-1.53068
6.76448e-06,5.3613e-05,0.411419,-0.150312,0.292989,0.681634,-0.730201,0.721515,-0.0960039,-1.53097
6.79128e-06,5.36577e-05,0.415111,-0.142161,0.286439,0.684631,-0.73453,0.717187,-0.0909549,-1.53125
6.81808e-06,5.37025e-05,0.418624,-0.133948,0.279862,0.687564,-0.738832,0.712833,-0.085905,-1.5315
6.84491e-06,5.37476e-05,0.421956,-0.125677,0.273259,0.690432,-0.743108,0.708454,-0.0808541,-1.53175
6.87174e-06,5.3793e-05,0.425107,-0.117352,0.26663,0.693235,-0.747357,0.70405,-0.0758024,-1.53197
6.89859e-06,5.38385e-05,0.428076,-0.108978,0.259976,0.695974,-0.751579,0.69962,-0.0707498,-1.53218
6.92544e-06,5.38843e-05,0.430864,-0.100557,0.253298,0.698647,-0.755774,0.695165,-0.0656964,-1.53237
6.9523e-06,5.39303e-05,0.433469,-0.0920929,0.246596,0.701254,-0.759942,0.690685,-0.0606424,-1.53255
6.97916e-06,5.39765e-05,0.435892,-0.0835904,0.239871,0.703796,-0.764083,0.68618,-0.0555876,-1.53271
7.00603e-06,5.40229e-05,0.438132,-0.0750528,0.233123,0.706273,-0.768196,0.68165,-0.0505323,-1.53285
7.0329e-06,5.40696e-05,0.440189,-0.0664839,0.226354,0.708683,-0.772282,0.677096,-0.0454764,-1.53298
7.05976e-06,5.41164e-05,0.442063,-0.0578874,0.219563,0.711027,-0.77634,0.672518,-0.0404201,-1.53309
7.08663e-06,5.41635e-05,0.443754,-0.0492669,0.212753,0.713305,-0.780369,0.667915,-0.0353632,-1.53318
7.11348e-06,5.42109e-05,0.445263,-0.040626,0.205922,0.715516,-0.784371,0.663289,-0.030306,-1.53325
7.14033e-06,5.42584e-05,0.446588,-0.0319685,0.199072,0.717661,-0.788345,0.658638,-0.0252485,-1.53331
7.16717e-06,5.43062e-05,0.447731,-0.0232978,0.192203,0.719738,-0.792291,0.653964,-0.0201907,-1.53336
7.194e-06,5.43542e-05,0.448692,-0.0146176,0.185317,0.721749,-0.796208,0.649267,-0.0151327,-1.53338
7.22082e-06,5.44025e-05,0.449471,-0.00593153,0.178414,0.723693,-0.800096,0.644546,-0.0100745,-1.53339
7.24762e-06,5.4451e-05,0.450067,0.00275701,0.171493,0.72557,-0.803956,0.639802,-0.00501622,-1.53338
7.2744e-06,5.44997e-05,0.450483,0.0114445,0.164557,0.727379,-0.807787,0.635035,4.21276e-05,-1.53336
7.30116e-06,5.45486e-05,0.450718,0.0201273,0.157606,0.729121,-0.811588,0.630246,0.00510048,-1.53332
7.3279e-06,5.45977e-05,0.450772,0.0288022,0.15064,0.730796,-0.815361,0.625433,0.0101588,-1.53326
7.35462e-06,5.46471e-05,0.450647,0.0374656,0.14366,0.732403,-0.819105,0.620599,0.015217,-1.53319
7.38131e-06,5.46967e-05,0.450342,0.0461141,0.136667,0.733942,-0.822819,0.615742,0.020275,-1.5331
7.40798e-06,5.47466e-05,0.44986,0.0547443,0.129662,0.735413,-0.826503,0.610863,0.0253328,-1.53299
7.43461e-06,5.47967e-05,0.449199,0.063353,0.122644,0.736816,-0.830158,0.605962,0.0303903,-1.53286
7.46121e-06,5.4847e-05,0.448362,0.0719367,0.115615,0.738152,-0.833783,0.601039,0.0354475,-1.53272
7.48778e-06,5.48975e-05,0.447348,0.0804922,0.108575,0.739419,-0.837379,0.596095,0.0405043,-1.53256
7.5143e-06,5.49483e-05,0.446159,0.0890162,0.101526,0.740618,-0.840944,0.591129,0.0455607,-1.53239
7.5408e-06,5.49993e-05,0.444796,0.0975055,0.0944666,0.74175,-0.844479,0.586143,0.0506165,-1.5322
7.56725e-06,5.50505e-05,0.44326,0.105957,0.0873989,0.742813,-0.847984,0.581135,0.0556718,-1.53199
7.59365e-06,5.5102e-05,0.441551,0.114367,0.0803232,0.743807,-0.851459,0.576106,0.0607265,-1.53177
7.62002e-06,5.51537e-05,0.439671,0.122733,0.0732401,0.744733,-0.854903,0.571057,0.0657806,-1.53153
7.64633e-06,5.52056e-05,0.437621,0.131051,0.0661503,0.745591,-0.858316,0.565987,0.0708339,-1.53127
7.6726e-06,5.52577e-05,0.435402,0.139319,0.0590544,0.746381,-0.861699,0.560897,0.0758865,-1.53099
7.69882e-06,5.53101e-05,0.433015,0.147533,0.0519531,0.747102,-0.86505,0.555787,0.0809382,-1.5307
7.72498e-06,5.53627e-05,0.430462,0.15569,0.044847,0.747755,-0.868371,0.550657,0.0859891,-1.53039
7.75108e-06,5.54156e-05,0.427744,0.163788,0.0377369,0.74834,-0.871661,0.545508,0.091039,-1.53007
7.77713e-06,5.54687e-05,0.424861,0.171823,0.0306233,0.748856,-0.874919,0.540339,0.0960879,-1.52973
7.80312e-06,5.5522e-05,0.421816,0.179792,0.0235069,0.749304,-0.878146,0.53515,0.101136,-1.52937
7.82905e-06,5.55755e-05,0.41861,0.187692,0.0163883,0.749683,-0.881342,0.529942,0.106183,-1.529
7.85491e-06,5.56293e-05,0.415245,0.195521,0.00926827,0.749994,-0.884506,0.524716,0.111228,-1.52861
7.8807e-06,5.56833e-05,0.411721,0.203276,0.00214738,0.750236,-0.887639,0.51947,0.116273,-1.5282
7.90643e-06,5.57375e-05,0.40804,0.210953,-0.0049737,0.750411,-0.89074,0.514206,0.121316,-1.52777
7.93209e-06,5.5792e-05,0.404205,0.21855,-0.0120943,0.750517,-0.893808,0.508924,0.126358,-1.52733
7.95767e-06,5.58467e-05,0.400215,0.226064,-0.0192139,0.750554,-0.896845,0.503623,0.131398,-1.52687
7.98318e-06,5.59016e-05,0.396075,0.233492,-0.0263316,0.750524,-0.89985,0.498305,0.136437,-1.5264
8.00861e-06,5.59568e-05,0.391783,0.240832,-0.033447,0.750425,-0.902823,0.492968,0.141475,-1.52591
8.03397e-06,5.60121e-05,0.387344,0.248081,-0.0405594,0.750258,-0.905763,0.487614,0.146511,-1.5254
8.05924e-06,5.60678e-05,0.382758,0.255235,-0.047668,0.750024,-0.908671,0.482243,0.151545,-1.52488
8.08443e-06,5.61236e-05,0.378027,0.262293,-0.0547724,0.749721,-0.911547,0.476854,0.156578,-1.52434
8.10953e-06,5.61797e-05,0.373153,0.269252,-0.0618718,0.74935,-0.91439,0.471448,0.161609,-1.52378
8.13454e-06,5.6236e-05,0.368138,0.27611,-0.0689656,0.748912,-0.9172,0.466025,0.166638,-1.5232
8.15947e-06,5.62925e-05,0.362984,0.282862,-0.0760531,0.748406,-0.919977,0.460586,0.171665,-1.52261
8.1843e-06,5.63492e-05,0.357692,0.289508,-0.0831338,0.747832,-0.922722,0.45513,0.176691,-1.52201
8.20904e-06,5.64062e-05,0.352265,0.296045,-0.090207,0.747191,-0.925433,0.449658,0.181715,-1.52138
8.23368e-06,5.64634e-05,0.346705,0.302469,-0.0972721,0.746483,-0.928112,0.44417,0.186736,-1.52074
8.25822e-06,5.65209e-05,0.341014,0.308779,-0.104328,0.745707,-0.930757,0.438666,0.191756,-1.52009
8.28266e-06,5.65785e-05,0.335194,0.314972,-0.111375,0.744864,-0.933369,0.433147,0.196774,-1.51941
8.307e-06,5.66364e-05,0.329247,0.321046,-0.118412,0.743953,-0.935948,0.427611,0.201789,-1.51872
8.33123e-06,5.66945e-05,0.323175,0.326998,-0.125438,0.742976,-0.938493,0.422061,0.206802,-1.51801
8.35536e-06,5.67528e-05,0.316981,0.332827,-0.132453,0.741932,-0.941005,0.416496,0.211813,-1.51729
8.37938e-06,5.68114e-05,0.310666,0.338529,-0.139456,0.740822,-0.943483,0.410915,0.216822,-1.51655
8.40328e-06,5.68702e-05,0.304233,0.344102,-0.146447,0.739645,-0.945927,0.40532,0.221828,-1.51579
8.42707e-06,5.69292e-05,0.297685,0.349545,-0.153424,0.738401,-0.948338,0.399711,0.226832,-1.51502
8.45075e-06,5.69884e-05,0.291023,0.354855,-0.160388,0.737092,-0.950714,0.394087,0.231833,-1.51423
8.47431e-06,5.70478e-05,0.284251,0.360029,-0.167337,0.735716,-0.953057,0.388449,0.236832,-1.51343
8.49775e-06,5.71075e-05,0.27737,0.365067,-0.174271,0.734274,-0.955366,0.382797,0.241828,-1.5126
8.52106e-06,5.71674e-05,0.270383,0.369964,-0.18119,0.732767,-0.957641,0.377132,0.246822,-1.51176
8.54425e-06,5.72275e-05,0.263292,0.37472,-0.188092,0.731194,-0.959881,0.371453,0.251813,-1.51091
8.56732e-06,5.72878e-05,0.256101,0.379333,-0.194978,0.729556,-0.962087,0.365761,0.256801,-1.51004
8.59026e-06,5.73483e-05,0.248811,0.383799,-0.201846,0.727853,-0.964259,0.360056,0.261786,-1.50915
8.61306e-06,5.74091e-05,0.241426,0.388118,-0.208696,0.726084,-0.966396,0.354338,0.266769,-1.50824
8.63574e-06,5.747e-05,0.233947,0.392288,-0.215527,0.724251,-0.968499,0.348607,0.271748,-1.50732
8.65827e-06,5.75312e-05,0.226378,0.396306,-0.22234,0.722353,-0.970568,0.342864,0.276725,-1.50638
8.68068e-06,5.75926e-05,0.218721,0.40017,-0.229132,0.720391,-0.972601,0.337109,0.281699,-1.50543
8.70294e-06,5.76542e-05,0.21098,0.40388,-0.235904,0.718365,-0.9746,0.331341,0.286669,-1.50446
8.72506e-06,5.77161e-05,0.203156,0.407432,-0.242655,0.716275,-0.976565,0.325562,0.291637,-1.50347
8.74704e-06,5.77781e-05,0.195253,0.410825,-0.249385,0.714121,-0.978494,0.319771,0.296601,-1.50247
8.76887e-06,5.78403e-05,0.187274,0.414058,-0.256092,0.711904,-0.980388,0.313969,0.301562,-1.50145
8.79055e-06,5.79028e-05,0.179222,0.417128,-0.262777,0.709623,-0.982248,0.308156,0.30652,-1.50041
8.81209e-06,5.79655e-05,0.171099,0.420035,-0.269438,0.70728,-0.984072,0.302331,0.311474,-1.49936
8.83347e-06,5.80283e-05,0.162908,0.422776,-0.276076,0.704873,-0.985861,0.296496,0.316425,-1.49829
8.8547e-06,5.80914e-05,0.154654,0.42535,-0.282688,0.702405,-0.987616,0.290651,0.321372,-1.4972
8.87578e-06,5.81547e-05,0.146338,0.427755,-0.289276,0.699873,-0.989334,0.284794,0.326316,-1.4961
8.89669e-06,5.82182e-05,0.137963,0.42999,-0.295838,0.69728,-0.991018,0.278928,0.331257,-1.49498
8.91745e-06,5.82819e-05,0.129534,0.432053,-0.302374,0.694626,-0.992666,0.273052,0.336194,-1.49385
8.93804e-06,5.83458e-05,0.121052,0.433944,-0.308884,0.691909,-0.994279,0.267166,0.341127,-1.4927
8.95847e-06,5.84099e-05,0.112522,0.43566,-0.315366,0.689132,-0.995856,0.26127,0.346056,-1.49153
8.97874e-06,5.84742e-05,0.103947,0.4372,-0.32182,0.686293,-0.997398,0.255366,0.350982,-1.49035
8.99883e-06,5.85387e-05,0.0953298,0.438563,-0.328245,0.683394,-0.998905,0.249452,0.355903,-1.48915
9.01876e-06,5.86034e-05,0.0866737,0.439749,-0.334642,0.680435,-1.00038,0.243529,0.360821,-1.48793
9.03851e-06,5.86683e-05,0.0779822,0.440755,-0.341009,0.677416,-1.00181,0.237597,0.365735,-1.4867
9.05809e-06,5.87334e-05,0.0692588,0.44158,-0.347346,0.674336,-1.00321,0.231657,0.370645,-1.48545
9.07749e-06,5.87987e-05,0.060507,0.442224,-0.353652,0.671198,-1.00457,0.225709,0.375551,-1.48418
9.09672e-06,5.88642e-05,0.0517302,0.442686,-0.359927,0.668,-1.0059,0.219753,0.380453,-1.4829
9.11576e-06,5.89299e-05,0.042932,0.442964,-0.366171,0.664744,-1.00719,0.213789,0.385351,-1.48161
9.13462e-06,5.89957e-05,0.0341159,0.443058,-0.372382,0.661429,-1.00845,0.207817,0.390244,-1.48029
9.1533e-06,5.90618e-05,0.0252855,0.442967,-0.378561,0.658055,-1.00967,0.201838,0.395133,-1.47896
9.17179e-06,5.9128e-05,0.0164445,0.44269,-0.384706,0.654624,-1.01085,0.195851,0.400018,-1.47762
9.19009e-06,5.91945e-05,0.00759664,0.442226,-0.390817,0.651135,-1.012,0.189858,0.404898,-1.47625
9.20821e-06,5.92611e-05,-0.00125447,0.441575,-0.396894,0.64759,-1.01311,0.183858,0.409774,-1.47488
9.22612e-06,5.93279e-05,-0.010105,0.440736,-0.402937,0.643987,-1.01419,0.177851,0.414646,-1.47348
9.24385e-06,5.93949e-05,-0.0189513,0.439708,-0.408943,0.640328,-1.01523,0.171838,0.419513,-1.47207
9.26138e-06,5.94621e-05,-0.0277894,0.438492,-0.414914,0.636612,-1.01623,0.165819,0.424375,-1.47065
9.27871e-06,5.95294e-05,-0.0366155,0.437087,-0.420849,0.632841,-1.0172,0.159794,0.429233,-1.4692
9.29584e-06,5.9597e-05,-0.0454257,0.435492,-0.426747,0.629014,-1.01813,0.153764,0.434086,-1.46774
9.31277e-06,5.96647e-05,-0.0542161,0.433707,-0.432607,0.625132,-1.01902,0.147727,0.438935,-1.46627
9.32949e-06,5.97326e-05,-0.0629828,0.431732,-0.438429,0.621196,-1.01988,0.141686,0.443778,-1.46478
9.34601e-06,5.98006e-05,-0.0717217,0.429567,-0.444213,0.617205,-1.0207,0.135639,0.448617,-1.46327
9.36231e-06,5.98689e-05,-0.0804289,0.427212,-0.449958,0.61316,-1.02149,0.129588,0.453451,-1.46175
9.37841e-06,5.99373e-05,-0.0891003,0.424667,-0.455664,0.609061,-1.02224,0.123532,0.45828,-1.46021
9.3943e-06,6.00058e-05,-0.0977318,0.421932,-0.46133,0.604909,-1.02295,0.117472,0.463103,-1.45866
9.40997e-06,6.00746e-05,-0.106319,0.419007,-0.466956,0.600705,-1.02362,0.111407,0.467922,-1.45708
9.42543e-06,6.01435e-05,-0.114859,0.415893,-0.472541,0.596447,-1.02426,0.105339,0.472736,-1.4555
9.44067e-06,6.02126e-05,-0.123346,0.41259,-0.478084,0.592138,-1.02487,0.0992664,0.477544,-1.4539
9.45569e-06,6.02818e-05,-0.131777,0.409098,-0.483586,0.587777,-1.02543,0.0931905,0.482347,-1.45228
9.47049e-06,6.03512e-05,-0.140147,0.405418,-0.489045,0.583365,-1.02596,0.0871114,0.487145,-1.45064
9.48506e-06,6.04208e-05,-0.148453,0.401551,-0.494462,0.578902,-1.02646,0.0810292,0.491938,-1.44899
9.49941e-06,6.04905e-05,-0.156689,0.397498,-0.499836,0.574388,-1.02691,0.074944,0.496725,-1.44733
9.51354e-06,6.05604e-05,-0.164853,0.393258,-0.505166,0.569824,-1.02733,0.0688562,0.501507,-1.44564
9.52743e-06,6.06304e-05,-0.172939,0.388834,-0.510453,0.565211,-1.02772,0.062766,0.506283,-1.44395
9.5411e-06,6.07006e-05,-0.180943,0.384226,-0.515694,0.560548,-1.02806,0.0566735,0.511054,-1.44223
9.55453e-06,6.07709e-05,-0.188861,0.379435,-0.520891,0.555837,-1.02837,0.050579,0.515819,-1.4405
9.56772e-06,6.08414e-05,-0.196688,0.374463,-0.526043,0.551077,-1.02865,0.0444827,0.520579,-1.43876
9.58068e-06,6.0912e-05,-0.204422,0.369311,-0.531148,0.546269,-1.02888,0.0383848,0.525332,-1.437
9.59341e-06,6.09828e-05,-0.212056,0.36398,-0.536208,0.541414,-1.02908,0.0322855,0.530081,-1.43522
9.60589e-06,6.10537e-05,-0.219587,0.358472,-0.541221,0.536511,-1.02925,0.0261851,0.534823,-1.43343
9.61813e-06,6.11248e-05,-0.22701,0.352789,-0.546186,0.531562,-1.02937,0.0200838,0.539559,-1.43162
9.63013e-06,6.1196e-05,-0.234322,0.346932,-0.551105,0.526567,-1.02946,0.0139817,0.54429,-1.4298
9.64189e-06,6.12673e-05,-0.241518,0.340903,-0.555975,0.521526,-1.02952,0.00787918,0.549014,-1.42796
9.65339e-06,6.13388e-05,-0.248593,0.334704,-0.560797,0.51644,-1.02953,0.00177635,0.553733,-1.4261
9.66465e-06,6.14104e-05,-0.255544,0.328338,-0.56557,0.511309,-1.02951,-0.00432654,0.558445,-1.42423
9.67566e-06,6.14821e-05,-0.262366,0.321807,-0.570295,0.506133,-1.02946,-0.0104293,0.563151,-1.42234
9.68642e-06,6.15539e-05,-0.269055,0.315112,-0.574969,0.500914,-1.02936,-0.0165316,0.567852,-1.42044
9.69692e-06,6.16259e-05,-0.275607,0.308256,-0.579594,0.495651,-1.02923,-0.0226334,0.572546,-1.41852
9.70717e-06,6.1698e-05,-0.282018,0.301243,-0.584169,0.490345,-1.02906,-0.0287344,0.577233,-1.41659
9.71717e-06,6.17703e-05,-0.288283,0.294074,-0.588693,0.484996,-1.02886,-0.0348343,0.581915,-1.41464
9.7269e-06,6.18426e-05,-0.294398,0.286753,-0.593165,0.479606,-1.02862,-0.040933,0.586589,-1.41268
9.73638e-06,6.19151e-05,-0.30036,0.279282,-0.597587,0.474173,-1.02834,-0.0470302,0.591258,-1.4107
9.74559e-06,6.19877e-05,-0.306164,0.271664,-0.601956,0.4687,-1.02803,-0.0531257,0.59592,-1.4087
9.75455e-06,6.20604e-05,-0.311806,0.263903,-0.606274,0.463186,-1.02768,-0.0592194,0.600576,-1.40669
9.76323e-06,6.21332e-05,-0.317283,0.256002,-0.610539,0.457632,-1.02729,-0.0653109,0.605224,-1.40467
9.77166e-06,6.22061e-05,-0.322591,0.247964,-0.61475,0.452039,-1.02687,-0.0714001,0.609867,-1.40263
9.77981e-06,6.22791e-05,-0.327725,0.239794,-0.618909,0.446406,-1.02641,-0.0774867,0.614502,-1.40057
9.7877e-06,6.23522e-05,-0.332683,0.231494,-0.623014,0.440735,-1.02591,-0.0835706,0.619131,-1.3985
9.79532e-06,6.24255e-05,-0.33746,0.223068,-0.627065,0.435025,-1.02537,-0.0896515,0.623753,-1.39641
9.80267e-06,6.24988e-05,-0.342052,0.21452,-0.631062,0.429278,-1.0248,-0.0957292,0.628369,-1.39431
9.80974e-06,6.25722e-05,-0.346457,0.205855,-0.635005,0.423493,-1.0242,-0.101803,0.632977,-1.39219
9.81654e-06,6.26457e-05,-0.350671,0.197077,-0.638892,0.417672,-1.02355,-0.107874,0.637578,-1.39006
9.82307e-06,6.27193e-05,-0.354691,0.188189,-0.642724,0.411815,-1.02287,-0.113941,0.642173,-1.38791
9.82931e-06,6.2793e-05,-0.358513,0.179196,-0.6465,0.405922,-1.02216,-0.120004,0.64676,-1.38575
9.83529e-06,6.28668e-05,-0.362134,0.170103,-0.65022,0.399994,-1.0214,-0.126062,0.65134,-1.38357
9.84098e-06,6.29406e-05,-0.365551,0.160914,-0.653885,0.394032,-1.02061,-0.132116,0.655914,-1.38137
9.84639e-06,6.30145e-05,-0.368761,0.151634,-0.657492,0.388035,-1.01979,-0.138165,0.66048,-1.37916
9.85152e-06,6.30886e-05,-0.371762,0.142269,-0.661043,0.382005,-1.01892,-0.144209,0.665038,-1.37694
9.85637e-06,6.31626e-05,-0.374551,0.132821,-0.664537,0.375942,-1.01803,-0.150248,0.66959,-1.3747
9.86094e-06,6.32368e-05,-0.377124,0.123298,-0.667973,0.369846,-1.01709,-0.156282,0.674134,-1.37244
9.86522e-06,6.3311e-05,-0.379481,0.113704,-0.671351,0.363718,-1.01612,-0.16231,0.67867,-1.37018
9.86922e-06,6.33853e-05,-0.381617,0.104044,-0.674671,0.357559,-1.01511,-0.168333,0.6832,-1.36789
9.87293e-06,6.34597e-05,-0.383532,0.0943232,-0.677933,0.351369,-1.01407,-0.174349,0.687721,-1.36559
9.87635e-06,6.35341e-05,-0.385223,0.0845476,-0.681137,0.345149,-1.01299,-0.180359,0.692236,-1.36328
9.87949e-06,6.36085e-05,-0.386688,0.0747226,-0.684281,0.338898,-1.01187,-0.186363,0.696742,-1.36095
9.88234e-06,6.36831e-05,-0.387925,0.0648536,-0.687366,0.332619,-1.01072,-0.19236,0.701241,-1.3586
9.8849e-06,6.37576e-05,-0.388933,0.0549463,-0.690392,0.326311,-1.00953,-0.19835,0.705732,-1.35624
9.88717e-06,6.38322e-05,-0.389711,0.0450065,-0.693359,0.319974,-1.0083,-0.204333,0.710216,-1.35387
9.88914e-06,6.39069e-05,-0.390257,0.0350399,-0.696265,0.31361,-1.00704,-0.210309,0.714692,-1.35148
9.89083e-06,6.39816e-05,-0.39057,0.0250525,-0.699111,0.307219,-1.00574,-0.216277,0.719159,-1.34908
9.89222e-06,6.40564e-05,-0.390649,0.0150501,-0.701897,0.300801,-1.00441,-0.222237,0.723619,-1.34666
9.89332e-06,6.41312e-05,-0.390493,0.00503867,-0.704622,0.294357,-1.00304,-0.22819,0.728071,-1.34422
9.89413e-06,6.4206e-05,-0.390102,-0.00497574,-0.707286,0.287888,-1.00164,-0.234134,0.732515,-1.34177
9.89465e-06,6.42808e-05,-0.389475,-0.0149871,-0.709889,0.281394,-1.0002,-0.24007,0.736951,-1.33931
9.89487e-06,6.43557e-05,-0.388612,-0.0249893,-0.712431,0.274875,-0.998721,-0.245998,0.741379,-1.33683
9.89479e-06,6.44306e-05,-0.387514,-0.0349763,-0.714911,0.268333,-0.997209,-0.251916,0.745799,-1.33434
9.89442e-06,6.45055e-05,-0.386179,-0.044942,-0.717329,0.261768,-0.995661,-0.257826,0.750211,-1.33183
9.89376e-06,6.45805e-05,-0.384609,-0.0548803,-0.719685,0.25518,-0.994078,-0.263726,0.754614,-1.32931
9.8928e-06,6.46554e-05,-0.382803,-0.0647849,-0.72198,0.24857,-0.992459,-0.269617,0.759009,-1.32678
9.89154e-06,6.47304e-05,-0.380763,-0.0746498,-0.724211,0.241939,-0.990804,-0.275498,0.763396,-1.32423
9.88999e-06,6.48054e-05,-0.378489,-0.0844689,-0.72638,0.235286,-0.989114,-0.28137,0.767774,-1.32166
9.88814e-06,6.48804e-05,-0.375983,-0.094236,-0.728487,0.228613,-0.987389,-0.287231,0.772144,-1.31908
9.886e-06,6.49553e-05,-0.373245,-0.103945,-0.73053,0.221921,-0.985628,-0.293082,0.776505,-1.31649
9.88356e-06,6.50303e-05,-0.370278,-0.11359,-0.73251,0.215209,-0.983832,-0.298922,0.780858,-1.31388
9.88083e-06,6.51053e-05,-0.367082,-0.123165,-0.734427,0.208479,-0.982001,-0.304752,0.785202,-1.31125
9.87779e-06,6.51803e-05,-0.36366,-0.132664,-0.73628,0.201731,-0.980135,-0.310571,0.789538,-1.30862
9.87447e-06,6.52553e-05,-0.360013,-0.142081,-0.738069,0.194965,-0.978233,-0.316379,0.793865,-1.30596
9.87085e-06,6.53302e-05,-0.356143,-0.15141,-0.739795,0.188182,-0.976297,-0.322176,0.798183,-1.3033
9.86693e-06,6.54052e-05,-0.352053,-0.160645,-0.741457,0.181383,-0.974325,-0.32796,0.802493,-1.30062
9.86272e-06,6.54801e-05,-0.347746,-0.169781,-0.743054,0.174569,-0.972319,-0.333734,0.806794,-1.29792
9.85821e-06,6.5555e-05,-0.343224,-0.178813,-0.744588,0.167739,-0.970278,-0.339495,0.811085,-1.29521
9.85341e-06,6.56299e-05,-0.33849,-0.187733,-0.746056,0.160895,-0.968202,-0.345244,0.815368,-1.29249
9.84831e-06,6.57047e-05,-0.333546,-0.196538,-0.74746,0.154037,-0.966091,-0.350981,0.819642,-1.28975
9.84292e-06,6.57796e-05,-0.328397,-0.205221,-0.7488,0.147165,-0.963946,-0.356705,0.823907,-1.287
9.83724e-06,6.58543e-05,-0.323045,-0.213777,-0.750075,0.140281,-0.961766,-0.362416,0.828163,-1.28423
9.83126e-06,6.59291e-05,-0.317494,-0.222202,-0.751284,0.133385,-0.959552,-0.368114,0.83241,-1.28145
9.82499e-06,6.60038e-05,-0.311747,-0.23049,-0.752429,0.126477,-0.957303,-0.373799,0.836647,-1.27866
9.81844e-06,6.60785e-05,-0.305809,-0.238636,-0.753508,0.119558,-0.95502,-0.379471,0.840876,-1.27585
9.81159e-06,6.61531e-05,-0.299683,-0.246636,-0.754522,0.112629,-0.952703,-0.385129,0.845095,-1.27303
9.80445e-06,6.62277e-05,-0.293374,-0.254484,-0.755471,0.10569,-0.950351,-0.390773,0.849305,-1.27019
9.79702e-06,6.63022e-05,-0.286885,-0.262177,-0.756354,0.0987418,-0.947966,-0.396404,0.853506,-1.26734
9.7893e-06,6.63767e-05,-0.28022,-0.26971,-0.757172,0.0917851,-0.945546,-0.40202,0.857697,-1.26448
9.78129e-06,6.64511e-05,-0.273385,-0.277078,-0.757924,0.0848205,-0.943093,-0.407621,0.861878,-1.2616
9.773e-06,6.65255e-05,-0.266384,-0.284277,-0.75861,0.0778485,-0.940605,-0.413208,0.866051,-1.25871
9.76442e-06,6.65998e-05,-0.259221,-0.291304,-0.75923,0.0708698,-0.938084,-0.41878,0.870213,-1.2558
9.75555e-06,6.66741e-05,-0.251901,-0.298155,-0.759785,0.0638849,-0.93553,-0.424337,0.874367,-1.25288
9.74641e-06,6.67482e-05,-0.24443,-0.304826,-0.760273,0.0568945,-0.932941,-0.429879,0.87851,-1.24995
9.73697e-06,6.68223e-05,-0.236811,-0.311314,-0.760696,0.0498992,-0.930319,-0.435406,0.882644,-1.247
9.72726e-06,6.68964e-05,-0.22905,-0.317615,-0.761052,0.0428995,-0.927664,-0.440917,0.886768,-1.24404
9.71726e-06,6.69703e-05,-0.221153,-0.323726,-0.761343,0.0358961,-0.924975,-0.446412,0.890883,-1.24106
9.70698e-06,6.70442e-05,-0.213123,-0.329644,-0.761567,0.0288896,-0.922254,-0.45189,0.894987,-1.23808
9.69643e-06,6.7118e-05,-0.204968,-0.335366,-0.761725,0.0218806,-0.919499,-0.457353,0.899082,-1.23507
9.68559e-06,6.71917e-05,-0.19669,-0.34089,-0.761816,0.0148697,-0.916711,-0.462799,0.903167,-1.23206
9.67448e-06,6.72654e-05,-0.188297,-0.346213,-0.761842,0.00785746,-0.91389,-0.468229,0.907242,-1.22903
9.66309e-06,6.73389e-05,-0.179794,-0.351333,-0.761801,0.000844578,-0.911036,-0.473642,0.911307,-1.22599
9.65143e-06,6.74124e-05,-0.171185,-0.356247,-0.761694,-0.00616837,-0.908149,-0.479037,0.915362,-1.22293
9.6395e-06,6.74857e-05,-0.162476,-0.360954,-0.76152,-0.0131808,-0.90523,-0.484416,0.919407,-1.21986
9.62729e-06,6.7559e-05,-0.153674,-0.365452,-0.761281,-0.020192,-0.902278,-0.489777,0.923441,-1.21678
9.61481e-06,6.76322e-05,-0.144782,-0.369738,-0.760974,-0.0272015,-0.899294,-0.49512,0.927466,-1.21368
9.60206e-06,6.77053e-05,-0.135808,-0.373812,-0.760602,-0.0342086,-0.896278,-0.500446,0.93148,-1.21057
9.58904e-06,6.77783e-05,-0.126756,-0.377672,-0.760163,-0.0412127,-0.893229,-0.505754,0.935485,-1.20745
9.57575e-06,6.78511e-05,-0.117631,-0.381317,-0.759658,-0.0482133,-0.890148,-0.511043,0.939478,-1.20431
9.5622e-06,6.79239e-05,-0.10844,-0.384745,-0.759087,-0.0552096,-0.887035,-0.516314,0.943462,-1.20116
9.54839e-06,6.79966e-05,-0.0991876,-0.387957,-0.758449,-0.0622011,-0.88389,-0.521567,0.947435,-1.198
9.53431e-06,6.80691e-05,-0.0898796,-0.390951,-0.757746,-0.0691871,-0.880713,-0.5268,0.951398,-1.19482
9.51996e-06,6.81415e-05,-0.0805214,-0.393726,-0.756976,-0.0761671,-0.877505,-0.532015,0.95535,-1.19163
9.50536e-06,6.82139e-05,-0.0711185,-0.396283,-0.75614,-0.0831405,-0.874265,-0.537211,0.959292,-1.18843
9.4905e-06,6.82861e-05,-0.0616762,-0.398621,-0.755237,-0.0901065,-0.870993,-0.542387,0.963223,-1.18522
9.47538e-06,6.83582e-05,-0.0522001,-0.400739,-0.754269,-0.0970647,-0.86769,-0.547543,0.967143,-1.18199
9.46e-06,6.84301e-05,-0.0426954,-0.402639,-0.753235,-0.104014,-0.864356,-0.55268,0.971053,-1.17875
9.44437e-06,6.8502e-05,-0.0331674,-0.404319,-0.752135,-0.110955,-0.860991,-0.557797,0.974952,-1.17549
9.42848e-06,6.85737e-05,-0.0236215,-0.40578,-0.750969,-0.117886,-0.857594,-0.562894,0.978841,-1.17222
9.41234e-06,6.86453e-05,-0.0140629,-0.407024,-0.749737,-0.124806,-0.854167,-0.567971,0.982718,-1.16894
9.39595e-06,6.87168e-05,-0.00449679,-0.408049,-0.74844,-0.131716,-0.850709,-0.573027,0.986585,-1.16565
9.37931e-06,6.87881e-05,0.00507174,-0.408857,-0.747077,-0.138614,-0.84722,-0.578062,0.990441,-1.16235
9.36243e-06,6.88593e-05,0.0146376,-0.409449,-0.745648,-0.1455,-0.843701,-0.583077,0.994286,-1.15903
9.34529e-06,6.89304e-05,0.0241957,-0.409825,-0.744154,-0.152373,-0.840151,-0.58807,0.998121,-1.15569
9.32791e-06,6.90013e-05,0.0337412,-0.409987,-0.742595,-0.159233,-0.836571,-0.593043,1.00194,-1.15235
9.31029e-06,6.90721e-05,0.0432692,-0.409936,-0.74097,-0.166078,-0.832961,-0.597994,1.00576,-1.14899
9.29242e-06,6.91428e-05,0.0527748,-0.409673,-0.739281,-0.17291,-0.82932,-0.602923,1.00956,-1.14562
9.27432e-06,6.92133e-05,0.0622533,-0.409199,-0.737526,-0.179726,-0.82565,-0.607831,1.01335,-1.14224
9.25597e-06,6.92836e-05,0.0716999,-0.408516,-0.735707,-0.186526,-0.82195,-0.612716,1.01713,-1.13885
9.23739e-06,6.93539e-05,0.0811101,-0.407625,-0.733823,-0.193309,-0.81822,-0.61758,1.02089,-1.13544
9.21857e-06,6.94239e-05,0.0904794,-0.406529,-0.731874,-0.200076,-0.814461,-0.622421,1.02465,-1.13202
9.19951e-06,6.94939e-05,0.0998032,-0.405228,-0.729861,-0.206825,-0.810672,-0.627239,1.02839,-1.12859
9.18022e-06,6.95636e-05,0.109077,-0.403725,-0.727783,-0.213556,-0.806854,-0.632035,1.03213,-1.12514
9.1607e-06,6.96333e-05,0.118297,-0.402021,-0.725641,-0.220268,-0.803007,-0.636809,1.03585,-1.12169
9.14095e-06,6.97027e-05,0.127459,-0.400119,-0.723436,-0.226961,-0.799131,-0.641559,1.03956,-1.11822
9.12097e-06,6.97721e-05,0.136558,-0.398021,-0.721166,-0.233633,-0.795225,-0.646286,1.04326,-1.11473
9.10076e-06,6.98412e-05,0.14559,-0.395729,-0.718833,-0.240285,-0.791291,-0.650989,1.04695,-1.11124
9.08033e-06,6.99102e-05,0.154552,-0.393244,-0.716436,-0.246916,-0.787329,-0.655669,1.05062,-1.10773
9.05967e-06,6.99791e-05,0.163439,-0.39057,-0.713976,-0.253524,-0.783338,-0.660326,1.05429,-1.10421
9.03879e-06,7.00477e-05,0.172248,-0.387709,-0.711453,-0.260111,-0.779319,-0.664958,1.05794,-1.10068
9.01769e-06,7.01163e-05,0.180975,-0.384663,-0.708867,-0.266674,-0.775271,-0.669566,1.06158,-1.09714
8.99637e-06,7.01846e-05,0.189616,-0.381435,-0.706218,-0.273214,-0.771195,-0.67415,1.06521,-1.09359
8.97483e-06,7.02528e-05,0.198168,-0.378027,-0.703506,-0.27973,-0.767092,-0.67871,1.06883,-1.09002
8.95307e-06,7.03208e-05,0.206627,-0.374442,-0.700732,-0.28622,-0.76296,-0.683245,1.07244,-1.08644
8.9311e-06,7.03887e-05,0.214989,-0.370682,-0.697896,-0.292686,-0.758801,-0.687755,1.07603,-1.08285
8.90891e-06,7.04564e-05,0.223253,-0.366751,-0.694998,-0.299125,-0.754615,-0.692241,1.07962,-1.07925
8.88651e-06,7.05239e-05,0.231413,-0.36265,-0.692039,-0.305538,-0.750401,-0.696701,1.08319,-1.07563
8.86391e-06,7.05912e-05,0.239467,-0.358384,-0.689018,-0.311924,-0.74616,-0.701136,1.08674,-1.072
8.84109e-06,7.06583e-05,0.247412,-0.353954,-0.685935,-0.318281,-0.741892,-0.705546,1.09029,-1.06836
8.81806e-06,7.07253e-05,0.255246,-0.349364,-0.682792,-0.324611,-0.737597,-0.70993,1.09383,-1.06471
8.79483e-06,7.07921e-05,0.262964,-0.344617,-0.679588,-0.330912,-0.733275,-0.714288,1.09735,-1.06105
8.77139e-06,7.08588e-05,0.270564,-0.339715,-0.676323,-0.337183,-0.728927,-0.71862,1.10086,-1.05738
8.74775e-06,7.09252e-05,0.278044,-0.334661,-0.672998,-0.343424,-0.724552,-0.722927,1.10436,-1.05369
8.72391e-06,7.09915e-05,0.2854,-0.329459,-0.669613,-0.349635,-0.720151,-0.727207,1.10784,-1.05
8.69987e-06,7.10575e-05,0.29263,-0.324111,-0.666168,-0.355814,-0.715724,-0.73146,1.11132,-1.04629
8.67563e-06,7.11234e-05,0.299732,-0.318622,-0.662664,-0.361962,-0.711271,-0.735687,1.11478,-1.04257
8.6512e-06,7.11891e-05,0.306703,-0.312993,-0.659101,-0.368077,-0.706792,-0.739888,1.11823,-1.03884
8.62657e-06,7.12547e-05,0.313541,-0.307228,-0.655479,-0.37416,-0.702287,-0.744061,1.12167,-1.03509
8.60174e-06,7.132e-05,0.320243,-0.30133,-0.651798,-0.380208,-0.697757,-0.748208,1.12509,-1.03134
8.57673e-06,7.13851e-05,0.326807,-0.295302,-0.648059,-0.386223,-0.693201,-0.752327,1.1285,-1.02757
8.55152e-06,7.14501e-05,0.333232,-0.289148,-0.644261,-0.392204,-0.68862,-0.756419,1.1319,-1.02379
8.52613e-06,7.15148e-05,0.339514,-0.28287,-0.640406,-0.398149,-0.684014,-0.760483,1.13529,-1.02001
8.50054e-06,7.15794e-05,0.345652,-0.276473,-0.636494,-0.404058,-0.679384,-0.76452,1.13867,-1.01621
8.47477e-06,7.16438e-05,0.351644,-0.269958,-0.632524,-0.409931,-0.674728,-0.768529,1.14203,-1.01239
8.44882e-06,7.17079e-05,0.357489,-0.263331,-0.628498,-0.415768,-0.670048,-0.77251,1.14538,-1.00857
8.42269e-06,7.17719e-05,0.363183,-0.256592,-0.624415,-0.421566,-0.665344,-0.776463,1.14872,-1.00474
8.39637e-06,7.18357e-05,0.368727,-0.249747,-0.620276,-0.427328,-0.660615,-0.780388,1.15204,-1.00089
8.36987e-06,7.18993e-05,0.374117,-0.242798,-0.616081,-0.43305,-0.655863,-0.784284,1.15535,-0.997039
8.3432e-06,7.19626e-05,0.379352,-0.235749,-0.611831,-0.438734,-0.651086,-0.788151,1.15865,-0.993172
8.31635e-06,7.20258e-05,0.384432,-0.228603,-0.607526,-0.444378,-0.646286,-0.79199,1.16194,-0.989295
8.28933e-06,7.20888e-05,0.389354,-0.221363,-0.603166,-0.449982,-0.641462,-0.7958,1.16521,-0.985406
8.26213e-06,7.21515e-05,0.394116,-0.214032,-0.598751,-0.455545,-0.636615,-0.799581,1.16847,-0.981507
8.23476e-06,7.22141e-05,0.398719,-0.206614,-0.594282,-0.461067,-0.631745,-0.803333,1.17172,-0.977597
8.20723e-06,7.22764e-05,0.40316,-0.199113,-0.58976,-0.466548,-0.626852,-0.807056,1.17495,-0.973676
8.17952e-06,7.23386e-05,0.407438,-0.191531,-0.585184,-0.471986,-0.621936,-0.810749,1.17817,-0.969744
8.15165e-06,7.24005e-05,0.411552,-0.183872,-0.580556,-0.477382,-0.616997,-0.814413,1.18138,-0.965802
8.12361e-06,7.24622e-05,0.415501,-0.17614,-0.575875,-0.482735,-0.612035,-0.818047,1.18458,-0.961849
8.09541e-06,7.25237e-05,0.419284,-0.168336,-0.571141,-0.488043,-0.607052,-0.821651,1.18776,-0.957885
8.06705e-06,7.2585e-05,0.4229,-0.160466,-0.566356,-0.493308,-0.602046,-0.825225,1.19093,-0.953911
8.03853e-06,7.26461e-05,0.426348,-0.152532,-0.56152,-0.498528,-0.597018,-0.828769,1.19409,-0.949926
8.00986e-06,7.2707e-05,0.429627,-0.144538,-0.556632,-0.503702,-0.591968,-0.832283,1.19723,-0.945931
7.98102e-06,7.27676e-05,0.432736,-0.136486,-0.551694,-0.508831,-0.586897,-0.835766,1.20036,-0.941925
7.95203e-06,7.2828e-05,0.435676,-0.128381,-0.546706,-0.513913,-0.581804,-0.839219,1.20348,-0.937909
7.92289e-06,7.28882e-05,0.438444,-0.120225,-0.541668,-0.518949,-0.57669,-0.842641,1.20658,-0.933882
7.8936e-06,7.29482e-05,0.441041,-0.112023,-0.536581,-0.523937,-0.571555,-0.846032,1.20967,-0.929846
7.86415e-06,7.3008e-05,0.443466,-0.103776,-0.531445,-0.528878,-0.566399,-0.849392,1.21275,-0.925799
7.83456e-06,7.30676e-05,0.445718,-0.0954894,-0.52626,-0.53377,-0.561223,-0.852722,1.21581,-0.921741
7.80483e-06,7.31269e-05,0.447797,-0.0871654,-0.521027,-0.538614,-0.556025,-0.85602,1.21886,-0.917674
7.77495e-06,7.3186e-05,0.449702,-0.0788075,-0.515747,-0.543408,-0.550808,-0.859287,1.2219,-0.913596
7.74492e-06,7.32449e-05,0.451434,-0.0704192,-0.510419,-0.548153,-0.54557,-0.862522,1.22492,-0.909509
7.71476e-06,7.33035e-05,0.452991,-0.0620037,-0.505045,-0.552847,-0.540312,-0.865726,1.22793,-0.905411
7.68445e-06,7.3362e-05,0.454374,-0.0535643,-0.499625,-0.557491,-0.535035,-0.868898,1.23092,-0.901303
7.65401e-06,7.34202e-05,0.455582,-0.0451043,-0.494159,-0.562084,-0.529738,-0.872038,1.23391,-0.897185
7.62344e-06,7.34782e-05,0.456615,-0.0366269,-0.488647,-0.566626,-0.524422,-0.875146,1.23688,-0.893058
7.59272e-06,7.35359e-05,0.457474,-0.0281355,-0.483091,-0.571115,-0.519086,-0.878223,1.23983,-0.88892
7.56188e-06,7.35934e-05,0.458158,-0.0196332,-0.47749,-0.575552,-0.513731,-0.881267,1.24277,-0.884773
7.53091e-06,7.36507e-05,0.458666,-0.0111235,-0.471846,-0.579936,-0.508358,-0.884278,1.2457,-0.880616
7.49981e-06,7.37078e-05,0.459,-0.0026095,-0.466158,-0.584267,-0.502966,-0.887258,1.24861,-0.876449
7.46858e-06,7.37646e-05,0.459159,0.00590553,-0.460427,-0.588544,-0.497555,-0.890204,1.25151,-0.872273
7.43722e-06,7.38212e-05,0.459144,0.0144183,-0.454654,-0.592766,-0.492126,-0.893118,1.2544,-0.868087
7.40574e-06,7.38775e-05,0.458953,0.0229257,-0.448839,-0.596934,-0.486679,-0.896,1.25727,-0.863891
7.37414e-06,7.39336e-05,0.458589,0.0314244,-0.442982,-0.601047,-0.481215,-0.898848,1.26013,-0.859686
7.34242e-06,7.39895e-05,0.458051,0.0399112,-0.437085,-0.605105,-0.475732,-0.901664,1.26297,-0.855471
7.31059e-06,7.40452e-05,0.457339,0.0483829,-0.431147,-0.609106,-0.470232,-0.904446,1.2658,-0.851247
7.27863e-06,7.41006e-05,0.456454,0.0568363,-0.425169,-0.613052,-0.464715,-0.907195,1.26862,-0.847013
7.24657e-06,7.41557e-05,0.455396,0.0652682,-0.419152,-0.61694,-0.459181,-0.909911,1.27142,-0.84277
7.21438e-06,7.42107e-05,0.454166,0.0736754,-0.413096,-0.620771,-0.45363,-0.912593,1.27421,-0.838518
7.18209e-06,7.42654e-05,0.452764,0.0820548,-0.407002,-0.624545,-0.448062,-0.915242,1.27699,-0.834256
7.14969e-06,7.43198e-05,0.451191,0.0904033,-0.40087,-0.628261,-0.442478,-0.917857,1.27975,-0.829986
7.11719e-06,7.4374e-05,0.449447,0.0987175,-0.394701,-0.631919,-0.436877,-0.920438,1.28249,-0.825706
7.08457e-06,7.4428e-05,0.447534,0.106994,-0.388495,-0.635517,-0.43126,-0.922986,1.28522,-0.821416
7.05186e-06,7.44817e-05,0.445451,0.115231,-0.382253,-0.639057,-0.425628,-0.925499,1.28794,-0.817118
7.01904e-06,7.45352e-05,0.4432,0.123424,-0.375976,-0.642537,-0.41998,-0.927979,1.29065,-0.812811
6.98612e-06,7.45884e-05,0.44078,0.13157,-0.369663,-0.645958,-0.414316,-0.930424,1.29333,-0.808495
6.95311e-06,7.46414e-05,0.438195,0.139667,-0.363316,-0.649318,-0.408637,-0.932835,1.29601,-0.80417
6.92e-06,7.46942e-05,0.435443,0.14771,-0.356935,-0.652618,-0.402943,-0.935212,1.29867,-0.799836
6.88679e-06,7.47467e-05,0.432526,0.155698,-0.350521,-0.655856,-0.397235,-0.937554,1.30132,-0.795493
6.8535e-06,7.47989e-05,0.429445,0.163627,-0.344074,-0.659034,-0.391511,-0.939862,1.30395,-0.791141
6.82011e-06,7.48509e-05,0.426201,0.171493,-0.337595,-0.66215,-0.385773,-0.942135,1.30657,-0.786781
6.78663e-06,7.49027e-05,0.422795,0.179295,-0.331085,-0.665204,-0.380021,-0.944373,1.30917,-0.782412
6.75307e-06,7.49542e-05,0.419229,0.187028,-0.324543,-0.668195,-0.374255,-0.946576,1.31176,-0.778034
6.71942e-06,7.50055e-05,0.415502,0.19469,-0.317971,-0.671124,-0.368475,-0.948745,1.31433,-0.773648
6.68569e-06,7.50565e-05,0.411618,0.202278,-0.311369,-0.67399,-0.362682,-0.950878,1.31689,-0.769253
6.65188e-06,7.51072e-05,0.407576,0.209789,-0.304738,-0.676793,-0.356875,-0.952977,1.31944,-0.76485
6.61799e-06,7.51577e-05,0.403378,0.21722,-0.298078,-0.679532,-0.351055,-0.95504,1.32197,-0.760438
6.58402e-06,7.5208e-05,0.399026,0.224567,-0.29139,-0.682207,-0.345222,-0.957068,1.32448,-0.756017
6.54998e-06,7.5258e-05,0.394521,0.231828,-0.284675,-0.684818,-0.339376,-0.959061,1.32698,-0.751589
6.51586e-06,7.53078e-05,0.389864,0.239,-0.277933,-0.687364,-0.333518,-0.961018,1.32947,-0.747152
6.48168e-06,7.53573e-05,0.385057,0.246081,-0.271165,-0.689846,-0.327647,-0.962939,1.33194,-0.742707
6.44742e-06,7.54065e-05,0.380102,0.253066,-0.264371,-0.692263,-0.321765,-0.964825,1.3344,-0.738253
6.41309e-06,7.54555e-05,0.375,0.259954,-0.257552,-0.694614,-0.31587,-0.966676,1.33684,-0.733792
6.3787e-06,7.55042e-05,0.369752,0.26674,-0.250709,-0.696899,-0.309964,-0.96849,1.33927,-0.729322
6.34425e-06,7.55527e-05,0.364361,0.273424,-0.243842,-0.699119,-0.304046,-0.970269,1.34168,-0.724844
6.30973e-06,7.5601e-05,0.358828,0.280001,-0.236952,-0.701273,-0.298117,-0.972012,1.34408,-0.720358
6.27516e-06,7.56489e-05,0.353155,0.286468,-0.23004,-0.70336,-0.292177,-0.973718,1.34646,-0.715865
6.24052e-06,7.56967e-05,0.347344,0.292824,-0.223106,-0.70538,-0.286226,-0.975389,1.34883,-0.711363
6.20583e-06,7.57441e-05,0.341396,0.299065,-0.21615,-0.707334,-0.280264,-0.977024,1.35118,-0.706853
6.17109e-06,7.57913e-05,0.335314,0.305188,-0.209175,-0.70922,-0.274292,-0.978622,1.35352,-0.702336
6.13629e-06,7.58383e-05,0.3291,0.31119,-0.202179,-0.711039,-0.26831,-0.980185,1.35584,-0.697811
6.10144e-06,7.5885e-05,0.322756,0.31707,-0.195164,-0.712791,-0.262318,-0.98171,1.35815,-0.693278
6.06654e-06,7.59314e-05,0.316283,0.322824,-0.18813,-0.714474,-0.256317,-0.9832,1.36044,-0.688738
6.0316e-06,7.59776e-05,0.309685,0.328449,-0.181079,-0.71609,-0.250305,-0.984653,1.36272,-0.684189
5.99661e-06,7.60235e-05,0.302963,0.333943,-0.17401,-0.717637,-0.244285,-0.986069,1.36498,-0.679634
5.96158e-06,7.60692e-05,0.296119,0.339303,-0.166925,-0.719116,-0.238255,-0.987449,1.36723,-0.67507
5.92651e-06,7.61146e-05,0.289156,0.344527,-0.159824,-0.720526,-0.232217,-0.988792,1.36947,-0.6705
5.8914e-06,7.61598e-05,0.282077,0.349612,-0.152708,-0.721868,-0.22617,-0.990099,1.37168,-0.665922
5.85625e-06,7.62047e-05,0.274883,0.354555,-0.145576,-0.72314,-0.220114,-0.991368,1.37389,-0.661336
5.82107e-06,7.62493e-05,0.267577,0.359353,-0.138431,-0.724343,-0.214051,-0.992601,1.37607,-0.656743
5.78585e-06,7.62937e-05,0.260163,0.364006,-0.131273,-0.725477,-0.207979,-0.993797,1.37824,-0.652143
5.75061e-06,7.63378e-05,0.252641,0.368509,-0.124102,-0.726541,-0.2019,-0.994956,1.3804,-0.647536
5.71533e-06,7.63817e-05,0.245016,0.37286,-0.11692,-0.727536,-0.195813,-0.996078,1.38254,-0.642922
5.68002e-06,7.64253e-05,0.237289,0.377058,-0.109726,-0.72846,-0.189719,-0.997163,1.38467,-0.6383
5.64469e-06,7.64686e-05,0.229464,0.381098,-0.102521,-0.729315,-0.183618,-0.998211,1.38678,-0.633671
5.60934e-06,7.65117e-05,0.221543,0.384981,-0.0953069,-0.7301,-0.17751,-0.999222,1.38888,-0.629036
5.57396e-06,7.65545e-05,0.21353,0.388702,-0.0880834,-0.730814,-0.171395,-1.0002,1.39096,-0.624393
5.53857e-06,7.65971e-05,0.205427,0.39226,-0.0808514,-0.731458,-0.165274,-1.00113,1.39302,-0.619744
5.50315e-06,7.66394e-05,0.197237,0.395652,-0.0736117,-0.732032,-0.159147,-1.00203,1.39507,-0.615087
5.46772e-06,7.66814e-05,0.188963,0.398876,-0.0663648,-0.732535,-0.153014,-1.00289,1.3971,-0.610424
5.43228e-06,7.67232e-05,0.180609,0.401931,-0.0591115,-0.732967,-0.146875,-1.00372,1.39912,-0.605754
5.39682e-06,7.67648e-05,0.172178,0.404813,-0.0518525,-0.733328,-0.140731,-1.0045,1.40113,-0.601077
5.36135e-06,7.6806e-05,0.163673,0.407521,-0.0445885,-0.733619,-0.134581,-1.00525,1.40311,-0.596394
5.32587e-06,7.6847e-05,0.155096,0.410054,-0.0373202,-0.733839,-0.128427,-1.00597,1.40508,-0.591704
5.29039e-06,7.68878e-05,0.146453,0.412408,-0.0300483,-0.733987,-0.122268,-1.00664,1.40704,-0.587008
5.2549e-06,7.69283e-05,0.137745,0.414582,-0.0227734,-0.734065,-0.116104,-1.00728,1.40898,-0.582305
5.21941e-06,7.69685e-05,0.128977,0.416574,-0.0154964,-0.734071,-0.109936,-1.00788,1.41091,-0.577595
5.18391e-06,7.70085e-05,0.120152,0.418382,-0.00821786,-0.734007,-0.103763,-1.00844,1.41282,-0.57288
5.14842e-06,7.70482e-05,0.111274,0.420005,-0.00093852,-0.73387,-0.0975872,-1.00896,1.41471,-0.568157
5.11292e-06,7.70877e-05,0.102347,0.421441,0.00634091,-0.733663,-0.0914074,-1.00945,1.41659,-0.563429
5.07744e-06,7.71269e-05,0.0933732,0.422688,0.0136197,-0.733384,-0.0852241,-1.0099,1.41845,-0.558694
5.04195e-06,7.71658e-05,0.0843576,0.423745,0.0208972,-0.733034,-0.0790377,-1.01031,1.4203,-0.553953
5.00648e-06,7.72045e-05,0.0753038,0.42461,0.0281727,-0.732613,-0.0728484,-1.01068,1.42213,-0.549206
4.97101e-06,7.72429e-05,0.0662157,0.425282,0.0354454,-0.73212,-0.0666563,-1.01102,1.42394,-0.544453
4.93556e-06,7.72811e-05,0.0570973,0.425759,0.0427146,-0.731556,-0.0604617,-1.01131,1.42574,-0.539694
4.90012e-06,7.7319e-05,0.0479527,0.42604,0.0499797,-0.730921,-0.0542648,-1.01157,1.42753,-0.534929
4.86469e-06,7.73566e-05,0.0387858,0.426123,0.05724,-0.730214,-0.048066,-1.0118,1.4293,-0.530158
4.82928e-06,7.7394e-05,0.0296009,0.426009,0.0644946,-0.729436,-0.0418653,-1.01198,1.43105,-0.525381
4.79388e-06,7.74312e-05,0.0204021,0.425695,0.0717429,-0.728586,-0.035663,-1.01213,1.43279,-0.520599
4.75851e-06,7.74681e-05,0.0111937,0.425181,0.0789842,-0.727665,-0.0294594,-1.01223,1.43451,-0.51581
4.72316e-06,7.75047e-05,0.00198006,0.424465,0.0862177,-0.726673,-0.0232548,-1.0123,1.43621,-0.511016
4.68783e-06,7.7541e-05,-0.00723455,0.423547,0.0934429,-0.72561,-0.0170492,-1.01234,1.4379,-0.506216
4.65253e-06,7.75772e-05,-0.0164457,0.422426,0.100659,-0.724475,-0.010843,-1.01233,1.43957,-0.501411
4.61725e-06,7.7613e-05,-0.0256489,0.421102,0.107865,-0.72327,-0.0046364,-1.01229,1.44123,-0.4966
4.582e-06,7.76486e-05,-0.0348397,0.419574,0.11506,-0.721994,0.00157037,-1.01221,1.44287,-0.491783
4.54679e-06,7.7684e-05,-0.0440135,0.417842,0.122245,-0.720646,0.00777709,-1.01209,1.44449,-0.486962
4.5116e-06,7.7719e-05,-0.0531657,0.415904,0.129417,-0.719228,0.0139835,-1.01193,1.4461,-0.482134
4.47645e-06,7.77539e-05,-0.0622917,0.413761,0.136576,-0.717739,0.0201894,-1.01173,1.4477,-0.477302
4.44133e-06,7.77885e-05,-0.0713868,0.411414,0.143722,-0.716179,0.0263946,-1.0115,1.44927,-0.472464
4.40625e-06,7.78228e-05,-0.0804463,0.408861,0.150854,-0.714549,0.0325987,-1.01123,1.45083,-0.46762
4.37121e-06,7.78569e-05,-0.0894654,0.406102,0.157971,-0.712849,0.0388017,-1.01092,1.45238,-0.462772
4.33621e-06,7.78907e-05,-0.0984393,0.403139,0.165073,-0.711078,0.0450031,-1.01057,1.45391,-0.457919
4.30125e-06,7.79242e-05,-0.107363,0.399971,0.172158,-0.709237,0.0512029,-1.01019,1.45542,-0.45306
4.26633e-06,7.79576e-05,-0.116232,0.396599,0.179226,-0.707326,0.0574008,-1.00976,1.45692,-0.448196
4.23146e-06,7.79906e-05,-0.125042,0.393023,0.186276,-0.705345,0.0635965,-1.0093,1.4584,-0.443328
4.19664e-06,7.80234e-05,-0.133786,0.389244,0.193308,-0.703294,0.0697898,-1.0088,1.45986,-0.438455
4.16186e-06,7.8056e-05,-0.142462,0.385263,0.200321,-0.701174,0.0759805,-1.00826,1.46131,-0.433576
4.12713e-06,7.80883e-05,-0.151062,0.38108,0.207314,-0.698984,0.0821683,-1.00769,1.46274,-0.428693
4.09246e-06,7.81203e-05,-0.159584,0.376698,0.214287,-0.696725,0.088353,-1.00708,1.46416,-0.423805
4.05784e-06,7.81521e-05,-0.168021,0.372115,0.221238,-0.694397,0.0945345,-1.00643,1.46556,-0.418913
4.02327e-06,7.81837e-05,-0.176368,0.367336,0.228167,-0.692001,0.100712,-1.00574,1.46694,-0.414016
3.98876e-06,7.8215e-05,-0.184621,0.362359,0.235074,-0.689535,0.106886,-1.00501,1.46831,-0.409114
3.95431e-06,7.8246e-05,-0.192775,0.357188,0.241958,-0.687001,0.113056,-1.00424,1.46966,-0.404207
3.91991e-06,7.82768e-05,-0.200825,0.351824,0.248817,-0.684399,0.119222,-1.00344,1.47099,-0.399297
3.88558e-06,7.83074e-05,-0.208766,0.346269,0.255652,-0.681729,0.125383,-1.0026,1.47231,-0.394381
3.85131e-06,7.83377e-05,-0.216592,0.340524,0.262461,-0.678991,0.13154,-1.00172,1.47361,-0.389462
3.81711e-06,7.83677e-05,-0.2243,0.334592,0.269244,-0.676186,0.137692,-1.00081,1.4749,-0.384538
3.78297e-06,7.83975e-05,-0.231883,0.328476,0.276,-0.673313,0.143838,-0.999854,1.47617,-0.37961
3.74889e-06,7.84271e-05,-0.239338,0.322177,0.282729,-0.670373,0.149979,-0.998863,1.47742,-0.374677
3.71489e-06,7.84564e-05,-0.246659,0.315698,0.28943,-0.667367,0.156114,-0.997834,1.47866,-0.369741
3.68096e-06,7.84854e-05,-0.253842,0.309043,0.296101,-0.664293,0.162244,-0.996767,1.47988,-0.3648
3.6471e-06,7.85142e-05,-0.260882,0.302213,0.302744,-0.661154,0.168367,-0.995662,1.48108,-0.359856
3.61331e-06,7.85428e-05,-0.267774,0.295212,0.309356,-0.657948,0.174484,-0.99452,1.48227,-0.354907
3.5796e-06,7.85711e-05,-0.274513,0.288043,0.315937,-0.654677,0.180594,-0.99334,1.48344,-0.349955
3.54597e-06,7.85992e-05,-0.281096,0.280709,0.322487,-0.651341,0.186698,-0.992123,1.48459,-0.344998
3.51241e-06,7.8627e-05,-0.287517,0.273214,0.329004,-0.647939,0.192794,-0.990869,1.48573,-0.340038
3.47894e-06,7.86546e-05,-0.293772,0.265562,0.335488,-0.644473,0.198883,-0.989576,1.48685,-0.335074
3.44554e-06,7.86819e-05,-0.299856,0.257755,0.341939,-0.640942,0.204965,-0.988247,1.48796,-0.330106
3.41223e-06,7.8709e-05,-0.305767,0.249799,0.348356,-0.637347,0.211039,-0.98688,1.48905,-0.325135
3.37901e-06,7.87358e-05,-0.311498,0.241697,0.354738,-0.633688,0.217105,-0.985475,1.49012,-0.32016
3.34587e-06,7.87624e-05,-0.317047,0.233453,0.361084,-0.629965,0.223162,-0.984034,1.49117,-0.315181
3.31282e-06,7.87888e-05,-0.322409,0.225071,0.367394,-0.62618,0.229212,-0.982555,1.49221,-0.310199
3.27986e-06,7.88149e-05,-0.32758,0.216556,0.373667,-0.622331,0.235252,-0.981039,1.49323,-0.305214
3.24699e-06,7.88407e-05,-0.332557,0.207913,0.379903,-0.61842,0.241284,-0.979485,1.49424,-0.300225
3.21421e-06,7.88663e-05,-0.337336,0.199146,0.386101,-0.614448,0.247306,-0.977895,1.49523,-0.295232
3.18153e-06,7.88917e-05,-0.341913,0.190261,0.39226,-0.610413,0.253319,-0.976267,1.4962,-0.290237
3.14895e-06,7.89168e-05,-0.346286,0.181261,0.398379,-0.606317,0.259323,-0.974603,1.49716,-0.285238
3.11646e-06,7.89417e-05,-0.35045,0.172152,0.404459,-0.60216,0.265317,-0.972901,1.4981,-0.280236
3.08408e-06,7.89664e-05,-0.354403,0.162939,0.410497,-0.597943,0.2713,-0.971163,1.49902,-0.275232
3.05179e-06,7.89908e-05,-0.358141,0.153628,0.416495,-0.593665,0.277274,-0.969388,1.49993,-0.270224
3.01961e-06,7.90149e-05,-0.361662,0.144224,0.42245,-0.589328,0.283236,-0.967576,1.50082,-0.265213
2.98754e-06,7.90388e-05,-0.364964,0.134732,0.428363,-0.584932,0.289189,-0.965727,1.50169,-0.260199
2.95557e-06,7.90625e-05,-0.368043,0.125158,0.434233,-0.580476,0.29513,-0.963842,1.50255,-0.255182
2.92371e-06,7.9086e-05,-0.370897,0.115508,0.44006,-0.575962,0.30106,-0.96192,1.50339,-0.250162
2.89196e-06,7.91091e-05,-0.373525,0.105787,0.445841,-0.57139,0.306978,-0.959961,1.50421,-0.24514
2.86032e-06,7.91321e-05,-0.375923,0.0960019,0.451578,-0.566761,0.312885,-0.957966,1.50502,-0.240115
2.8288e-06,7.91548e-05,-0.378091,0.0861574,0.45727,-0.562074,0.31878,-0.955935,1.50581,-0.235087
2.79739e-06,7.91773e-05,-0.380026,0.07626,0.462915,-0.55733,0.324662,-0.953867,1.50658,-0.230056
2.7661e-06,7.91995e-05,-0.381728,0.0663157,0.468514,-0.552531,0.330533,-0.951763,1.50734,-0.225023
2.73493e-06,7.92215e-05,-0.383194,0.0563307,0.474065,-0.547675,0.336391,-0.949623,1.50808,-0.219988
2.70388e-06,7.92433e-05,-0.384424,0.0463109,0.479568,-0.542765,0.342236,-0.947446,1.5088,-0.21495
2.67296e-06,7.92648e-05,-0.385416,0.0362625,0.485023,-0.537799,0.348068,-0.945234,1.50951,-0.20991
2.64216e-06,7.92861e-05,-0.386171,0.0261919,0.490429,-0.532779,0.353887,-0.942985,1.5102,-0.204867
2.61149e-06,7.93071e-05,-0.386687,0.016105,0.495786,-0.527706,0.359692,-0.940701,1.51087,-0.199822
2.58095e-06,7.93279e-05,-0.386964,0.00600833,0.501092,-0.522579,0.365484,-0.938381,1.51153,-0.194775
2.55054e-06,7.93485e-05,-0.387001,-0.00409206,0.506348,-0.517399,0.371261,-0.936025,1.51217,-0.189726
2.52026e-06,7.93688e-05,-0.3868,-0.0141899,0.511552,-0.512167,0.377025,-0.933634,1.51279,-0.184675
2.49012e-06,7.93889e-05,-0.386359,-0.0242789,0.516705,-0.506883,0.382774,-0.931207,1.51339,-0.179621
2.46011e-06,7.94088e-05,-0.38568,-0.0343528,0.521806,-0.501547,0.388509,-0.928744,1.51398,-0.174566
2.43025e-06,7.94284e-05,-0.384763,-0.0444055,0.526853,-0.496161,0.394229,-0.926246,1.51456,-0.169509
2.40053e-06,7.94478e-05,-0.383608,-0.0544308,0.531848,-0.490725,0.399933,-0.923713,1.51511,-0.164449
2.37095e-06,7.94669e-05,-0.382217,-0.0644224,0.536788,-0.485239,0.405623,-0.921144,1.51565,-0.159388
2.34151e-06,7.94859e-05,-0.380591,-0.0743744,0.541674,-0.479704,0.411297,-0.91854,1.51617,-0.154326
2.31223e-06,7.95045e-05,-0.378731,-0.0842806,0.546506,-0.47412,0.416955,-0.915902,1.51668,-0.149261
2.28309e-06,7.9523e-05,-0.376639,-0.0941351,0.551282,-0.468488,0.422598,-0.913228,1.51717,-0.144195
2.25411e-06,7.95412e-05,-0.374316,-0.103932,0.556002,-0.462809,0.428224,-0.91052,1.51764,-0.139127
2.22528e-06,7.95592e-05,-0.371764,-0.113665,0.560665,-0.457083,0.433834,-0.907776,1.51809,-0.134058
2.19661e-06,7.9577e-05,-0.368985,-0.123329,0.565272,-0.45131,0.439428,-0.904998,1.51853,-0.128987
2.1681e-06,7.95945e-05,-0.365981,-0.132917,0.569822,-0.445492,0.445004,-0.902186,1.51895,-0.123915
2.13974e-06,7.96119e-05,-0.362755,-0.142425,0.574314,-0.439629,0.450564,-0.899339,1.51936,-0.118841
2.11155e-06,7.96289e-05,-0.359309,-0.151846,0.578747,-0.433721,0.456106,-0.896457,1.51974,-0.113766
2.08353e-06,7.96458e-05,-0.355646,-0.161176,0.583122,-0.427769,0.461631,-0.893542,1.52011,-0.10869
2.05567e-06,7.96624e-05,-0.351769,-0.170408,0.587438,-0.421773,0.467138,-0.890592,1.52047,-0.103613
2.02799e-06,7.96788e-05,-0.34768,-0.179538,0.591694,-0.415735,0.472628,-0.887608,1.5208,-0.0985343
2.00047e-06,7.9695e-05,-0.343383,-0.188561,0.59589,-0.409655,0.478099,-0.88459,1.52112,-0.0934547
1.97313e-06,7.9711e-05,-0.338881,-0.19747,0.600026,-0.403533,0.483552,-0.881539,1.52143,-0.0883741
1.94597e-06,7.97267e-05,-0.334177,-0.206262,0.604101,-0.39737,0.488987,-0.878453,1.52171,-0.0832925
1.91898e-06,7.97423e-05,-0.329275,-0.214932,0.608114,-0.391167,0.494403,-0.875334,1.52198,-0.0782099
1.89218e-06,7.97576e-05,-0.324179,-0.223475,0.612066,-0.384924,0.4998,-0.872182,1.52224,-0.0731265
1.86556e-06,7.97727e-05,-0.318892,-0.231886,0.615956,-0.378642,0.505178,-0.868996,1.52247,-0.0680422
1.83912e-06,7.97875e-05,-0.313417,-0.240161,0.619783,-0.372321,0.510536,-0.865777,1.52269,-0.0629573
1.81287e-06,7.98022e-05,-0.30776,-0.248296,0.623547,-0.365963,0.515875,-0.862524,1.52289,-0.0578716
1.78682e-06,7.98166e-05,-0.301923,-0.256286,0.627248,-0.359568,0.521194,-0.859239,1.52308,-0.0527853
1.76095e-06,7.98308e-05,-0.295912,-0.264128,0.630885,-0.353136,0.526494,-0.85592,1.52325,-0.0476983
1.73528e-06,7.98449e-05,-0.28973,-0.271818,0.634458,-0.346668,0.531773,-0.852569,1.5234,-0.0426109
1.70981e-06,7.98587e-05,-0.283382,-0.279351,0.637967,-0.340165,0.537031,-0.849185,1.52353,-0.037523
1.68453e-06,7.98723e-05,-0.276872,-0.286725,0.641411,-0.333628,0.542269,-0.845769,1.52365,-0.0324347
1.65945e-06,7.98856e-05,-0.270205,-0.293936,0.64479,-0.327056,0.547486,-0.84232,1.52375,-0.027346
1.63458e-06,7.98988e-05,-0.263385,-0.30098,0.648103,-0.320452,0.552683,-0.838839,1.52383,-0.022257
1.60992e-06,7.99118e-05,-0.256416,-0.307855,0.651351,-0.313814,0.557858,-0.835326,1.5239,-0.0171677
1.58546e-06,7.99246e-05,-0.249303,-0.314557,0.654532,-0.307145,0.563011,-0.83178,1.52395,-0.0120783
1.56121e-06,7.99371e-05,-0.242052,-0.321084,0.657648,-0.300445,0.568143,-0.828203,1.52398,-0.00698872
1.53717e-06,7.99495e-05,-0.234666,-0.327432,0.660696,-0.293715,0.573254,-0.824594,1.524,-0.00189908
1.51335e-06,7.99617e-05,-0.227151,-0.3336,0.663677,-0.286954,0.578342,-0.820953,1.524,0.00319059
1.48975e-06,7.99737e-05,-0.219511,-0.339585,0.666591,-0.280164,0.583408,-0.817281,1.52398,0.00828022
1.46636e-06,7.99855e-05,-0.211752,-0.345384,0.669437,-0.273346,0.588451,-0.813577,1.52395,0.0133698
1.44319e-06,7.9997e-05,-0.203877,-0.350996,0.672216,-0.2665,0.593472,-0.809842,1.5239,0.0184592
1.42025e-06,8.00084e-05,-0.195892,-0.356418,0.674926,-0.259628,0.59847,-0.806076,1.52383,0.0235484
1.39753e-06,8.00197e-05,-0.187802,-0.361649,0.677567,-0.252728,0.603446,-0.802279,1.52374,0.0286373
1.37503e-06,8.00307e-05,-0.179612,-0.366686,0.68014,-0.245803,0.608398,-0.798451,1.52364,0.0337259
1.35277e-06,8.00415e-05,-0.171326,-0.371529,0.682644,-0.238854,0.613326,-0.794592,1.52352,0.0388141
1.33073e-06,8.00522e-05,-0.16295,-0.376175,0.685079,-0.231879,0.618231,-0.790703,1.52339,0.043902
1.30893e-06,8.00626e-05,-0.154488,-0.380624,0.687444,-0.224882,0.623112,-0.786784,1.52323,0.0489893
1.28737e-06,8.00729e-05,-0.145945,-0.384874,0.689739,-0.217861,0.62797,-0.782834,1.52307,0.0540761
1.26603e-06,8.0083e-05,-0.137327,-0.388924,0.691965,-0.210819,0.632803,-0.778854,1.52288,0.0591623
1.24494e-06,8.0093e-05,-0.128638,-0.392773,0.69412,-0.203755,0.637611,-0.774844,1.52268,0.0642478
1.22409e-06,8.01028e-05,-0.119883,-0.396421,0.696205,-0.196671,0.642396,-0.770804,1.52246,0.0693326
1.20348e-06,8.01124e-05,-0.111066,-0.399866,0.69822,-0.189566,0.647155,-0.766734,1.52222,0.0744167
1.18312e-06,8.01218e-05,-0.102194,-0.403109,0.700164,-0.182442,0.65189,-0.762635,1.52197,0.0794999
1.163e-06,8.0131e-05,-0.0932696,-0.406148,0.702036,-0.1753,0.656599,-0.758507,1.52169,0.0845822
1.14312e-06,8.01401e-05,-0.0842986,-0.408983,0.703838,-0.16814,0.661283,-0.754349,1.52141,0.0896637
1.1235e-06,8.01491e-05,-0.0752856,-0.411615,0.705568,-0.160963,0.665942,-0.750163,1.5211,0.0947441
1.10413e-06,8.01578e-05,-0.0662354,-0.414043,0.707227,-0.15377,0.670575,-0.745947,1.52078,0.0998234
1.08501e-06,8.01664e-05,-0.0571525,-0.416266,0.708815,-0.146561,0.675182,-0.741703,1.52044,0.104902
1.06615e-06,8.01749e-05,-0.0480416,-0.418286,0.710331,-0.139337,0.679763,-0.73743,1.52009,0.109979
1.04754e-06,8.01832e-05,-0.0389073,-0.420102,0.711774,-0.1321,0.684318,-0.733129,1.51972,0.115055
1.02919e-06,8.01914e-05,-0.0297542,-0.421715,0.713146,-0.124849,0.688847,-0.728799,1.51933,0.120129
1.0111e-06,8.01994e-05,-0.0205867,-0.423125,0.714446,-0.117585,0.693349,-0.724441,1.51892,0.125203
9.93265e-07,8.02072e-05,-0.0114094,-0.424332,0.715674,-0.110309,0.697824,-0.720056,1.5185,0.130274
9.75697e-07,8.02149e-05,-0.00222672,-0.425337,0.716829,-0.103022,0.702272,-0.715642,1.51806,0.135345
9.58393e-07,8.02225e-05,0.00695706,-0.426141,0.717912,-0.095725,0.706694,-0.711201,1.5176,0.140414
9.41353e-07,8.023e-05,0.0161376,-0.426745,0.718922,-0.088418,0.711088,-0.706733,1.51713,0.145481
9.24581e-07,8.02373e-05,0.0253105,-0.427149,0.719859,-0.0811022,0.715454,-0.702237,1.51664,0.150547
9.08076e-07,8.02444e-05,0.0344717,-0.427354,0.720724,-0.0737781,0.719793,-0.697714,1.51614,0.155611
8.91841e-07,8.02515e-05,0.0436169,-0.427362,0.721517,-0.0664466,0.724104,-0.693164,1.51561,0.160674
8.75877e-07,8.02584e-05,0.0527421,-0.427173,0.722236,-0.0591083,0.728387,-0.688588,1.51507,0.165734
8.60185e-07,8.02651e-05,0.0618432,-0.426789,0.722883,-0.0517641,0.732642,-0.683985,1.51452,0.170793
8.44766e-07,8.02718e-05,0.0709162,-0.426211,0.723457,-0.0444147,0.736869,-0.679355,1.51394,0.17585
8.29622e-07,8.02783e-05,0.079957,-0.42544,0.723957,-0.0370608,0.741067,-0.674699,1.51335,0.180905
8.14754e-07,8.02847e-05,0.0889619,-0.424477,0.724385,-0.0297032,0.745237,-0.670017,1.51275,0.185958
8.00163e-07,8.0291e-05,0.097927,-0.423324,0.72474,-0.0223425,0.749378,-0.665309,1.51212,0.191009
7.85849e-07,8.02972e-05,0.106848,-0.421983,0.725022,-0.0149796,0.75349,-0.660576,1.51148,0.196057
7.71816e-07,8.03033e-05,0.115723,-0.420455,0.725231,-0.00761517,0.757572,-0.655817,1.51082,0.201104
7.58062e-07,8.03093e-05,0.124546,-0.418742,0.725367,-0.000249977,0.761626,-0.651032,1.51015,0.206148
7.4459e-07,8.03151e-05,0.133314,-0.416845,0.72543,0.00711525,0.76565,-0.646223,1.50946,0.21119
7.314e-07,8.03209e-05,0.142025,-0.414766,0.725421,0.0144798,0.769644,-0.641388,1.50875,0.21623
7.18493e-07,8.03265e-05,0.150674,-0.412507,0.725338,0.0218429,0.773609,-0.636529,1.50803,0.221268
7.05871e-07,8.03321e-05,0.159257,-0.41007,0.725182,0.0292037,0.777544,-0.631645,1.50729,0.226302
6.93534e-07,8.03376e-05,0.167773,-0.407457,0.724954,0.0365617,0.781449,-0.626736,1.50653,0.231335
6.81483e-07,8.03429e-05,0.176216,-0.404669,0.724653,0.043916,0.785323,-0.621804,1.50575,0.236365
6.69719e-07,8.03482e-05,0.184585,-0.401709,0.724279,0.0512659,0.789167,-0.616847,1.50496,0.241392
6.58242e-07,8.03534e-05,0.192875,-0.398579,0.723833,0.0586107,0.79298,-0.611866,1.50416,0.246416
6.47055e-07,8.03585e-05,0.201084,-0.395281,0.723314,0.0659496,0.796763,-0.606862,1.50333,0.251438
6.36156e-07,8.03636e-05,0.209209,-0.391817,0.722723,0.0732819,0.800515,-0.601834,1.50249,0.256457
6.25548e-07,8.03685e-05,0.217246,-0.388188,0.722059,0.0806069,0.804236,-0.596783,1.50163,0.261473
6.1523e-07,8.03734e-05,0.225192,-0.384399,0.721323,0.0879238,0.807926,-0.591709,1.50076,0.266487
6.05204e-07,8.03782e-05,0.233045,-0.380449,0.720515,0.0952319,0.811585,-0.586612,1.49987,0.271497
5.95469e-07,8.0383e-05,0.240802,-0.376343,0.719634,0.102531,0.815212,-0.581492,1.49896,0.276504
5.86028e-07,8.03876e-05,0.24846,-0.372082,0.718682,0.109819,0.818807,-0.576349,1.49804,0.281509
5.76879e-07,8.03922e-05,0.256017,-0.367668,0.717658,0.117096,0.822371,-0.571185,1.49709,0.28651
5.68024e-07,8.03968e-05,0.263468,-0.363105,0.716563,0.124362,0.825903,-0.565998,1.49614,0.291508
5.59463e-07,8.04013e-05,0.270813,-0.358394,0.715395,0.131615,0.829403,-0.560789,1.49516,0.296503
5.51197e-07,8.04057e-05,0.278048,-0.353537,0.714157,0.138856,0.832871,-0.555558,1.49417,0.301494
5.43226e-07,8.04101e-05,0.285171,-0.348538,0.712847,0.146082,0.836306,-0.550306,1.49317,0.306482
5.3555e-07,8.04144e-05,0.292179,-0.343399,0.711467,0.153294,0.83971,-0.545033,1.49214,0.311467
5.2817e-07,8.04187e-05,0.299071,-0.338123,0.710015,0.16049,0.84308,-0.539738,1.4911,0.316448
5.21087e-07,8.04229e-05,0.305842,-0.332711,0.708493,0.167671,0.846418,-0.534423,1.49005,0.321426
5.143e-07,8.04271e-05,0.312493,-0.327167,0.7069,0.174835,0.849723,-0.529087,1.48897,0.3264
5.07809e-07,8.04312e-05,0.319019,-0.321493,0.705237,0.181981,0.852995,-0.52373,1.48788,0.331371
5.01616e-07,8.04354e-05,0.325419,-0.315691,0.703504,0.18911,0.856234,-0.518353,1.48678,0.336338
4.9572e-07,8.04394e-05,0.33169,-0.309766,0.701701,0.19622,0.85944,-0.512956,1.48565,0.341301
4.90122e-07,8.04435e-05,0.337831,-0.303718,0.699829,0.20331,0.862613,-0.507539,1.48452,0.34626
4.84821e-07,8.04475e-05,0.34384,-0.297551,0.697887,0.21038,0.865752,-0.502102,1.48336,0.351216
4.79818e-07,8.04515e-05,0.349714,-0.291268,0.695876,0.217429,0.868857,-0.496646,1.48219,0.356168
4.75113e-07,8.04555e-05,0.355452,-0.284872,0.693796,0.224457,0.871929,-0.491171,1.481,0.361116
4.70705e-07,8.04594e-05,0.361052,-0.278364,0.691647,0.231462,0.874967,-0.485676,1.4798,0.366059
4.66596e-07,8.04633e-05,0.366511,-0.271748,0.68943,0.238445,0.877971,-0.480163,1.47857,0.370999
4.62785e-07,8.04673e-05,0.371829,-0.265028,0.687144,0.245404,0.880941,-0.474631,1.47734,0.375935
4.59271e-07,8.04712e-05,0.377003,-0.258204,0.684791,0.252339,0.883877,-0.46908,1.47608,0.380866
4.56056e-07,8.04751e-05,0.382031,-0.251281,0.68237,0.259249,0.886778,-0.463512,1.47481,0.385793
4.53138e-07,8.0479e-05,0.386912,-0.244262,0.679882,0.266133,0.889645,-0.457925,1.47353,0.390716
4.50519e-07,8.04829e-05,0.391645,-0.237148,0.677326,0.272991,0.892477,-0.452321,1.47222,0.395635
4.48197e-07,8.04867e-05,0.396228,-0.229943,0.674704,0.279822,0.895275,-0.446699,1.47091,0.400549
4.46172e-07,8.04906e-05,0.400659,-0.222651,0.672015,0.286626,0.898038,-0.441059,1.46957,0.405459
4.44445e-07,8.04945e-05,0.404936,-0.215273,0.66926,0.293401,0.900766,-0.435403,1.46822,0.410364
4.43014e-07,8.04984e-05,0.40906,-0.207813,0.66644,0.300147,0.903459,-0.429729,1.46685,0.415265
4.41881e-07,8.05023e-05,0.413027,-0.200274,0.663554,0.306864,0.906118,-0.424039,1.46547,0.420161
4.41044e-07,8.05063e-05,0.416837,-0.192659,0.660602,0.313551,0.90874,-0.418333,1.46407,0.425053
4.40504e-07,8.05102e-05,0.420489,-0.18497,0.657586,0.320207,0.911328,-0.41261,1.46265,0.42994
4.40259e-07,8.05142e-05,0.42398,-0.177211,0.654505,0.326832,0.91388,-0.406871,1.46122,0.434822
4.4031e-07,8.05182e-05,0.427311,-0.169384,0.65136,0.333424,0.916397,-0.401117,1.45977,0.439699
4.40656e-07,8.05222e-05,0.43048,-0.161494,0.648151,0.339984,0.918878,-0.395346,1.4583,0.444572
4.41297e-07,8.05262e-05,0.433486,-0.153542,0.644878,0.346511,0.921323,-0.389561,1.45682,0.449439
4.42233e-07,8.05303e-05,0.436328,-0.145532,0.641543,0.353003,0.923733,-0.38376,1.45532,0.454302
4.43462e-07,8.05344e-05,0.439004,-0.137467,0.638145,0.359461,0.926107,-0.377944,1.45381,0.459159
4.44985e-07,8.05385e-05,0.441515,-0.12935,0.634684,0.365884,0.928444,-0.372114,1.45228,0.464011
4.46801e-07,8.05427e-05,0.443858,-0.121184,0.631161,0.372272,0.930746,-0.366269,1.45074,0.468859
4.48909e-07,8.05469e-05,0.446034,-0.112972,0.627577,0.378623,0.933011,-0.36041,1.44917,0.473701
4.51309e-07,8.05511e-05,0.448041,-0.104717,0.623931,0.384937,0.935241,-0.354537,1.4476,0.478538
4.54e-07,8.05554e-05,0.449878,-0.0964231,0.620225,0.391213,0.937433,-0.34865,1.446,0.483369
4.56982e-07,8.05598e-05,0.451546,-0.0880923,0.616458,0.397452,0.93959,-0.34275,1.44439,0.488195
4.60254e-07,8.05642e-05,0.453042,-0.0797282,0.612632,0.403651,0.94171,-0.336836,1.44277,0.493016
4.63816e-07,8.05686e-05,0.454367,-0.0713338,0.608745,0.409812,0.943793,-0.330909,1.44113,0.497831
4.67666e-07,8.05731e-05,0.45552,-0.0629125,0.6048,0.415933,0.945839,-0.32497,1.43947,0.502641
4.71803e-07,8.05777e-05,0.456501,-0.0544672,0.600796,0.422013,0.947849,-0.319017,1.43779,0.507446
4.76229e-07,8.05823e-05,0.457309,-0.0460013,0.596733,0.428052,0.949822,-0.313053,1.43611,0.512244
4.8094e-07,8.0587e-05,0.457943,-0.0375179,0.592613,0.43405,0.951758,-0.307076,1.4344,0.517037
4.85937e-07,8.05917e-05,0.458403,-0.0290202,0.588435,0.440006,0.953657,-0.301087,1.43268,0.521824
4.91219e-07,8.05966e-05,0.458689,-0.0205115,0.5842,0.445919,0.955519,-0.295086,1.43094,0.526606
4.96785e-07,8.06015e-05,0.4588,-0.011995,0.579909,0.451789,0.957344,-0.289074,1.42919,0.531382
5.02634e-07,8.06064e-05,0.458737,-0.00347379,0.575561,0.457615,0.959131,-0.283051,1.42742,0.536151
5.08765e-07,8.06115e-05,0.458499,0.00504873,0.571158,0.463397,0.960882,-0.277017,1.42564,0.540915
5.15178e-07,8.06166e-05,0.458085,0.0135694,0.5667,0.469135,0.962595,-0.270972,1.42384,0.545673
5.21871e-07,8.06218e-05,0.457497,0.0220848,0.562187,0.474827,0.96427,-0.264916,1.42202,0.550425
5.28843e-07,8.06271e-05,0.456733,0.0305919,0.55762,0.480473,0.965908,-0.25885,1.42019,0.555171
5.36094e-07,8.06325e-05,0.455794,0.0390872,0.552999,0.486073,0.967508,-0.252774,1.41834,0.55991
5.43622e-07,8.0638e-05,0.454679,0.0475675,0.548325,0.491626,0.969071,-0.246688,1.41648,0.564644
5.51426e-07,8.06435e-05,0.45339,0.0560295,0.543598,0.497132,0.970596,-0.240593,1.4146,0.569371
5.59506e-07,8.06492e-05,0.451925,0.06447,0.538819,0.502591,0.972083,-0.234488,1.4127,0.574092
5.6786e-07,8.06549e-05,0.450286,0.0728855,0.533989,0.508001,0.973533,-0.228374,1.41079,0.578806
5.76487e-07,8.06608e-05,0.448472,0.0812728,0.529107,0.513362,0.974944,-0.222252,1.40887,0.583514
5.85386e-07,8.06667e-05,0.446483,0.0896285,0.524174,0.518674,0.976318,-0.21612,1.40693,0.588216
5.94556e-07,8.06728e-05,0.444321,0.0979494,0.519191,0.523936,0.977654,-0.20998,1.40497,0.592911
6.03995e-07,8.06789e-05,0.441986,0.106232,0.514158,0.529148,0.978952,-0.203832,1.403,0.5976
6.13703e-07,8.06852e-05,0.439477,0.114473,0.509076,0.53431,0.980211,-0.197676,1.40101,0.602282
6.23678e-07,8.06916e-05,0.436795,0.122669,0.503946,0.53942,0.981433,-0.191513,1.399,0.606957
6.3392e-07,8.06981e-05,0.433942,0.130817,0.498767,0.544479,0.982616,-0.185342,1.39699,0.611625
6.44425e-07,8.07047e-05,0.430917,0.138913,0.493541,0.549486,0.983761,-0.179163,1.39495,0.616287
6.55194e-07,8.07115e-05,0.427722,0.146955,0.488267,0.554441,0.984868,-0.172978,1.3929,0.620942
6.66226e-07,8.07183e-05,0.424357,0.154938,0.482948,0.559343,0.985936,-0.166786,1.39084,0.62559
6.77518e-07,8.07253e-05,0.420822,0.162859,0.477582,0.564191,0.986967,-0.160588,1.38876,0.630232
6.89069e-07,8.07324e-05,0.417119,0.170715,0.47217,0.568986,0.987958,-0.154383,1.38666,0.634866
7.00878e-07,8.07396e-05,0.413249,0.178502,0.466714,0.573727,0.988912,-0.148172,1.38455,0.639493
7.12944e-07,8.0747e-05,0.409212,0.186218,0.461214,0.578413,0.989826,-0.141955,1.38242,0.644113
7.25265e-07,8.07545e-05,0.40501,0.193859,0.455669,0.583044,0.990703,-0.135733,1.38028,0.648726
7.3784e-07,8.07621e-05,0.400644,0.201421,0.450082,0.58762,0.991541,-0.129506,1.37812,0.653332
7.50666e-07,8.07699e-05,0.396115,0.208901,0.444452,0.592141,0.99234,-0.123274,1.37595,0.657931
7.63744e-07,8.07778e-05,0.391423,0.216295,0.438779,0.596605,0.993101,-0.117037,1.37376,0.662522
7.7707e-07,8.07858e-05,0.386571,0.223601,0.433066,0.601013,0.993823,-0.110795,1.37156,0.667106
7.90644e-07,8.0794e-05,0.38156,0.230815,0.427311,0.605364,0.994506,-0.104549,1.36934,0.671683
8.04465e-07,8.08023e-05,0.376391,0.237933,0.421516,0.609658,0.995151,-0.0982987,1.36711,0.676252
8.18529e-07,8.08108e-05,0.371066,0.244953,0.415681,0.613894,0.995757,-0.0920448,1.36486,0.680814
8.32836e-07,8.08195e-05,0.365585,0.25187,0.409807,0.618073,0.996324,-0.0857872,1.3626,0.685368
8.47385e-07,8.08283e-05,0.359952,0.258682,0.403894,0.622193,0.996853,-0.0795264,1.36032,0.689915
8.62173e-07,8.08372e-05,0.354167,0.265385,0.397943,0.626254,0.997342,-0.0732624,1.35803,0.694454
8.77199e-07,8.08463e-05,0.348232,0.271976,0.391955,0.630257,0.997793,-0.0669956,1.35572,0.698985
8.9246e-07,8.08556e-05,0.34215,0.278451,0.38593,0.634201,0.998205,-0.0607262,1.35339,0.703509
9.07956e-07,8.0865e-05,0.335921,0.284808,0.379869,0.638085,0.998579,-0.0544544,1.35106,0.708025
9.23685e-07,8.08746e-05,0.329548,0.291042,0.373772,0.641909,0.998913,-0.0481805,1.3487,0.712533
9.39645e-07,8.08843e-05,0.323034,0.297151,0.36764,0.645672,0.999209,-0.0419048,1.34633,0.717033
9.55833e-07,8.08942e-05,0.316379,0.303132,0.361473,0.649376,0.999466,-0.0356274,1.34395,0.721525
9.72249e-07,8.09043e-05,0.309587,0.308981,0.355273,0.653018,0.999684,-0.0293486,1.34155,0.72601
9.88889e-07,8.09145e-05,0.30266,0.314694,0.349039,0.6566,0.999863,-0.0230686,1.33914,0.730486
1.00575e-06,8.0925e-05,0.295599,0.32027,0.342773,0.66012,1,-0.0167878,1.33671,0.734954
1.02284e-06,8.09356e-05,0.288408,0.325703,0.336475,0.663578,1.0001,-0.0105063,1.33427,0.739414
1.04015e-06,8.09464e-05,0.281089,0.330993,0.330145,0.666974,1.00017,-0.00422438,1.33181,0.743866
1.05767e-06,8.09573e-05,0.273645,0.336134,0.323785,0.670309,1.00019,0.0020577,1.32934,0.74831
1.07541e-06,8.09684e-05,0.266078,0.341125,0.317394,0.67358,1.00018,0.0083397,1.32685,0.752745
1.09336e-06,8.09798e-05,0.25839,0.345962,0.310974,0.676789,1.00012,0.0146214,1.32435,0.757172
1.11152e-06,8.09913e-05,0.250586,0.350643,0.304525,0.679936,1.00003,0.0209025,1.32184,0.761591
1.1299e-06,8.1003e-05,0.242667,0.355163,0.298048,0.683018,0.999896,0.0271828,1.31931,0.766001
1.14848e-06,8.10148e-05,0.234637,0.35952,0.291543,0.686038,0.999725,0.033462,1.31676,0.770403
1.16727e-06,8.10269e-05,0.226498,0.363712,0.285011,0.688994,0.999516,0.03974,1.3142,0.774796
1.18626e-06,8.10392e-05,0.218255,0.367735,0.278452,0.691885,0.999267,0.0460164,1.31163,0.779181
1.20545e-06,8.10516e-05,0.20991,0.371587,0.271868,0.694713,0.99898,0.052291,1.30904,0.783557
1.22484e-06,8.10643e-05,0.201466,0.375264,0.265258,0.697477,0.998654,0.0585636,1.30644,0.787925
1.24443e-06,8.10771e-05,0.192928,0.378764,0.258624,0.700176,0.998289,0.064834,1.30382,0.792284
1.26421e-06,8.10902e-05,0.184298,0.382085,0.251966,0.70281,0.997885,0.0711018,1.30119,0.796634
1.28418e-06,8.11034e-05,0.17558,0.385224,0.245285,0.705379,0.997443,0.0773668,1.29854,0.800975
1.30435e-06,8.11169e-05,0.166777,0.388177,0.238581,0.707883,0.996962,0.0836289,1.29588,0.805307
1.3247e-06,8.11305e-05,0.157895,0.390944,0.231855,0.710322,0.996442,0.0898877,1.29321,0.809631
1.34524e-06,8.11444e-05,0.148935,0.393521,0.225107,0.712695,0.995883,0.096143,1.29052,0.813945
1.36597e-06,8.11584e-05,0.139903,0.395905,0.218339,0.715003,0.995286,0.102395,1.28781,0.818251
1.38687e-06,8.11727e-05,0.130802,0.398095,0.211551,0.717245,0.99465,0.108642,1.2851,0.822548
1.40795e-06,8.11872e-05,0.121637,0.400089,0.204744,0.719421,0.993975,0.114886,1.28236,0.826835
1.42921e-06,8.12019e-05,0.112411,0.401884,0.197917,0.721531,0.993262,0.121125,1.27962,0.831113
1.45065e-06,8.12168e-05,0.103129,0.403478,0.191073,0.723574,0.99251,0.127359,1.27686,0.835383
1.47225e-06,8.12319e-05,0.0937949,0.404869,0.184211,0.725552,0.99172,0.133588,1.27408,0.839642
1.49403e-06,8.12472e-05,0.0844135,0.406055,0.177332,0.727462,0.990891,0.139812,1.2713,0.843893
1.51597e-06,8.12628e-05,0.0749892,0.407035,0.170436,0.729306,0.990024,0.146031,1.26849,0.848134
1.53808e-06,8.12785e-05,0.0655265,0.407807,0.163525,0.731084,0.989119,0.152244,1.26568,0.852366
1.56034e-06,8.12945e-05,0.0560301,0.408368,0.1566,0.732794,0.988174,0.158451,1.26285,0.856589
1.58277e-06,8.13107e-05,0.0465047,0.408719,0.14966,0.734438,0.987192,0.164652,1.26,0.860802
1.60536e-06,8.13272e-05,0.036955,0.408856,0.142706,0.736014,0.986171,0.170847,1.25714,0.865006
1.62809e-06,8.13438e-05,0.0273861,0.40878,0.135739,0.737523,0.985113,0.177035,1.25427,0.8692
1.65099e-06,8.13607e-05,0.0178027,0.408488,0.12876,0.738965,0.984015,0.183216,1.25139,0.873384
1.67403e-06,8.13778e-05,0.00820983,0.407981,0.121769,0.74034,0.98288,0.18939,1.24849,0.877559
1.69721e-06,8.13951e-05,-0.00138737,0.407255,0.114767,0.741647,0.981707,0.195556,1.24557,0.881724
1.72054e-06,8.14127e-05,-0.0109838,0.406312,0.107754,0.742887,0.980495,0.201715,1.24265,0.88588
1.74402e-06,8.14305e-05,-0.0205744,0.40515,0.100732,0.744059,0.979246,0.207867,1.2397,0.890025
1.76763e-06,8.14485e-05,-0.0301538,0.403769,0.0937007,0.745164,0.977958,0.21401,1.23675,0.894161
1.79138e-06,8.14667e-05,-0.0397167,0.402167,0.0866608,0.746201,0.976633,0.220145,1.23378,0.898287
1.81526e-06,8.14852e-05,-0.049258,0.400346,0.079613,0.74717,0.97527,0.226271,1.2308,0.902403
1.83927e-06,8.15039e-05,-0.0587721,0.398304,0.072558,0.748072,0.973869,0.232389,1.2278,0.906509
1.86341e-06,8.15228e-05,-0.0682537,0.396042,0.0654964,0.748906,0.97243,0.238497,1.2248,0.910605
1.88768e-06,8.1542e-05,-0.0776973,0.39356,0.0584289,0.749672,0.970953,0.244597,1.22177,0.914691
1.91207e-06,8.15614e-05,-0.0870975,0.390858,0.0513561,0.75037,0.969439,0.250687,1.21874,0.918767
1.93658e-06,8.1581e-05,-0.0964488,0.387936,0.0442787,0.751,0.967887,0.256767,1.21569,0.922833
1.96121e-06,8.16009e-05,-0.105746,0.384796,0.0371973,0.751563,0.966298,0.262837,1.21262,0.926889
1.98595e-06,8.1621e-05,-0.114982,0.381437,0.0301125,0.752057,0.964672,0.268897,1.20955,0.930934
2.0108e-06,8.16414e-05,-0.124154,0.377861,0.023025,0.752484,0.963008,0.274947,1.20646,0.934969
2.03577e-06,8.1662e-05,-0.133254,0.374068,0.0159354,0.752843,0.961307,0.280986,1.20336,0.938994
2.06084e-06,8.16828e-05,-0.142278,0.37006,0.0088444,0.753134,0.959568,0.287014,1.20024,0.943008
2.08602e-06,8.17038e-05,-0.151219,0.365839,0.00175259,0.753358,0.957792,0.293031,1.19711,0.947012
2.11129e-06,8.17251e-05,-0.160072,0.361405,-0.00533938,0.753513,0.95598,0.299037,1.19397,0.951006
2.13667e-06,8.17467e-05,-0.168833,0.356761,-0.0124309,0.753601,0.95413,0.305031,1.19081,0.954989
2.16214e-06,8.17685e-05,-0.177494,0.351908,-0.0195212,0.753621,0.952243,0.311013,1.18764,0.958962
2.1877e-06,8.17905e-05,-0.186051,0.346848,-0.0266098,0.753574,0.95032,0.316983,1.18446,0.962924
2.21336e-06,8.18127e-05,-0.194499,0.341584,-0.0336961,0.753459,0.94836,0.322942,1.18127,0.966875
2.2391e-06,8.18352e-05,-0.202831,0.336117,-0.0407793,0.753276,0.946363,0.328887,1.17806,0.970816
2.26493e-06,8.1858e-05,-0.211043,0.330451,-0.0478588,0.753026,0.944329,0.33482,1.17484,0.974746
2.29084e-06,8.18809e-05,-0.219129,0.324588,-0.0549341,0.752708,0.942259,0.34074,1.1716,0.978665
2.31683e-06,8.19042e-05,-0.227084,0.318531,-0.0620045,0.752323,0.940153,0.346646,1.16836,0.982573
2.3429e-06,8.19276e-05,-0.234903,0.312283,-0.0690693,0.751871,0.93801,0.35254,1.1651,0.986471
2.36904e-06,8.19513e-05,-0.24258,0.305847,-0.0761279,0.751351,0.935831,0.358419,1.16182,0.990358
2.39526e-06,8.19752e-05,-0.250111,0.299226,-0.0831797,0.750765,0.933616,0.364285,1.15854,0.994234
2.42154e-06,8.19994e-05,-0.257491,0.292425,-0.0902241,0.750111,0.931364,0.370137,1.15524,0.998099
2.44789e-06,8.20238e-05,-0.264714,0.285446,-0.0972605,0.749391,0.929077,0.375974,1.15193,1.00195
2.4743e-06,8.20485e-05,-0.271776,0.278293,-0.104288,0.748603,0.926754,0.381797,1.1486,1.0058
2.50078e-06,8.20734e-05,-0.278673,0.270971,-0.111307,0.747749,0.924395,0.387605,1.14527,1.00963
2.52731e-06,8.20985e-05,-0.285399,0.263483,-0.118315,0.746829,0.922,0.393399,1.14192,1.01345
2.5539e-06,8.21239e-05,-0.291951,0.255834,-0.125313,0.745842,0.919569,0.399177,1.13856,1.01726
2.58055e-06,8.21495e-05,-0.298324,0.248029,-0.1323,0.744788,0.917104,0.404939,1.13518,1.02106
2.60724e-06,8.21754e-05,-0.304513,0.240071,-0.139275,0.743669,0.914602,0.410686,1.1318,1.02484
2.63399e-06,8.22014e-05,-0.310515,0.231965,-0.146237,0.742483,0.912066,0.416417,1.1284,1.02862
2.66078e-06,8.22278e-05,-0.316326,0.223717,-0.153187,0.741232,0.909494,0.422132,1.12499,1.03238
2.68761e-06,8.22543e-05,-0.321942,0.215331,-0.160123,0.739914,0.906887,0.427831,1.12156,1.03614
2.71448e-06,8.22811e-05,-0.32736,0.206812,-0.167045,0.738531,0.904245,0.433514,1.11812,1.03988
2.7414e-06,8.23081e-05,-0.332575,0.198165,-0.173952,0.737083,0.901569,0.439179,1.11468,1.04361
2.76835e-06,8.23354e-05,-0.337585,0.189396,-0.180844,0.735569,0.898857,0.444828,1.11122,1.04733
2.79533e-06,8.23629e-05,-0.342386,0.18051,-0.187719,0.73399,0.896111,0.450459,1.10774,1.05103
2.82235e-06,8.23906e-05,-0.346976,0.171513,-0.194579,0.732347,0.89333,0.456073,1.10426,1.05473
2.84939e-06,8.24186e-05,-0.351351,0.162409,-0.20142,0.730638,0.890515,0.46167,1.10076,1.05841
2.87647e-06,8.24468e-05,-0.355509,0.153206,-0.208244,0.728865,0.887665,0.467248,1.09725,1.06208
2.90357e-06,8.24752e-05,-0.359447,0.143907,-0.21505,0.727027,0.884782,0.472809,1.09373,1.06574
2.93069e-06,8.25039e-05,-0.363163,0.13452,-0.221837,0.725126,0.881864,0.478352,1.09019,1.06939
2.95783e-06,8.25328e-05,-0.366656,0.12505,-0.228604,0.72316,0.878912,0.483876,1.08665,1.07303
2.98499e-06,8.25619e-05,-0.369922,0.115503,-0.235351,0.721131,0.875926,0.489381,1.08309,1.07666
3.01217e-06,8.25912e-05,-0.37296,0.105884,-0.242077,0.719038,0.872907,0.494868,1.07952,1.08027
3.03936e-06,8.26208e-05,-0.375769,0.096201,-0.248782,0.716881,0.869854,0.500335,1.07594,1.08387
3.06656e-06,8.26506e-05,-0.378347,0.0864586,-0.255464,0.714662,0.866768,0.505784,1.07235,1.08746
3.09378e-06,8.26806e-05,-0.380694,0.0766633,-0.262125,0.712379,0.863648,0.511212,1.06874,1.09104
3.121e-06,8.27109e-05,-0.382806,0.066821,-0.268762,0.710034,0.860495,0.516622,1.06512,1.0946
3.14823e-06,8.27413e-05,-0.384686,0.056938,-0.275376,0.707627,0.857309,0.522011,1.06149,1.09816
3.17547e-06,8.2772e-05,-0.38633,0.0470202,-0.281965,0.705157,0.854089,0.52738,1.05785,1.1017
3.2027e-06,8.28029e-05,-0.387739,0.0370739,-0.28853,0.702625,0.850837,0.532729,1.0542,1.10523
3.22994e-06,8.28341e-05,-0.388913,0.0271052,-0.29507,0.700032,0.847553,0.538057,1.05054,1.10874
3.25718e-06,8.28654e-05,-0.389852,0.0171201,-0.301583,0.697377,0.844235,0.543365,1.04686,1.11225
3.28441e-06,8.2897e-05,-0.390555,0.00712471,-0.30807,0.694661,0.840886,0.548652,1.04318,1.11574
3.31164e-06,8.29288e-05,-0.391022,-0.00287493,-0.31453,0.691884,0.837504,0.553918,1.03948,1.11922
3.33887e-06,8.29608e-05,-0.391255,-0.0128728,-0.320963,0.689047,0.834089,0.559162,1.03577,1.12269
3.36608e-06,8.2993e-05,-0.391254,-0.0228629,-0.327367,0.686149,0.830643,0.564385,1.03205,1.12615
3.39329e-06,8.30254e-05,-0.39102,-0.0328393,-0.333742,0.683191,0.827165,0.569587,1.02831,1.12959
3.42048e-06,8.30581e-05,-0.390553,-0.0427961,-0.340089,0.680173,0.823655,0.574766,1.02457,1.13302
3.44767e-06,8.30909e-05,-0.389854,-0.0527276,-0.346406,0.677096,0.820113,0.579924,1.02082,1.13644
3.47484e-06,8.3124e-05,-0.388926,-0.0626279,-0.352692,0.673959,0.81654,0.585059,1.01705,1.13984
3.50199e-06,8.31573e-05,-0.387769,-0.0724913,-0.358947,0.670763,0.812936,0.590171,1.01327,1.14324
3.52912e-06,8.31907e-05,-0.386384,-0.0823122,-0.365171,0.667509,0.8093,0.595261,1.00948,1.14662
3.55624e-06,8.32244e-05,-0.384775,-0.092085,-0.371364,0.664197,0.805633,0.600329,1.00568,1.14999
3.58334e-06,8.32583e-05,-0.382942,-0.101804,-0.377523,0.660826,0.801936,0.605373,1.00187,1.15334
3.61041e-06,8.32924e-05,-0.380887,-0.111465,-0.38365,0.657398,0.798207,0.610394,0.99805,1.15668
3.63747e-06,8.33267e-05,-0.378613,-0.121061,-0.389744,0.653913,0.794448,0.615391,0.994217,1.16001
3.66449e-06,8.33612e-05,-0.376122,-0.130588,-0.395803,0.65037,0.790659,0.620365,0.990373,1.16333
3.6915e-06,8.3396e-05,-0.373417,-0.14004,-0.401828,0.646771,0.786839,0.625315,0.986519,1.16664
3.71847e-06,8.34309e-05,-0.370499,-0.149412,-0.407818,0.643115,0.782989,0.630242,0.982653,1.16993
3.74542e-06,8.3466e-05,-0.367372,-0.1587,-0.413772,0.639404,0.779109,0.635144,0.978777,1.17321
3.77234e-06,8.35013e-05,-0.364039,-0.167899,-0.41969,0.635636,0.7752,0.640022,0.97489,1.17647
3.79923e-06,8.35368e-05,-0.360502,-0.177004,-0.425572,0.631813,0.77126,0.644875,0.970992,1.17972
3.82608e-06,8.35725e-05,-0.356764,-0.18601,-0.431416,0.627936,0.767291,0.649703,0.967083,1.18296
3.85291e-06,8.36084e-05,-0.352828,-0.194913,-0.437223,0.624003,0.763293,0.654507,0.963164,1.18619
3.87969e-06,8.36445e-05,-0.348698,-0.203709,-0.442992,0.620017,0.759265,0.659286,0.959234,1.18941
3.90645e-06,8.36808e-05,-0.344377,-0.212393,-0.448723,0.615976,0.755209,0.664039,0.955294,1.19261
3.93316e-06,8.37173e-05,-0.339869,-0.220961,-0.454414,0.611882,0.751123,0.668767,0.951343,1.19579
3.95984e-06,8.37539e-05,-0.335176,-0.22941,-0.460066,0.607734,0.747009,0.67347,0.947382,1.19897
3.98648e-06,8.37908e-05,-0.330302,-0.237734,-0.465678,0.603534,0.742866,0.678146,0.94341,1.20213
4.01308e-06,8.38279e-05,-0.325251,-0.245932,-0.471249,0.599282,0.738695,0.682797,0.939428,1.20528
4.03964e-06,8.38651e-05,-0.320027,-0.253997,-0.47678,0.594977,0.734496,0.687422,0.935436,1.20841
4.06616e-06,8.39025e-05,-0.314633,-0.261929,-0.482269,0.590621,0.730268,0.69202,0.931433,1.21153
4.09263e-06,8.39401e-05,-0.309073,-0.269722,-0.487716,0.586213,0.726013,0.696592,0.92742,1.21464
4.11907e-06,8.39779e-05,-0.303351,-0.277373,-0.493121,0.581755,0.72173,0.701138,0.923397,1.21774
4.14545e-06,8.40159e-05,-0.297471,-0.28488,-0.498483,0.577246,0.717419,0.705656,0.919364,1.22082
4.17179e-06,8.40541e-05,-0.291437,-0.29224,-0.503802,0.572687,0.713081,0.710148,0.915321,1.22389
4.19808e-06,8.40924e-05,-0.285252,-0.299448,-0.509077,0.568078,0.708716,0.714612,0.911267,1.22694
4.22433e-06,8.4131e-05,-0.278922,-0.306503,-0.514308,0.56342,0.704323,0.71905,0.907204,1.22998
4.25053e-06,8.41697e-05,-0.272449,-0.313402,-0.519495,0.558713,0.699904,0.723459,0.90313,1.23301
4.27667e-06,8.42086e-05,-0.265838,-0.320143,-0.524636,0.553958,0.695458,0.727842,0.899047,1.23603
4.30277e-06,8.42476e-05,-0.259094,-0.326722,-0.529732,0.549155,0.690986,0.732196,0.894954,1.23903
4.32881e-06,8.42869e-05,-0.25222,-0.333137,-0.534782,0.544304,0.686487,0.736523,0.890851,1.24201
4.35481e-06,8.43263e-05,-0.24522,-0.339387,-0.539786,0.539406,0.681962,0.740821,0.886738,1.24499
4.38074e-06,8.43659e-05,-0.2381,-0.345469,-0.544743,0.534461,0.677411,0.745092,0.882615,1.24795
4.40663e-06,8.44057e-05,-0.230862,-0.351381,-0.549653,0.52947,0.672834,0.749334,0.878483,1.25089
4.43246e-06,8.44456e-05,-0.223511,-0.357121,-0.554515,0.524434,0.668232,0.753547,0.874341,1.25382
4.45823e-06,8.44857e-05,-0.216052,-0.362688,-0.559329,0.519351,0.663604,0.757732,0.87019,1.25674
4.48395e-06,8.4526e-05,-0.208488,-0.368079,-0.564095,0.514224,0.658951,0.761887,0.866029,1.25965
4.50961e-06,8.45665e-05,-0.200824,-0.373293,-0.568812,0.509053,0.654273,0.766014,0.861858,1.26254
4.53521e-06,8.46071e-05,-0.193064,-0.378329,-0.573479,0.503837,0.64957,0.770112,0.857678,1.26541
4.56075e-06,8.46479e-05,-0.185212,-0.383185,-0.578097,0.498578,0.644842,0.77418,0.853489,1.26828
4.58623e-06,8.46889e-05,-0.177273,-0.387861,-0.582665,0.493275,0.64009,0.778219,0.84929,1.27113
4.61165e-06,8.473e-05,-0.169251,-0.392354,-0.587183,0.48793,0.635313,0.782228,0.845082,1.27396
4.637e-06,8.47713e-05,-0.16115,-0.396664,-0.59165,0.482543,0.630512,0.786208,0.840864,1.27678
4.6623e-06,8.48128e-05,-0.152973,-0.40079,-0.596066,0.477114,0.625687,0.790158,0.836637,1.27959
4.68753e-06,8.48544e-05,-0.144727,-0.40473,-0.60043,0.471644,0.620839,0.794077,0.832402,1.28238
4.7127e-06,8.48962e-05,-0.136414,-0.408485,-0.604742,0.466133,0.615967,0.797967,0.828157,1.28516
4.7378e-06,8.49382e-05,-0.128038,-0.412053,-0.609002,0.460582,0.611071,0.801826,0.823903,1.28793
4.76284e-06,8.49803e-05,-0.119604,-0.415434,-0.613209,0.454991,0.606152,0.805655,0.819639,1.29068
4.7878e-06,8.50226e-05,-0.111117,-0.418628,-0.617363,0.44936,0.601211,0.809453,0.815367,1.29341
4.81271e-06,8.5065e-05,-0.102579,-0.421633,-0.621464,0.443691,0.596246,0.81322,0.811086,1.29614
4.83754e-06,8.51076e-05,-0.0939958,-0.42445,-0.625511,0.437983,0.591259,0.816957,0.806796,1.29884
4.8623e-06,8.51504e-05,-0.0853706,-0.427079,-0.629505,0.432238,0.586249,0.820663,0.802497,1.30154
4.887e-06,8.51933e-05,-0.0767077,-0.429518,-0.633443,0.426455,0.581217,0.824337,0.79819,1.30422
4.91162e-06,8.52364e-05,-0.068011,-0.431768,-0.637327,0.420635,0.576163,0.82798,0.793873,1.30688
4.93618e-06,8.52796e-05,-0.0592846,-0.43383,-0.641156,0.414779,0.571087,0.831592,0.789548,1.30953
4.96066e-06,8.5323e-05,-0.0505323,-0.435702,-0.644929,0.408887,0.56599,0.835172,0.785214,1.31217
4.98506e-06,8.53666e-05,-0.0417582,-0.437386,-0.648647,0.40296,0.560871,0.838721,0.780872,1.31479
5.0094e-06,8.54103e-05,-0.032966,-0.438881,-0.652308,0.396998,0.555731,0.842238,0.776521,1.3174
5.03366e-06,8.54541e-05,-0.0241596,-0.440187,-0.655914,0.391001,0.55057,0.845723,0.772162,1.31999
5.05784e-06,8.54981e-05,-0.015343,-0.441305,-0.659462,0.384971,0.545388,0.849176,0.767794,1.32257
5.08195e-06,8.55423e-05,-0.00651983,-0.442236,-0.662954,0.378908,0.540185,0.852597,0.763417,1.32514
5.10598e-06,8.55866e-05,0.00230611,-0.44298,-0.666388,0.372811,0.534962,0.855985,0.759032,1.32769
5.12994e-06,8.56311e-05,0.0111311,-0.443537,-0.669764,0.366683,0.529719,0.859341,0.754639,1.33022
5.15382e-06,8.56757e-05,0.0199514,-0.443908,-0.673083,0.360523,0.524455,0.862665,0.750238,1.33274
5.17761e-06,8.57204e-05,0.0287633,-0.444093,-0.676343,0.354332,0.519172,0.865956,0.745828,1.33525
5.20133e-06,8.57653e-05,0.0375633,-0.444094,-0.679545,0.34811,0.513869,0.869215,0.741411,1.33774
5.22497e-06,8.58104e-05,0.0463478,-0.443911,-0.682689,0.341858,0.508547,0.87244,0.736985,1.34022
5.24853e-06,8.58556e-05,0.0551132,-0.443545,-0.685773,0.335576,0.503206,0.875632,0.732551,1.34268
5.272e-06,8.59009e-05,0.0638559,-0.442996,-0.688798,0.329266,0.497845,0.878792,0.728109,1.34513
5.29539e-06,8.59464e-05,0.0725725,-0.442267,-0.691763,0.322927,0.492466,0.881918,0.723659,1.34756
5.3187e-06,8.5992e-05,0.0812595,-0.441357,-0.694668,0.31656,0.487068,0.885011,0.719201,1.34998
5.34193e-06,8.60378e-05,0.0899135,-0.440268,-0.697514,0.310165,0.481652,0.888071,0.714735,1.35238
5.36507e-06,8.60837e-05,0.0985312,-0.439,-0.700299,0.303744,0.476217,0.891097,0.710262,1.35477
5.38813e-06,8.61297e-05,0.107109,-0.437556,-0.703023,0.297297,0.470765,0.894089,0.70578,1.35714
5.4111e-06,8.61759e-05,0.115644,-0.435936,-0.705687,0.290823,0.465295,0.897048,0.701291,1.3595
5.43398e-06,8.62223e-05,0.124133,-0.434142,-0.708289,0.284325,0.459807,0.899973,0.696794,1.36184
5.45678e-06,8.62687e-05,0.132572,-0.432174,-0.71083,0.277802,0.454302,0.902864,0.69229,1.36417
5.47949e-06,8.63153e-05,0.140958,-0.430035,-0.71331,0.271255,0.44878,0.905721,0.687778,1.36649
5.50211e-06,8.63621e-05,0.149289,-0.427725,-0.715728,0.264685,0.443241,0.908543,0.683258,1.36879
5.52464e-06,8.6409e-05,0.157561,-0.425246,-0.718083,0.258091,0.437685,0.911332,0.678731,1.37107
5.54708e-06,8.6456e-05,0.16577,-0.422599,-0.720377,0.251476,0.432112,0.914086,0.674196,1.37334
5.56943e-06,8.65031e-05,0.173915,-0.419787,-0.722608,0.244838,0.426524,0.916806,0.669654,1.37559
5.59168e-06,8.65504e-05,0.181991,-0.416809,-0.724777,0.238179,0.420919,0.919491,0.665105,1.37783
5.61385e-06,8.65978e-05,0.189996,-0.413669,-0.726883,0.2315,0.415299,0.922142,0.660549,1.38005
5.63592e-06,8.66453e-05,0.197927,-0.410368,-0.728926,0.2248,0.409663,0.924758,0.655985,1.38226
5.6579e-06,8.6693e-05,0.205781,-0.406907,-0.730905,0.218082,0.404011,0.92734,0.651414,1.38445
5.67979e-06,8.67408e-05,0.213556,-0.403288,-0.732821,0.211344,0.398345,0.929886,0.646836,1.38663
5.70158e-06,8.67887e-05,0.221247,-0.399513,-0.734674,0.204588,0.392663,0.932397,0.642251,1.3888
5.72328e-06,8.68368e-05,0.228853,-0.395584,-0.736463,0.197814,0.386967,0.934874,0.637658,1.39094
5.74488e-06,8.6885e-05,0.236372,-0.391502,-0.738188,0.191023,0.381256,0.937315,0.633059,1.39308
5.76638e-06,8.69333e-05,0.243799,-0.38727,-0.739849,0.184215,0.375531,0.939721,0.628453,1.39519
5.78779e-06,8.69817e-05,0.251132,-0.382889,-0.741445,0.177391,0.369791,0.942092,0.62384,1.39729
5.8091e-06,8.70303e-05,0.258369,-0.378361,-0.742978,0.170552,0.364038,0.944428,0.61922,1.39938
5.83031e-06,8.7079e-05,0.265508,-0.373688,-0.744445,0.163699,0.358271,0.946728,0.614594,1.40145
5.85142e-06,8.71278e-05,0.272545,-0.368873,-0.745848,0.156831,0.352491,0.948992,0.60996,1.40351
5.87243e-06,8.71767e-05,0.279478,-0.363917,-0.747186,0.149949,0.346697,0.951221,0.60532,1.40555
5.89335e-06,8.72258e-05,0.286304,-0.358822,-0.74846,0.143054,0.340891,0.953414,0.600673,1.40757
5.91416e-06,8.7275e-05,0.293022,-0.35359,-0.749668,0.136147,0.335071,0.955572,0.59602,1.40958
5.93487e-06,8.73242e-05,0.299628,-0.348224,-0.750811,0.129228,0.329239,0.957693,0.591361,1.41158
5.95548e-06,8.73736e-05,0.30612,-0.342726,-0.751888,0.122298,0.323395,0.959779,0.586694,1.41356
5.97598e-06,8.74232e-05,0.312497,-0.337098,-0.7529,0.115357,0.317539,0.961829,0.582022,1.41552
5.99639e-06,8.74728e-05,0.318754,-0.331341,-0.753847,0.108406,0.311671,0.963843,0.577343,1.41747
6.01669e-06,8.75226e-05,0.324891,-0.32546,-0.754728,0.101446,0.305791,0.965821,0.572657,1.4194
6.03688e-06,8.75724e-05,0.330905,-0.319455,-0.755543,0.0944768,0.299899,0.967762,0.567966,1.42132
6.05697e-06,8.76224e-05,0.336794,-0.313329,-0.756292,0.0874994,0.293997,0.969668,0.563268,1.42322
6.07696e-06,8.76725e-05,0.342556,-0.307084,-0.756975,0.0805144,0.288083,0.971537,0.558564,1.42511
6.09684e-06,8.77227e-05,0.348187,-0.300724,-0.757593,0.0735224,0.282159,0.973369,0.553854,1.42698
6.11661e-06,8.77731e-05,0.353688,-0.294249,-0.758144,0.066524,0.276224,0.975166,0.549138,1.42883
6.13628e-06,8.78235e-05,0.359054,-0.287664,-0.758629,0.0595198,0.270279,0.976926,0.544415,1.43067
6.15584e-06,8.7874e-05,0.364285,-0.280969,-0.759048,0.0525104,0.264323,0.978649,0.539687,1.43249
6.17529e-06,8.79247e-05,0.369378,-0.274169,-0.7594,0.0454964,0.258358,0.980336,0.534953,1.4343
6.19463e-06,8.79754e-05,0.374331,-0.267264,-0.759686,0.0384785,0.252383,0.981986,0.530213,1.43609
6.21387e-06,8.80263e-05,0.379142,-0.260258,-0.759906,0.0314572,0.246399,0.9836,0.525468,1.43787
6.23299e-06,8.80773e-05,0.38381,-0.253154,-0.760059,0.0244331,0.240406,0.985177,0.520716,1.43963
6.25201e-06,8.81284e-05,0.388333,-0.245954,-0.760146,0.0174069,0.234403,0.986717,0.515959,1.44137
6.27091e-06,8.81795e-05,0.392708,-0.23866,-0.760166,0.0103792,0.228392,0.98822,0.511197,1.4431
6.28971e-06,8.82308e-05,0.396934,-0.231276,-0.760119,0.00335064,0.222372,0.989687,0.506428,1.44482
6.30839e-06,8.82822e-05,0.40101,-0.223804,-0.760006,-0.00367824,0.216344,0.991116,0.501654,1.44651
6.32696e-06,8.83337e-05,0.404933,-0.216247,-0.759827,-0.0107068,0.210308,0.992509,0.496875,1.44819
6.34542e-06,8.83853e-05,0.408702,-0.208608,-0.759581,-0.0177344,0.204264,0.993864,0.49209,1.44986
6.36377e-06,8.8437e-05,0.412315,-0.200889,-0.759268,-0.0247604,0.198213,0.995183,0.4873,1.45151
6.382e-06,8.84887e-05,0.415771,-0.193093,-0.758888,-0.0317843,0.192154,0.996464,0.482505,1.45314
6.40012e-06,8.85406e-05,0.419068,-0.185224,-0.758442,-0.0388054,0.186088,0.997709,0.477704,1.45476
6.41812e-06,8.85926e-05,0.422205,-0.177283,-0.75793,-0.045823,0.180015,0.998916,0.472898,1.45637
6.43602e-06,8.86447e-05,0.425179,-0.169275,-0.75735,-0.0528366,0.173935,1.00009,0.468087,1.45795
6.45379e-06,8.86968e-05,0.427991,-0.161201,-0.756704,-0.0598456,0.167849,1.00122,0.46327,1.45952
6.47146e-06,8.87491e-05,0.430638,-0.153066,-0.755992,-0.0668493,0.161757,1.00231,0.458449,1.46108
6.489e-06,8.88014e-05,0.433119,-0.144871,-0.755213,-0.0738471,0.155658,1.00337,0.453623,1.46262
6.50643e-06,8.88539e-05,0.435432,-0.136621,-0.754367,-0.0808383,0.149554,1.00439,0.448791,1.46414
6.52375e-06,8.89064e-05,0.437577,-0.128317,-0.753455,-0.0878225,0.143444,1.00538,0.443955,1.46564
6.54094e-06,8.8959e-05,0.439553,-0.119964,-0.752477,-0.0947989,0.137329,1.00632,0.439114,1.46714
6.55802e-06,8.90118e-05,0.441357,-0.111564,-0.751432,-0.101767,0.131209,1.00723,0.434268,1.46861
6.57498e-06,8.90646e-05,0.442989,-0.103121,-0.750321,-0.108726,0.125084,1.0081,0.429418,1.47007
6.59183e-06,8.91175e-05,0.444449,-0.0946371,-0.749144,-0.115675,0.118954,1.00894,0.424562,1.47151
6.60856e-06,8.91704e-05,0.445733,-0.0861162,-0.747901,-0.122615,0.11282,1.00974,0.419703,1.47294
6.62516e-06,8.92235e-05,0.446843,-0.0775614,-0.746591,-0.129543,0.106682,1.0105,0.414838,1.47435
6.64165e-06,8.92766e-05,0.447777,-0.068976,-0.745216,-0.13646,0.10054,1.01122,0.409969,1.47574
6.65802e-06,8.93299e-05,0.448534,-0.0603633,-0.743774,-0.143365,0.0943937,1.0119,0.405095,1.47712
6.67427e-06,8.93832e-05,0.449113,-0.0517267,-0.742267,-0.150257,0.0882442,1.01255,0.400218,1.47848
6.6904e-06,8.94366e-05,0.449513,-0.0430694,-0.740694,-0.157136,0.0820915,1.01316,0.395335,1.47983
6.70641e-06,8.94901e-05,0.449734,-0.0343949,-0.739056,-0.164001,0.0759357,1.01373,0.390449,1.48116
6.7223e-06,8.95436e-05,0.449775,-0.0257066,-0.737351,-0.170851,0.0697771,1.01426,0.385558,1.48247
6.73807e-06,8.95973e-05,0.449635,-0.017008,-0.735582,-0.177686,0.0636159,1.01476,0.380663,1.48377
6.75372e-06,8.9651e-05,0.449314,-0.00830243,-0.733747,-0.184506,0.0574523,1.01522,0.375763,1.48505
6.76924e-06,8.97048e-05,0.448811,0.000406514,-0.731847,-0.191309,0.0512866,1.01564,0.37086,1.48631
6.78464e-06,8.97586e-05,0.448126,0.00911533,-0.729882,-0.198095,0.045119,1.01602,0.365953,1.48756
6.79992e-06,8.98126e-05,0.447258,0.0178205,-0.727852,-0.204863,0.0389498,1.01637,0.361041,1.4888
6.81508e-06,8.98666e-05,0.446207,0.0265183,-0.725758,-0.211613,0.0327791,1.01668,0.356126,1.49001
6.83012e-06,8.99207e-05,0.444973,0.0352054,-0.723598,-0.218345,0.0266072,1.01695,0.351207,1.49121
6.84503e-06,8.99748e-05,0.443555,0.0438779,-0.721375,-0.225056,0.0204343,1.01718,0.346284,1.49239
6.85982e-06,9.00291e-05,0.441954,0.0525323,-0.719087,-0.231748,0.0142607,1.01738,0.341357,1.49356
6.87449e-06,9.00834e-05,0.440169,0.0611649,-0.716734,-0.238419,0.00808651,1.01754,0.336426,1.49471
6.88903e-06,9.01378e-05,0.4382,0.069772,-0.714318,-0.245069,0.00191205,1.01766,0.331492,1.49585
6.90345e-06,9.01922e-05,0.436047,0.0783498,-0.711838,-0.251697,-0.00426249,1.01774,0.326554,1.49697
6.91774e-06,9.02467e-05,0.43371,0.0868946,-0.709295,-0.258303,-0.0104369,1.01779,0.321613,1.49807
6.93191e-06,9.03013e-05,0.43119,0.0954028,-0.706688,-0.264885,-0.0166109,1.01779,0.316668,1.49915
6.94595e-06,9.0356e-05,0.428486,0.10387,-0.704018,-0.271444,-0.0227842,1.01776,0.31172,1.50022
6.95987e-06,9.04107e-05,0.425599,0.112294,-0.701285,-0.277978,-0.0289568,1.0177,0.306768,1.50128
6.97366e-06,9.04655e-05,0.42253,0.120669,-0.698489,-0.284487,-0.0351282,1.01759,0.301813,1.50231
6.98733e-06,9.05203e-05,0.419278,0.128992,-0.69563,-0.290971,-0.0412984,1.01745,0.296854,1.50333
7.00087e-06,9.05752e-05,0.415844,0.137259,-0.692709,-0.297429,-0.0474671,1.01727,0.291893,1.50434
7.01429e-06,9.06302e-05,0.412229,0.145466,-0.689726,-0.30386,-0.053634,1.01705,0.286928,1.50533
7.02757e-06,9.06852e-05,0.408434,0.15361,-0.686681,-0.310264,-0.0597989,1.0168,0.28196,1.5063
7.04074e-06,9.07403e-05,0.404459,0.161686,-0.683574,-0.31664,-0.0659616,1.01651,0.276989,1.50725
7.05377e-06,9.07955e-05,0.400305,0.169691,-0.680406,-0.322987,-0.0721219,1.01618,0.272015,1.50819
7.06668e-06,9.08507e-05,0.395973,0.17762,-0.677176,-0.329306,-0.0782795,1.01581,0.267038,1.50911
7.07946e-06,9.0906e-05,0.391464,0.18547,-0.673886,-0.335594,-0.0844343,1.01541,0.262058,1.51002
7.09211e-06,9.09613e-05,0.386779,0.193236,-0.670535,-0.341853,-0.0905859,1.01496,0.257075,1.51091
7.10463e-06,9.10167e-05,0.381919,0.200916,-0.667123,-0.34808,-0.0967343,1.01449,0.25209,1.51178
7.11703e-06,9.10721e-05,0.376886,0.208504,-0.663651,-0.354277,-0.102879,1.01397,0.247101,1.51263
7.12929e-06,9.11276e-05,0.37168,0.215996,-0.660119,-0.360441,-0.10902,1.01342,0.24211,1.51347
7.14143e-06,9.11832e-05,0.366304,0.22339,-0.656528,-0.366572,-0.115157,1.01282,0.237117,1.5143
7.15344e-06,9.12388e-05,0.360759,0.230681,-0.652877,-0.372671,-0.12129,1.0122,0.23212,1.5151
7.16532e-06,9.12944e-05,0.355046,0.237864,-0.649167,-0.378735,-0.127418,1.01153,0.227122,1.51589
7.17707e-06,9.13501e-05,0.349167,0.244936,-0.645398,-0.384766,-0.133542,1.01083,0.22212,1.51667
7.18869e-06,9.14059e-05,0.343125,0.251894,-0.641571,-0.390761,-0.13966,1.01009,0.217117,1.51742
7.20018e-06,9.14617e-05,0.33692,0.258732,-0.637686,-0.396721,-0.145774,1.00931,0.212111,1.51816
7.21154e-06,9.15175e-05,0.330555,0.265448,-0.633742,-0.402646,-0.151882,1.0085,0.207102,1.51889
7.22277e-06,9.15734e-05,0.324032,0.272036,-0.629742,-0.408533,-0.157985,1.00765,0.202092,1.5196
7.23387e-06,9.16294e-05,0.317353,0.278494,-0.625684,-0.414383,-0.164082,1.00676,0.197079,1.52029
7.24483e-06,9.16854e-05,0.310521,0.284818,-0.621569,-0.420196,-0.170172,1.00584,0.192064,1.52096
7.25567e-06,9.17414e-05,0.303538,0.291003,-0.617397,-0.42597,-0.176257,1.00487,0.187047,1.52162
7.26637e-06,9.17975e-05,0.296407,0.297045,-0.613169,-0.431706,-0.182335,1.00388,0.182028,1.52226
7.27694e-06,9.18536e-05,0.289129,0.302942,-0.608886,-0.437402,-0.188407,1.00284,0.177007,1.52288
7.28738e-06,9.19098e-05,0.281709,0.308688,-0.604546,-0.443059,-0.194471,1.00177,0.171984,1.52349
7.29769e-06,9.1966e-05,0.274148,0.314281,-0.600152,-0.448674,-0.200528,1.00066,0.166959,1.52408
7.30786e-06,9.20223e-05,0.26645,0.319717,-0.595703,-0.454249,-0.206579,0.999516,0.161932,1.52466
7.31791e-06,9.20786e-05,0.258618,0.324992,-0.591199,-0.459783,-0.212621,0.998334,0.156904,1.52522
7.32781e-06,9.21349e-05,0.250655,0.330102,-0.586641,-0.465274,-0.218656,0.997116,0.151874,1.52576
7.33759e-06,9.21913e-05,0.242564,0.335044,-0.58203,-0.470723,-0.224682,0.995861,0.146842,1.52628
7.34723e-06,9.22477e-05,0.234349,0.339814,-0.577365,-0.476128,-0.230701,0.99457,0.141809,1.52679
7.35673e-06,9.23042e-05,0.226012,0.344409,-0.572647,-0.48149,-0.236711,0.993242,0.136774,1.52728
7.3661e-06,9.23606e-05,0.217559,0.348825,-0.567877,-0.486808,-0.242712,0.991878,0.131737,1.52776
7.37534e-06,9.24172e-05,0.208992,0.35306,-0.563054,-0.492081,-0.248705,0.990478,0.126699,1.52822
7.38444e-06,9.24737e-05,0.200316,0.35711,-0.55818,-0.497308,-0.254688,0.989042,0.12166,1.52866
7.3934e-06,9.25303e-05,0.191534,0.360971,-0.553255,-0.50249,-0.260663,0.987569,0.11662,1.52908
7.40223e-06,9.25869e-05,0.182651,0.364641,-0.548278,-0.507626,-0.266627,0.986061,0.111578,1.52949
7.41092e-06,9.26436e-05,0.173669,0.368116,-0.543251,-0.512715,-0.272582,0.984516,0.106535,1.52989
7.41948e-06,9.27002e-05,0.164595,0.371394,-0.538174,-0.517756,-0.278527,0.982936,0.101491,1.53026
7.4279e-06,9.2757e-05,0.155432,0.374471,-0.533047,-0.52275,-0.284462,0.981319,0.0964453,1.53062
7.43618e-06,9.28137e-05,0.146185,0.377345,-0.527871,-0.527696,-0.290386,0.979667,0.0913989,1.53096
7.44433e-06,9.28705e-05,0.136858,0.380014,-0.522646,-0.532592,-0.2963,0.977979,0.0863516,1.53129
7.45233e-06,9.29273e-05,0.127456,0.382474,-0.517373,-0.53744,-0.302203,0.976256,0.0813033,1.5316
7.4602e-06,9.29841e-05,0.117983,0.384724,-0.512052,-0.542238,-0.308095,0.974496,0.0762541,1.53189
7.46793e-06,9.30409e-05,0.108446,0.38676,-0.506684,-0.546985,-0.313975,0.972702,0.0712041,1.53216
7.47552e-06,9.30978e-05,0.0988476,0.388581,-0.501268,-0.551682,-0.319845,0.970871,0.0661534,1.53242
7.48297e-06,9.31547e-05,0.0891942,0.390185,-0.495806,-0.556328,-0.325702,0.969006,0.0611019,1.53266
7.49028e-06,9.32116e-05,0.0794905,0.391569,-0.490298,-0.560922,-0.331548,0.967105,0.0560497,1.53289
7.49745e-06,9.32685e-05,0.069742,0.392732,-0.484745,-0.565463,-0.337382,0.965169,0.050997,1.5331
7.50448e-06,9.33255e-05,0.0599538,0.393672,-0.479146,-0.569953,-0.343203,0.963197,0.0459436,1.53329
7.51137e-06,9.33824e-05,0.0501314,0.394387,-0.473503,-0.574389,-0.349012,0.961191,0.0408898,1.53347
7.51812e-06,9.34394e-05,0.0402803,0.394876,-0.467816,-0.578771,-0.354808,0.95915,0.0358356,1.53363
7.52472e-06,9.34964e-05,0.0304059,0.395137,-0.462085,-0.5831,-0.360591,0.957074,0.0307809,1.53377
7.53119e-06,9.35534e-05,0.020514,0.39517,-0.456311,-0.587374,-0.366362,0.954963,0.0257259,1.53389
7.53751e-06,9.36105e-05,0.0106102,0.394974,-0.450494,-0.591594,-0.372118,0.952817,0.0206706,1.534
7.54369e-06,9.36675e-05,0.000700166,0.394547,-0.444636,-0.595758,-0.377862,0.950636,0.0156152,1.53409
7.54973e-06,9.37245e-05,-0.00921026,0.393889,-0.438735,-0.599866,-0.383591,0.948421,0.0105595,1.53417
7.55562e-06,9.37816e-05,-0.0191153,0.392999,-0.432794,-0.603919,-0.389307,0.946172,0.00550372,1.53423
7.56137e-06,9.38387e-05,-0.029009,0.391878,-0.426812,-0.607914,-0.395008,0.943888,0.000447882,1.53427
7.56698e-06,9.38958e-05,-0.0388855,0.390524,-0.42079,-0.611853,-0.400695,0.94157,-0.00460796,1.5343
7.57244e-06,9.39528e-05,-0.0487389,0.388938,-0.414729,-0.615734,-0.406368,0.939217,-0.00966375,1.5343
7.57776e-06,9.40099e-05,-0.0585632,0.38712,-0.408628,-0.619558,-0.412025,0.936831,-0.0147194,1.5343
7.58293e-06,9.4067e-05,-0.0683524,0.38507,-0.40249,-0.623323,-0.417668,0.93441,-0.019775,1.53427
7.58796e-06,9.41241e-05,-0.0781006,0.382789,-0.396313,-0.62703,-0.423296,0.931956,-0.0248303,1.53423
7.59285e-06,9.41812e-05,-0.0878018,0.380278,-0.390099,-0.630677,-0.428908,0.929468,-0.0298853,1.53417
7.59758e-06,9.42383e-05,-0.0974498,0.377537,-0.383849,-0.634265,-0.434505,0.926946,-0.03494,1.5341
7.60217e-06,9.42954e-05,-0.107039,0.374567,-0.377562,-0.637794,-0.440086,0.92439,-0.0399944,1.53401
7.60662e-06,9.43525e-05,-0.116563,0.37137,-0.371239,-0.641262,-0.445651,0.921801,-0.0450483,1.5339
7.61092e-06,9.44096e-05,-0.126016,0.367947,-0.364882,-0.64467,-0.4512,0.919178,-0.0501017,1.53378
7.61507e-06,9.44667e-05,-0.135392,0.364299,-0.35849,-0.648016,-0.456732,0.916522,-0.0551546,1.53363
7.61908e-06,9.45237e-05,-0.144686,0.360429,-0.352064,-0.651302,-0.462248,0.913833,-0.0602068,1.53348
7.62294e-06,9.45808e-05,-0.153891,0.356338,-0.345605,-0.654526,-0.467747,0.911111,-0.0652584,1.5333
7.62665e-06,9.46378e-05,-0.163001,0.352029,-0.339113,-0.657687,-0.473229,0.908356,-0.0703094,1.53311
7.63021e-06,9.46949e-05,-0.172011,0.347504,-0.332589,-0.660787,-0.478694,0.905568,-0.0753595,1.5329
7.63363e-06,9.47519e-05,-0.180916,0.342764,-0.326033,-0.663824,-0.484142,0.902747,-0.0804088,1.53268
7.6369e-06,9.48089e-05,-0.189709,0.337814,-0.319447,-0.666797,-0.489572,0.899893,-0.0854573,1.53244
7.64003e-06,9.48659e-05,-0.198385,0.332656,-0.31283,-0.669708,-0.494984,0.897007,-0.0905048,1.53218
7.643e-06,9.49229e-05,-0.206939,0.327292,-0.306183,-0.672554,-0.500379,0.894088,-0.0955514,1.53191
7.64583e-06,9.49798e-05,-0.215365,0.321726,-0.299507,-0.675337,-0.505755,0.891137,-0.100597,1.53162
7.64852e-06,9.50367e-05,-0.223657,0.315961,-0.292803,-0.678055,-0.511113,0.888154,-0.105641,1.53131
7.65105e-06,9.50936e-05,-0.231812,0.310002,-0.286071,-0.680709,-0.516453,0.885138,-0.110685,1.53098
7.65344e-06,9.51505e-05,-0.239823,0.30385,-0.279311,-0.683297,-0.521774,0.882091,-0.115727,1.53064
7.65568e-06,9.52074e-05,-0.247686,0.297511,-0.272525,-0.685821,-0.527076,0.879011,-0.120767,1.53029
7.65777e-06,9.52642e-05,-0.255396,0.290989,-0.265712,-0.688279,-0.532359,0.8759,-0.125807,1.52991
7.65972e-06,9.5321e-05,-0.262948,0.284286,-0.258875,-0.690671,-0.537623,0.872757,-0.130845,1.52952
7.66152e-06,9.53778e-05,-0.270338,0.277408,-0.252012,-0.692997,-0.542867,0.869583,-0.135882,1.52912
7.66318e-06,9.54345e-05,-0.277561,0.270359,-0.245126,-0.695256,-0.548092,0.866377,-0.140917,1.52869
7.66469e-06,9.54912e-05,-0.284613,0.263144,-0.238216,-0.697449,-0.553297,0.86314,-0.145951,1.52825
7.66605e-06,9.55478e-05,-0.29149,0.255766,-0.231283,-0.699575,-0.558482,0.859872,-0.150983,1.52779
7.66727e-06,9.56044e-05,-0.298188,0.248231,-0.224328,-0.701634,-0.563646,0.856573,-0.156013,1.52732
7.66834e-06,9.5661e-05,-0.304702,0.240544,-0.217351,-0.703626,-0.568791,0.853242,-0.161042,1.52683
7.66927e-06,9.57175e-05,-0.31103,0.23271,-0.210353,-0.70555,-0.573915,0.849881,-0.166069,1.52632
7.67006e-06,9.5774e-05,-0.317167,0.224733,-0.203336,-0.707406,-0.579018,0.84649,-0.171095,1.5258
7.6707e-06,9.58304e-05,-0.323111,0.216619,-0.196298,-0.709193,-0.5841,0.843068,-0.176118,1.52526
7.6712e-06,9.58868e-05,-0.328857,0.208373,-0.189242,-0.710913,-0.589161,0.839615,-0.181139,1.52471
7.67156e-06,9.59432e-05,-0.334404,0.2,-0.182167,-0.712564,-0.594201,0.836132,-0.186159,1.52413
7.67177e-06,9.59994e-05,-0.339748,0.191506,-0.175075,-0.714146,-0.599219,0.832619,-0.191177,1.52354
7.67185e-06,9.60557e-05,-0.344886,0.182896,-0.167966,-0.715659,-0.604216,0.829076,-0.196192,1.52294
7.67178e-06,9.61118e-05,-0.349816,0.174176,-0.160841,-0.717103,-0.609191,0.825503,-0.201205,1.52232
7.67157e-06,9.6168e-05,-0.354536,0.165351,-0.1537,-0.718478,-0.614144,0.8219,-0.206216,1.52168
7.67123e-06,9.6224e-05,-0.359043,0.156427,-0.146544,-0.719783,-0.619075,0.818268,-0.211225,1.52102
7.67075e-06,9.628e-05,-0.363335,0.14741,-0.139374,-0.721018,-0.623984,0.814606,-0.216232,1.52035
7.67013e-06,9.63359e-05,-0.367411,0.138305,-0.132191,-0.722183,-0.62887,0.810914,-0.221236,1.51966
7.66937e-06,9.63918e-05,-0.371268,0.129117,-0.124995,-0.723279,-0.633734,0.807194,-0.226238,1.51896
7.66848e-06,9.64476e-05,-0.374906,0.119854,-0.117786,-0.724304,-0.638574,0.803444,-0.231238,1.51824
7.66745e-06,9.65033e-05,-0.378323,0.110519,-0.110567,-0.725259,-0.643392,0.799666,-0.236234,1.5175
7.66629e-06,9.6559e-05,-0.381517,0.10112,-0.103336,-0.726143,-0.648187,0.795859,-0.241229,1.51675
7.665e-06,9.66146e-05,-0.384489,0.0916621,-0.0960954,-0.726956,-0.652958,0.792023,-0.246221,1.51598
7.66357e-06,9.66701e-05,-0.387236,0.0821505,-0.0888454,-0.727699,-0.657706,0.788159,-0.25121,1.51519
7.66202e-06,9.67255e-05,-0.389759,0.0725914,-0.0815868,-0.728371,-0.66243,0.784266,-0.256196,1.51439
7.66033e-06,9.67809e-05,-0.392057,0.0629904,-0.0743202,-0.728972,-0.66713,0.780345,-0.26118,1.51357
7.65852e-06,9.68362e-05,-0.394129,0.0533532,-0.0670463,-0.729502,-0.671806,0.776396,-0.26616,1.51273
7.65658e-06,9.68914e-05,-0.395976,0.0436856,-0.0597659,-0.72996,-0.676458,0.772419,-0.271138,1.51188
7.65452e-06,9.69465e-05,-0.397597,0.0339931,-0.0524797,-0.730347,-0.681086,0.768414,-0.276113,1.51101
7.65233e-06,9.70016e-05,-0.398992,0.0242814,-0.0451883,-0.730663,-0.685689,0.764382,-0.281085,1.51013
7.65002e-06,9.70565e-05,-0.400163,0.014556,-0.0378926,-0.730907,-0.690267,0.760322,-0.286054,1.50922
7.64758e-06,9.71114e-05,-0.401109,0.00482257,-0.0305931,-0.73108,-0.694821,0.756235,-0.29102,1.50831
7.64503e-06,9.71662e-05,-0.40183,-0.00491354,-0.0232906,-0.731181,-0.69935,0.75212,-0.295983,1.50737
7.64235e-06,9.72209e-05,-0.402328,-0.0146469,-0.0159858,-0.73121,-0.703853,0.747979,-0.300942,1.50642
7.63956e-06,9.72755e-05,-0.402604,-0.024372,-0.00867943,-0.731168,-0.708332,0.743811,-0.305898,1.50546
7.63665e-06,9.733e-05,-0.402659,-0.0340837,-0.00137222,-0.731054,-0.712785,0.739616,-0.310851,1.50447
7.63363e-06,9.73844e-05,-0.402493,-0.0437768,0.00593512,-0.730868,-0.717212,0.735394,-0.315801,1.50347
7.63049e-06,9.74387e-05,-0.402107,-0.0534459,0.0132419,-0.73061,-0.721613,0.731146,-0.320747,1.50246
7.62724e-06,9.74929e-05,-0.401505,-0.063086,0.0205473,-0.73028,-0.725989,0.726872,-0.325689,1.50143
7.62388e-06,9.75471e-05,-0.400686,-0.0726922,0.0278508,-0.729879,-0.730338,0.722572,-0.330628,1.50038
7.62042e-06,9.76011e-05,-0.399652,-0.0822593,0.0351514,-0.729405,-0.734662,0.718245,-0.335564,1.49931
7.61684e-06,9.7655e-05,-0.398406,-0.0917827,0.0424487,-0.72886,-0.738959,0.713893,-0.340496,1.49823
7.61316e-06,9.77088e-05,-0.396949,-0.101257,0.0497417,-0.728242,-0.743229,0.709516,-0.345424,1.49714
7.60938e-06,9.77625e-05,-0.395283,-0.110679,0.0570298,-0.727553,-0.747473,0.705113,-0.350349,1.49602
7.60549e-06,9.78162e-05,-0.39341,-0.120042,0.0643124,-0.726792,-0.75169,0.700684,-0.355269,1.49489
7.6015e-06,9.78697e-05,-0.391333,-0.129343,0.0715885,-0.725959,-0.75588,0.696231,-0.360186,1.49375
7.59742e-06,9.79231e-05,-0.389053,-0.138577,0.0788576,-0.725055,-0.760043,0.691752,-0.365099,1.49259
7.59323e-06,9.79764e-05,-0.386572,-0.147739,0.0861188,-0.724078,-0.764178,0.687249,-0.370008,1.49141
7.58895e-06,9.80296e-05,-0.383894,-0.156826,0.0933716,-0.72303,-0.768286,0.682721,-0.374913,1.49022
7.58458e-06,9.80826e-05,-0.381021,-0.165833,0.100615,-0.721911,-0.772367,0.678169,-0.379814,1.48901
7.58012e-06,9.81356e-05,-0.377956,-0.174757,0.107849,-0.72072,-0.77642,0.673592,-0.384711,1.48778
7.57556e-06,9.81885e-05,-0.3747,-0.183592,0.115071,-0.719457,-0.780445,0.668991,-0.389604,1.48654
7.57092e-06,9.82412e-05,-0.371257,-0.192336,0.122283,-0.718123,-0.784442,0.664366,-0.394492,1.48528
7.56619e-06,9.82938e-05,-0.36763,-0.200984,0.129482,-0.716717,-0.788411,0.659718,-0.399376,1.48401
7.56137e-06,9.83463e-05,-0.363821,-0.209533,0.136669,-0.715241,-0.792352,0.655045,-0.404256,1.48272
7.55647e-06,9.83987e-05,-0.359834,-0.217978,0.143841,-0.713693,-0.796264,0.65035,-0.409132,1.48141
7.55149e-06,9.8451e-05,-0.355671,-0.226318,0.151,-0.712075,-0.800148,0.64563,-0.414003,1.48009
7.54643e-06,9.85032e-05,-0.351335,-0.234547,0.158144,-0.710385,-0.804003,0.640888,-0.41887,1.47875
7.5413e-06,9.85552e-05,-0.34683,-0.242664,0.165271,-0.708625,-0.80783,0.636123,-0.423732,1.4774
7.53608e-06,9.86072e-05,-0.342159,-0.250664,0.172383,-0.706794,-0.811627,0.631335,-0.428589,1.47603
7.5308e-06,9.8659e-05,-0.337324,-0.258544,0.179477,-0.704893,-0.815395,0.626525,-0.433442,1.47464
7.52544e-06,9.87107e-05,-0.33233,-0.266302,0.186553,-0.702921,-0.819135,0.621692,-0.43829,1.47324
7.52001e-06,9.87622e-05,-0.327179,-0.273934,0.193611,-0.70088,-0.822844,0.616837,-0.443134,1.47182
7.51452e-06,9.88137e-05,-0.321874,-0.281438,0.200649,-0.698768,-0.826525,0.611959,-0.447972,1.47039
7.50895e-06,9.8865e-05,-0.31642,-0.28881,0.207667,-0.696587,-0.830176,0.60706,-0.452806,1.46894
7.50333e-06,9.89162e-05,-0.310819,-0.296049,0.214665,-0.694336,-0.833797,0.602139,-0.457635,1.46747
7.49764e-06,9.89673e-05,-0.305074,-0.303151,0.221641,-0.692015,-0.837388,0.597197,-0.462459,1.46599
7.49189e-06,9.90182e-05,-0.29919,-0.310114,0.228595,-0.689626,-0.840949,0.592233,-0.467278,1.46449
7.48608e-06,9.90691e-05,-0.293169,-0.316936,0.235526,-0.687167,-0.844481,0.587248,-0.472092,1.46298
7.48021e-06,9.91198e-05,-0.287016,-0.323614,0.242433,-0.68464,-0.847982,0.582242,-0.476901,1.46145
7.47429e-06,9.91704e-05,-0.280733,-0.330146,0.249316,-0.682044,-0.851452,0.577215,-0.481705,1.45991
7.46832e-06,9.92208e-05,-0.274324,-0.33653,0.256175,-0.67938,-0.854893,0.572168,-0.486503,1.45835
7.46229e-06,9.92712e-05,-0.267793,-0.342764,0.263007,-0.676647,-0.858302,0.5671,-0.491297,1.45677
7.45622e-06,9.93214e-05,-0.261143,-0.348845,0.269813,-0.673847,-0.861681,0.562012,-0.496085,1.45518
7.4501e-06,9.93715e-05,-0.254377,-0.354773,0.276592,-0.670979,-0.865029,0.556903,-0.500867,1.45357
7.44394e-06,9.94214e-05,-0.2475,-0.360545,0.283344,-0.668044,-0.868347,0.551775,-0.505644,1.45195
7.43773e-06,9.94713e-05,-0.240515,-0.366159,0.290067,-0.665041,-0.871633,0.546627,-0.510416,1.45031
7.43148e-06,9.9521e-05,-0.233425,-0.371613,0.29676,-0.661972,-0.874888,0.54146,-0.515182,1.44866
7.42519e-06,9.95706e-05,-0.226234,-0.376907,0.303424,-0.658836,-0.878112,0.536273,-0.519943,1.44699
7.41886e-06,9.962e-05,-0.218946,-0.382039,0.310058,-0.655634,-0.881304,0.531067,-0.524698,1.4453
7.4125e-06,9.96693e-05,-0.211564,-0.387007,0.31666,-0.652367,-0.884465,0.525842,-0.529447,1.4436
7.4061e-06,9.97185e-05,-0.204091,-0.391809,0.32323,-0.649033,-0.887594,0.520599,-0.534191,1.44188
7.39967e-06,9.97676e-05,-0.196532,-0.396446,0.329768,-0.645634,-0.890692,0.515336,-0.538929,1.44015
7.39321e-06,9.98166e-05,-0.18889,-0.400914,0.336273,-0.64217,-0.893757,0.510056,-0.543661,1.4384
7.38673e-06,9.98654e-05,-0.181168,-0.405214,0.342744,-0.638642,-0.896791,0.504757,-0.548387,1.43664
7.38021e-06,9.99141e-05,-0.173371,-0.409345,0.34918,-0.635049,-0.899793,0.49944,-0.553108,1.43486
7.37367e-06,9.99626e-05,-0.165501,-0.413304,0.355581,-0.631392,-0.902763,0.494105,-0.557822,1.43306
7.36712e-06,0.000100011,-0.157562,-0.417092,0.361946,-0.627671,-0.9057,0.488752,-0.56253,1.43125
7.36053e-06,0.000100059,-0.149559,-0.420707,0.368275,-0.623887,-0.908605,0.483382,-0.567233,1.42943
7.35394e-06,0.000100108,-0.141493,-0.424149,0.374567,-0.62004,-0.911478,0.477995,-0.571929,1.42759
7.34732e-06,0.000100156,-0.13337,-0.427417,0.38082,-0.616131,-0.914318,0.472591,-0.576619,1.42573
7.34069e-06,0.000100204,-0.125192,-0.43051,0.387036,-0.612159,-0.917125,0.46717,-0.581302,1.42386
7.33405e-06,0.000100251,-0.116963,-0.433428,0.393212,-0.608126,-0.9199,0.461732,-0.58598,1.42197
7.32739e-06,0.000100299,-0.108687,-0.43617,0.399348,-0.604031,-0.922642,0.456278,-0.590651,1.42007
7.32072e-06,0.000100347,-0.100367,-0.438736,0.405444,-0.599875,-0.92535,0.450807,-0.595316,1.41815
7.31405e-06,0.000100394,-0.0920065,-0.441126,0.4115,-0.595658,-0.928026,0.445321,-0.599974,1.41622
7.30737e-06,0.000100441,-0.0836091,-0.443338,0.417513,-0.591381,-0.930669,0.439818,-0.604626,1.41427
7.30069e-06,0.000100489,-0.0751782,-0.445373,0.423485,-0.587045,-0.933278,0.4343,-0.609271,1.41231
7.29401e-06,0.000100536,-0.0667173,-0.44723,0.429413,-0.582648,-0.935855,0.428766,-0.61391,1.41033
7.28732e-06,0.000100583,-0.0582299,-0.44891,0.435298,-0.578193,-0.938397,0.423217,-0.618542,1.40833
7.28064e-06,0.000100629,-0.0497195,-0.450412,0.441139,-0.57368,-0.940907,0.417653,-0.623168,1.40632
7.27396e-06,0.000100676,-0.0411894,-0.451736,0.446936,-0.569108,-0.943382,0.412074,-0.627787,1.4043
7.26728e-06,0.000100723,-0.0326431,-0.452882,0.452687,-0.564479,-0.945824,0.40648,-0.632399,1.40226
7.26061e-06,0.000100769,-0.024084,-0.45385,0.458392,-0.559793,-0.948233,0.400872,-0.637004,1.40021
7.25395e-06,0.000100815,-0.0155155,-0.454641,0.464051,-0.555049,-0.950607,0.39525,-0.641602,1.39814
7.2473e-06,0.000100862,-0.0069409,-0.455254,0.469663,-0.55025,-0.952948,0.389613,-0.646194,1.39605
7.24066e-06,0.000100908,0.0016364,-0.45569,0.475227,-0.545395,-0.955254,0.383963,-0.650778,1.39395
7.23403e-06,0.000100954,0.0102131,-0.455948,0.480743,-0.540485,-0.957527,0.378298,-0.655356,1.39184
7.22742e-06,0.000101,0.0187858,-0.45603,0.48621,-0.535519,-0.959765,0.372621,-0.659926,1.38971
7.22082e-06,0.000101045,0.0273512,-0.455936,0.491628,-0.5305,-0.961969,0.36693,-0.664489,1.38756
7.21425e-06,0.000101091,0.0359061,-0.455665,0.496997,-0.525427,-0.964139,0.361226,-0.669045,1.3854
7.20769e-06,0.000101137,0.0444472,-0.455219,0.502315,-0.5203,-0.966274,0.355509,-0.673594,1.38323
7.20116e-06,0.000101182,0.0529712,-0.454598,0.507581,-0.515121,-0.968375,0.349779,-0.678136,1.38104
7.19464e-06,0.000101227,0.0614749,-0.453802,0.512797,-0.509889,-0.970442,0.344037,-0.68267,1.37884
7.18816e-06,0.000101272,0.069955,-0.452833,0.51796,-0.504606,-0.972473,0.338283,-0.687197,1.37662
7.1817e-06,0.000101317,0.0784083,-0.45169,0.523071,-0.499271,-0.974471,0.332516,-0.691717,1.37438
7.17526e-06,0.000101362,0.0868318,-0.450374,0.528129,-0.493886,-0.976433,0.326738,-0.696229,1.37213
7.16886e-06,0.000101407,0.0952221,-0.448887,0.533133,-0.48845,-0.97836,0.320948,-0.700734,1.36987
7.16249e-06,0.000101452,0.103576,-0.447229,0.538083,-0.482965,-0.980253,0.315147,-0.705231,1.36759
7.15615e-06,0.000101497,0.111891,-0.445401,0.542979,-0.477432,-0.982111,0.309334,-0.70972,1.3653
7.14985e-06,0.000101541,0.120163,-0.443403,0.547819,-0.471849,-0.983933,0.30351,-0.714202,1.36299
7.14358e-06,0.000101585,0.128389,-0.441237,0.552604,-0.466219,-0.985721,0.297676,-0.718676,1.36067
7.13735e-06,0.00010163,0.136567,-0.438904,0.557332,-0.460541,-0.987473,0.291831,-0.723143,1.35833
7.13116e-06,0.000101674,0.144693,-0.436404,0.562005,-0.454817,-0.98919,0.285975,-0.727601,1.35598
7.12501e-06,0.000101718,0.152765,-0.433739,0.56662,-0.449046,-0.990872,0.28011,-0.732052,1.35361
7.11889e-06,0.000101762,0.160778,-0.43091,0.571177,-0.44323,-0.992519,0.274234,-0.736495,1.35123
7.11283e-06,0.000101806,0.168731,-0.427917,0.575677,-0.437369,-0.99413,0.268349,-0.74093,1.34884
7.10681e-06,0.00010185,0.176619,-0.424763,0.580118,-0.431463,-0.995706,0.262454,-0.745357,1.34643
7.10083e-06,0.000101893,0.184441,-0.421448,0.5845,-0.425514,-0.997246,0.256549,-0.749776,1.344
7.0949e-06,0.000101937,0.192193,-0.417973,0.588823,-0.419521,-0.998751,0.250636,-0.754187,1.34156
7.08902e-06,0.00010198,0.199873,-0.414341,0.593086,-0.413486,-1.00022,0.244714,-0.75859,1.33911
7.08319e-06,0.000102024,0.207477,-0.410552,0.597289,-0.407408,-1.00165,0.238782,-0.762985,1.33664
7.07741e-06,0.000102067,0.215003,-0.406607,0.601431,-0.40129,-1.00305,0.232843,-0.767371,1.33416
7.07168e-06,0.00010211,0.222447,-0.402509,0.605512,-0.395131,-1.00441,0.226895,-0.771749,1.33166
7.06601e-06,0.000102153,0.229807,-0.398258,0.609532,-0.388931,-1.00574,0.220939,-0.776119,1.32915
7.0604e-06,0.000102196,0.23708,-0.393856,0.61349,-0.382692,-1.00703,0.214975,-0.780481,1.32663
7.05484e-06,0.000102239,0.244263,-0.389305,0.617386,-0.376414,-1.00828,0.209003,-0.784834,1.32409
7.04934e-06,0.000102282,0.251353,-0.384606,0.621219,-0.370098,-1.0095,0.203024,-0.789178,1.32153
7.04389e-06,0.000102325,0.258348,-0.379762,0.624989,-0.363745,-1.01068,0.197038,-0.793515,1.31896
7.03851e-06,0.000102367,0.265245,-0.374773,0.628695,-0.357354,-1.01183,0.191045,-0.797842,1.31638
7.03319e-06,0.00010241,0.272041,-0.369641,0.632338,-0.350928,-1.01294,0.185045,-0.802161,1.31379
7.02793e-06,0.000102452,0.278734,-0.364369,0.635917,-0.344465,-1.01402,0.179038,-0.806472,1.31118
7.02274e-06,0.000102495,0.28532,-0.358958,0.639431,-0.337968,-1.01505,0.173025,-0.810773,1.30855
7.01761e-06,0.000102537,0.291797,-0.353409,0.64288,-0.331437,-1.01606,0.167006,-0.815067,1.30591
7.01255e-06,0.000102579,0.298163,-0.347726,0.646264,-0.324871,-1.01702,0.160981,-0.819351,1.30326
7.00756e-06,0.000102621,0.304415,-0.341909,0.649583,-0.318273,-1.01795,0.15495,-0.823626,1.30059
7.00263e-06,0.000102663,0.31055,-0.335961,0.652836,-0.311643,-1.01884,0.148913,-0.827893,1.29791
6.99778e-06,0.000102705,0.316565,-0.329884,0.656022,-0.304981,-1.0197,0.142872,-0.832151,1.29522
6.99299e-06,0.000102747,0.322459,-0.32368,0.659142,-0.298288,-1.02052,0.136825,-0.836399,1.29251
6.98828e-06,0.000102789,0.328228,-0.317351,0.662196,-0.291565,-1.0213,0.130773,-0.840639,1.28979
6.98364e-06,0.000102831,0.333871,-0.3109,0.665182,-0.284812,-1.02205,0.124717,-0.84487,1.28705
6.97907e-06,0.000102872,0.339384,-0.304328,0.668101,-0.278031,-1.02276,0.118656,-0.849091,1.2843
6.97458e-06,0.000102914,0.344765,-0.297638,0.670952,-0.271221,-1.02344,0.112591,-0.853304,1.28154
6.97017e-06,0.000102955,0.350013,-0.290832,0.673735,-0.264384,-1.02408,0.106522,-0.857507,1.27876
6.96583e-06,0.000102997,0.355123,-0.283912,0.676451,-0.25752,-1.02468,0.100449,-0.861701,1.27597
6.96157e-06,0.000103038,0.360095,-0.276881,0.679097,-0.25063,-1.02524,0.0943728,-0.865886,1.27316
6.95739e-06,0.000103079,0.364925,-0.269742,0.681675,-0.243714,-1.02577,0.088293,-0.870062,1.27034
6.95329e-06,0.000103121,0.369612,-0.262496,0.684184,-0.236774,-1.02626,0.0822101,-0.874228,1.26751
6.94927e-06,0.000103162,0.374154,-0.255147,0.686624,-0.22981,-1.02672,0.0761242,-0.878385,1.26467
6.94533e-06,0.000103203,0.378547,-0.247697,0.688995,-0.222823,-1.02714,0.0700357,-0.882532,1.26181
6.94147e-06,0.000103244,0.38279,-0.240149,0.691295,-0.215813,-1.02752,0.0639446,-0.88667,1.25893
6.93769e-06,0.000103285,0.38688,-0.232505,0.693527,-0.208782,-1.02786,0.0578513,-0.890798,1.25605
6.934e-06,0.000103326,0.390816,-0.224768,0.695687,-0.201729,-1.02817,0.0517559,-0.894917,1.25315
6.9304e-06,0.000103367,0.394596,-0.216941,0.697778,-0.194656,-1.02845,0.0456587,-0.899026,1.25023
6.92688e-06,0.000103408,0.398217,-0.209027,0.699798,-0.187564,-1.02868,0.0395598,-0.903126,1.2473
6.92344e-06,0.000103449,0.401677,-0.201028,0.701748,-0.180452,-1.02888,0.0334595,-0.907215,1.24436
6.92009e-06,0.000103489,0.404974,-0.192948,0.703627,-0.173322,-1.02904,0.0273581,-0.911296,1.24141
6.91683e-06,0.00010353,0.408107,-0.184789,0.705435,-0.166175,-1.02917,0.0212557,-0.915366,1.23844
6.91366e-06,0.000103571,0.411073,-0.176555,0.707172,-0.159011,-1.02925,0.0151525,-0.919426,1.23546
6.91058e-06,0.000103611,0.413871,-0.168248,0.708837,-0.151831,-1.02931,0.00904875,-0.923477,1.23247
6.90758e-06,0.000103652,0.416498,-0.159873,0.710432,-0.144635,-1.02932,0.00294471,-0.927517,1.22946
6.90468e-06,0.000103692,0.418954,-0.151431,0.711954,-0.137425,-1.0293,-0.00315943,-0.931548,1.22644
6.90187e-06,0.000103733,0.421236,-0.142926,0.713405,-0.130201,-1.02924,-0.00926346,-0.935569,1.22341
6.89914e-06,0.000103773,0.423342,-0.134362,0.714784,-0.122964,-1.02915,-0.0153671,-0.939579,1.22036
6.89651e-06,0.000103814,0.425271,-0.125741,0.716092,-0.115715,-1.02901,-0.0214703,-0.94358,1.2173
6.89398e-06,0.000103854,0.427022,-0.117068,0.717327,-0.108454,-1.02885,-0.0275727,-0.94757,1.21423
6.89153e-06,0.000103894,0.428592,-0.108345,0.71849,-0.101182,-1.02864,-0.033674,-0.95155,1.21114
6.88918e-06,0.000103935,0.429981,-0.0995764,0.719581,-0.0939,-1.0284,-0.0397742,-0.95552,1.20804
6.88692e-06,0.000103975,0.431187,-0.0907652,0.7206,-0.0866085,-1.02812,-0.045873,-0.95948,1.20493
6.88476e-06,0.000104015,0.432208,-0.0819151,0.721546,-0.0793082,-1.0278,-0.0519701,-0.963429,1.20181
6.88269e-06,0.000104055,0.433043,-0.0730297,0.72242,-0.0720001,-1.02745,-0.0580653,-0.967369,1.19867
6.88071e-06,0.000104096,0.433691,-0.0641127,0.723222,-0.0646846,-1.02706,-0.0641585,-0.971297,1.19552
6.87883e-06,0.000104136,0.434151,-0.0551678,0.723951,-0.0573627,-1.02664,-0.0702494,-0.975216,1.19235
6.87705e-06,0.000104176,0.434421,-0.0461988,0.724607,-0.050035,-1.02617,-0.0763377,-0.979123,1.18918
6.87536e-06,0.000104216,0.434501,-0.0372095,0.725191,-0.0427024,-1.02567,-0.0824234,-0.983021,1.18599
6.87377e-06,0.000104256,0.43439,-0.0282038,0.725702,-0.0353654,-1.02514,-0.088506,-0.986907,1.18279
6.87227e-06,0.000104296,0.434085,-0.0191855,0.726141,-0.0280248,-1.02457,-0.0945856,-0.990783,1.17957
6.87087e-06,0.000104336,0.433588,-0.0101586,0.726507,-0.0206815,-1.02396,-0.100662,-0.994649,1.17635
6.86957e-06,0.000104376,0.432896,-0.00112714,0.7268,-0.0133361,-1.02331,-0.106734,-0.998504,1.17311
6.86836e-06,0.000104416,0.43201,0.00790489,0.727021,-0.0059893,-1.02263,-0.112803,-1.00235,1.16985
6.86725e-06,0.000104457,0.430928,0.0169334,0.727169,0.00135807,-1.02191,-0.118868,-1.00618,1.16659
6.86624e-06,0.000104497,0.42965,0.0259542,0.727245,0.00870532,-1.02116,-0.124928,-1.01,1.16331
6.86533e-06,0.000104537,0.428175,0.0349632,0.727248,0.0160517,-1.02037,-0.130984,-1.01382,1.16002
6.86451e-06,0.000104577,0.426504,0.0439562,0.727178,0.0233965,-1.01954,-0.137035,-1.01762,1.15672
6.86379e-06,0.000104617,0.424635,0.0529289,0.727036,0.030739,-1.01867,-0.143082,-1.02141,1.15341
6.86316e-06,0.000104657,0.422568,0.061877,0.726822,0.0380784,-1.01777,-0.149123,-1.02519,1.15008
6.86264e-06,0.000104697,0.420304,0.0707962,0.726535,0.0454141,-1.01683,-0.155159,-1.02895,1.14674
6.86221e-06,0.000104737,0.417842,0.0796822,0.726176,0.0527452,-1.01586,-0.161189,-1.03271,1.14339
6.86188e-06,0.000104777,0.415183,0.0885304,0.725744,0.0600711,-1.01485,-0.167214,-1.03646,1.14002
6.86164e-06,0.000104817,0.412325,0.0973366,0.725241,0.067391,-1.0138,-0.173232,-1.04019,1.13665
6.8615e-06,0.000104857,0.409271,0.106096,0.724665,0.0747043,-1.01272,-0.179245,-1.04391,1.13326
6.86146e-06,0.000104897,0.406019,0.114805,0.724018,0.0820102,-1.0116,-0.185251,-1.04763,1.12986
6.86151e-06,0.000104937,0.40257,0.123458,0.723298,0.0893079,-1.01045,-0.19125,-1.05133,1.12645
6.86166e-06,0.000104977,0.398926,0.132051,0.722507,0.0965967,-1.00926,-0.197243,-1.05502,1.12302
6.8619e-06,0.000105017,0.395086,0.140579,0.721645,0.103876,-1.00803,-0.203228,-1.0587,1.11959
6.86224e-06,0.000105057,0.391051,0.149038,0.72071,0.111145,-1.00676,-0.209206,-1.06236,1.11614
6.86268e-06,0.000105098,0.386823,0.157424,0.719705,0.118403,-1.00547,-0.215177,-1.06602,1.11268
6.86321e-06,0.000105138,0.382401,0.16573,0.718628,0.125649,-1.00413,-0.22114,-1.06966,1.1092
6.86383e-06,0.000105178,0.377788,0.173954,0.71748,0.132883,-1.00276,-0.227095,-1.0733,1.10572
6.86455e-06,0.000105218,0.372984,0.18209,0.716262,0.140104,-1.00135,-0.233042,-1.07692,1.10222
6.86536e-06,0.000105258,0.367991,0.190134,0.714972,0.147311,-0.999908,-0.23898,-1.08053,1.09871
6.86626e-06,0.000105299,0.36281,0.19808,0.713612,0.154504,-0.998429,-0.24491,-1.08413,1.09519
6.86725e-06,0.000105339,0.357443,0.205926,0.712182,0.161681,-0.996914,-0.250832,-1.08771,1.09166
6.86834e-06,0.000105379,0.351891,0.213664,0.710681,0.168842,-0.995363,-0.256744,-1.09129,1.08812
6.86952e-06,0.00010542,0.346157,0.221292,0.70911,0.175987,-0.993777,-0.262647,-1.09485,1.08456
6.87078e-06,0.00010546,0.340241,0.228804,0.70747,0.183114,-0.992155,-0.26854,-1.0984,1.081
6.87214e-06,0.000105501,0.334147,0.236196,0.70576,0.190223,-0.990498,-0.274424,-1.10194,1.07742
6.87359e-06,0.000105541,0.327876,0.243464,0.70398,0.197314,-0.988805,-0.280298,-1.10547,1.07383
6.87512e-06,0.000105582,0.321431,0.250602,0.702132,0.204385,-0.987076,-0.286163,-1.10899,1.07023
6.87674e-06,0.000105622,0.314815,0.257606,0.700214,0.211436,-0.985313,-0.292016,-1.11249,1.06661
6.87844e-06,0.000105663,0.308029,0.264472,0.698228,0.218467,-0.983514,-0.29786,-1.11598,1.06299
6.88024e-06,0.000105704,0.301076,0.271195,0.696173,0.225476,-0.981679,-0.303692,-1.11946,1.05935
6.88211e-06,0.000105744,0.29396,0.27777,0.69405,0.232463,-0.97981,-0.309514,-1.12293,1.05571
6.88407e-06,0.000105785,0.286684,0.284194,0.691859,0.239427,-0.977905,-0.315325,-1.12639,1.05205
6.88612e-06,0.000105826,0.27925,0.290462,0.6896,0.246368,-0.975965,-0.321124,-1.12983,1.04838
6.88824e-06,0.000105867,0.271662,0.29657,0.687274,0.253285,-0.97399,-0.326912,-1.13326,1.0447
6.89044e-06,0.000105908,0.263923,0.302513,0.684881,0.260176,-0.971981,-0.332688,-1.13668,1.04101
6.89273e-06,0.000105949,0.256037,0.308287,0.68242,0.267043,-0.969936,-0.338452,-1.14009,1.0373
6.89509e-06,0.00010599,0.248008,0.313889,0.679894,0.273884,-0.967856,-0.344204,-1.14349,1.03359
6.89753e-06,0.000106031,0.239838,0.319314,0.6773,0.280697,-0.965742,-0.349944,-1.14687,1.02986
6.90005e-06,0.000106072,0.231533,0.324558,0.674641,0.287484,-0.963593,-0.355671,-1.15024,1.02613
6.90264e-06,0.000106113,0.223096,0.329618,0.671916,0.294242,-0.96141,-0.361385,-1.1536,1.02238
6.9053e-06,0.000106155,0.214532,0.334489,0.669126,0.300972,-0.959192,-0.367086,-1.15695,1.01862
6.90804e-06,0.000106196,0.205845,0.339168,0.666271,0.307673,-0.956939,-0.372774,-1.16028,1.01485
6.91084e-06,0.000106237,0.197038,0.343652,0.663351,0.314343,-0.954652,-0.378449,-1.1636,1.01107
6.91372e-06,0.000106279,0.188118,0.347937,0.660366,0.320983,-0.952331,-0.38411,-1.16691,1.00728
6.91666e-06,0.000106321,0.179088,0.352019,0.657318,0.327592,-0.949976,-0.389757,-1.17021,1.00348
6.91967e-06,0.000106362,0.169954,0.355896,0.654205,0.33417,-0.947586,-0.395391,-1.17349,0.999668
6.92275e-06,0.000106404,0.16072,0.359564,0.65103,0.340715,-0.945162,-0.40101,-1.17676,0.995845
6.92589e-06,0.000106446,0.151391,0.36302,0.647791,0.347227,-0.942705,-0.406614,-1.18002,0.992011
6.92909e-06,0.000106488,0.141973,0.366262,0.64449,0.353705,-0.940213,-0.412204,-1.18327,0.988166
6.93236e-06,0.00010653,0.132471,0.369287,0.641126,0.360149,-0.937688,-0.417779,-1.1865,0.984311
6.93568e-06,0.000106572,0.122889,0.372092,0.6377,0.366558,-0.935129,-0.423339,-1.18972,0.980446
6.93906e-06,0.000106614,0.113235,0.374675,0.634213,0.372932,-0.932536,-0.428884,-1.19293,0.97657
6.9425e-06,0.000106656,0.103512,0.377033,0.630665,0.37927,-0.92991,-0.434414,-1.19613,0.972683
6.94599e-06,0.000106698,0.0937275,0.379165,0.627055,0.385572,-0.92725,-0.439928,-1.19931,0.968786
6.94953e-06,0.000106741,0.0838863,0.381068,0.623386,0.391836,-0.924557,-0.445426,-1.20248,0.964879
6.95313e-06,0.000106783,0.0739944,0.382741,0.619656,0.398063,-0.92183,-0.450908,-1.20564,0.960961
6.95677e-06,0.000106826,0.0640577,0.384182,0.615867,0.404251,-0.919071,-0.456373,-1.20878,0.957033
6.96047e-06,0.000106868,0.054082,0.38539,0.612019,0.410401,-0.916278,-0.461822,-1.21191,0.953095
6.9642e-06,0.000106911,0.0440734,0.386363,0.608112,0.416511,-0.913452,-0.467255,-1.21503,0.949147
6.96799e-06,0.000106954,0.0340379,0.3871,0.604146,0.422581,-0.910593,-0.472671,-1.21813,0.945188
6.97181e-06,0.000106997,0.0239816,0.387601,0.600123,0.428611,-0.907702,-0.47807,-1.22123,0.94122
6.97568e-06,0.00010704,0.0139106,0.387864,0.596042,0.434599,-0.904778,-0.483451,-1.2243,0.937241
6.97958e-06,0.000107083,0.00383112,0.387889,0.591904,0.440546,-0.901821,-0.488815,-1.22737,0.933252
6.98352e-06,0.000107126,-0.00625075,0.387676,0.587709,0.446451,-0.898832,-0.494162,-1.23042,0.929253
6.9875e-06,0.000107169,-0.0163288,0.387224,0.583459,0.452313,-0.89581,-0.49949,-1.23346,0.925245
6.99151e-06,0.000107213,-0.0263967,0.386534,0.579152,0.458132,-0.892756,-0.504801,-1.23649,0.921226
6.99555e-06,0.000107256,-0.0364484,0.385606,0.57479,0.463908,-0.88967,-0.510093,-1.2395,0.917198
6.99962e-06,0.0001073,-0.0464776,0.384439,0.570374,0.469639,-0.886551,-0.515367,-1.2425,0.913159
7.00372e-06,0.000107344,-0.056478,0.383035,0.565903,0.475325,-0.883401,-0.520622,-1.24549,0.909111
7.00785e-06,0.000107387,-0.0664436,0.381395,0.561378,0.480966,-0.880219,-0.525859,-1.24846,0.905053
7.012e-06,0.000107431,-0.0763681,0.379519,0.5568,0.486562,-0.877005,-0.531077,-1.25142,0.900986
7.01617e-06,0.000107475,-0.0862454,0.377409,0.552169,0.492111,-0.873759,-0.536275,-1.25437,0.896909
7.02036e-06,0.000107519,-0.0960694,0.375065,0.547485,0.497613,-0.870482,-0.541454,-1.2573,0.892822
7.02457e-06,0.000107563,-0.105834,0.37249,0.54275,0.503068,-0.867173,-0.546613,-1.26022,0.888726
7.0288e-06,0.000107608,-0.115533,0.369684,0.537963,0.508476,-0.863833,-0.551753,-1.26313,0.88462
7.03304e-06,0.000107652,-0.125161,0.366651,0.533125,0.513835,-0.860462,-0.556873,-1.26602,0.880505
7.0373e-06,0.000107696,-0.134712,0.363391,0.528236,0.519146,-0.857059,-0.561973,-1.2689,0.87638
7.04156e-06,0.000107741,-0.14418,0.359908,0.523298,0.524408,-0.853626,-0.567052,-1.27176,0.872246
7.04584e-06,0.000107786,-0.153559,0.356203,0.51831,0.52962,-0.850162,-0.572111,-1.27461,0.868103
7.05012e-06,0.00010783,-0.162843,0.35228,0.513273,0.534782,-0.846667,-0.577149,-1.27745,0.86395
7.05441e-06,0.000107875,-0.172028,0.34814,0.508188,0.539893,-0.843142,-0.582166,-1.28028,0.859789
7.0587e-06,0.00010792,-0.181107,0.343787,0.503055,0.544954,-0.839585,-0.587162,-1.28309,0.855618
7.063e-06,0.000107965,-0.190076,0.339224,0.497874,0.549963,-0.835999,-0.592137,-1.28589,0.851437
7.06729e-06,0.00010801,-0.198928,0.334453,0.492647,0.554921,-0.832382,-0.597091,-1.28867,0.847248
7.07159e-06,0.000108055,-0.20766,0.32948,0.487373,0.559826,-0.828736,-0.602023,-1.29144,0.84305
7.07588e-06,0.000108101,-0.216265,0.324306,0.482053,0.564679,-0.825059,-0.606933,-1.29419,0.838842
7.08016e-06,0.000108146,-0.224739,0.318935,0.476688,0.569478,-0.821352,-0.611821,-1.29694,0.834626
7.08444e-06,0.000108192,-0.233077,0.313372,0.471279,0.574225,-0.817616,-0.616687,-1.29966,0.830401
7.08871e-06,0.000108237,-0.241274,0.30762,0.465825,0.578917,-0.81385,-0.62153,-1.30238,0.826166
7.09296e-06,0.000108283,-0.249327,0.301683,0.460328,0.583555,-0.810054,-0.626351,-1.30508,0.821923
7.09721e-06,0.000108329,-0.25723,0.295565,0.454787,0.588139,-0.806229,-0.63115,-1.30776,0.817672
7.10144e-06,0.000108375,-0.26498,0.289271,0.449204,0.592667,-0.802375,-0.635925,-1.31044,0.813411
7.10566e-06,0.000108421,-0.272572,0.282805,0.443579,0.59714,-0.798492,-0.640678,-1.31309,0.809142
7.10986e-06,0.000108467,-0.280002,0.276171,0.437912,0.601558,-0.794579,-0.645407,-1.31574,0.804864
7.11404e-06,0.000108513,-0.287266,0.269374,0.432205,0.605919,-0.790638,-0.650112,-1.31837,0.800577
7.11821e-06,0.00010856,-0.294362,0.262418,0.426457,0.610224,-0.786669,-0.654795,-1.32098,0.796282
7.12235e-06,0.000108606,-0.301284,0.255308,0.42067,0.614472,-0.78267,-0.659453,-1.32359,0.791979
7.12646e-06,0.000108653,-0.308031,0.24805,0.414843,0.618662,-0.778644,-0.664087,-1.32617,0.787667
7.13056e-06,0.000108699,-0.314598,0.240647,0.408978,0.622796,-0.774589,-0.668698,-1.32875,0.783346
7.13462e-06,0.000108746,-0.320984,0.233104,0.403075,0.626871,-0.770506,-0.673284,-1.33131,0.779018
7.13866e-06,0.000108793,-0.327184,0.225428,0.397134,0.630888,-0.766395,-0.677845,-1.33385,0.77468
7.14267e-06,0.00010884,-0.333196,0.217622,0.391156,0.634846,-0.762256,-0.682382,-1.33638,0.770335
7.14665e-06,0.000108887,-0.339018,0.209691,0.385143,0.638746,-0.758089,-0.686895,-1.3389,0.765981
7.15059e-06,0.000108934,-0.344647,0.201641,0.379093,0.642587,-0.753895,-0.691382,-1.3414,0.76162
7.15451e-06,0.000108981,-0.35008,0.193478,0.373008,0.646368,-0.749674,-0.695844,-1.34389,0.75725
7.15839e-06,0.000109028,-0.355317,0.185205,0.366889,0.650089,-0.745425,-0.700281,-1.34636,0.752871
7.16223e-06,0.000109075,-0.360354,0.176828,0.360736,0.65375,-0.741149,-0.704692,-1.34882,0.748485
7.16603e-06,0.000109123,-0.36519,0.168353,0.35455,0.657351,-0.736846,-0.709078,-1.35127,0.744091
7.1698e-06,0.00010917,-0.369824,0.159785,0.348331,0.660891,-0.732516,-0.713437,-1.3537,0.739689
7.17353e-06,0.000109218,-0.374253,0.151128,0.34208,0.66437,-0.72816,-0.717771,-1.35611,0.735279
7.17721e-06,0.000109266,-0.378477,0.142389,0.335797,0.667788,-0.723777,-0.722079,-1.35852,0.730861
7.18085e-06,0.000109314,-0.382494,0.133571,0.329483,0.671144,-0.719368,-0.72636,-1.3609,0.726436
7.18445e-06,0.000109361,-0.386303,0.124682,0.323139,0.674439,-0.714933,-0.730615,-1.36327,0.722002
7.188e-06,0.000109409,-0.389903,0.115725,0.316766,0.677671,-0.710471,-0.734844,-1.36563,0.717561
7.19151e-06,0.000109457,-0.393294,0.106705,0.310363,0.680842,-0.705984,-0.739045,-1.36798,0.713112
7.19497e-06,0.000109506,-0.396475,0.097629,0.303932,0.68395,-0.701471,-0.74322,-1.3703,0.708656
7.19839e-06,0.000109554,-0.399444,0.088501,0.297473,0.686995,-0.696932,-0.747368,-1.37262,0.704192
7.20175e-06,0.000109602,-0.402203,0.0793262,0.290986,0.689977,-0.692368,-0.751488,-1.37492,0.69972
7.20506e-06,0.00010965,-0.404751,0.0701098,0.284473,0.692896,-0.687779,-0.755581,-1.3772,0.695241
7.20832e-06,0.000109699,-0.407087,0.0608568,0.277934,0.695752,-0.683164,-0.759646,-1.37947,0.690755
7.21153e-06,0.000109747,-0.409211,0.0515723,0.271369,0.698544,-0.678525,-0.763684,-1.38173,0.686261
7.21469e-06,0.000109796,-0.411124,0.0422612,0.26478,0.701272,-0.673861,-0.767693,-1.38397,0.68176
7.21779e-06,0.000109845,-0.412826,0.0329284,0.258167,0.703936,-0.669172,-0.771675,-1.38619,0.677252
7.22083e-06,0.000109894,-0.414318,0.0235789,0.25153,0.706536,-0.664459,-0.775629,-1.3884,0.672736
7.22382e-06,0.000109942,-0.415599,0.0142175,0.24487,0.709071,-0.659722,-0.779554,-1.3906,0.668213
7.22675e-06,0.000109991,-0.41667,0.00484892,0.238187,0.711542,-0.65496,-0.783451,-1.39278,0.663683
7.22963e-06,0.00011004,-0.417532,-0.004522,0.231483,0.713948,-0.650175,-0.787319,-1.39495,0.659146
7.23244e-06,0.000110089,-0.418186,-0.0138906,0.224758,0.71629,-0.645366,-0.791158,-1.3971,0.654602
7.23519e-06,0.000110139,-0.418633,-0.0232523,0.218013,0.718566,-0.640533,-0.794968,-1.39923,0.650051
7.23789e-06,0.000110188,-0.418873,-0.0326024,0.211247,0.720776,-0.635677,-0.79875,-1.40135,0.645493
7.24052e-06,0.000110237,-0.418908,-0.0419366,0.204463,0.722922,-0.630797,-0.802502,-1.40346,0.640928
7.24309e-06,0.000110286,-0.418739,-0.0512502,0.19766,0.725001,-0.625895,-0.806224,-1.40555,0.636356
7.24559e-06,0.000110336,-0.418367,-0.060539,0.190839,0.727016,-0.620969,-0.809918,-1.40763,0.631778
7.24803e-06,0.000110385,-0.417794,-0.0697985,0.184001,0.728964,-0.616021,-0.813581,-1.40969,0.627192
7.25041e-06,0.000110435,-0.41702,-0.0790246,0.177146,0.730846,-0.611051,-0.817215,-1.41174,0.6226
7.25272e-06,0.000110485,-0.416049,-0.088213,0.170275,0.732662,-0.606058,-0.820819,-1.41377,0.618002
7.25496e-06,0.000110534,-0.41488,-0.0973596,0.163389,0.734412,-0.601042,-0.824393,-1.41578,0.613397
7.25714e-06,0.000110584,-0.413516,-0.10646,0.156488,0.736096,-0.596005,-0.827936,-1.41778,0.608785
7.25925e-06,0.000110634,-0.411958,-0.115511,0.149572,0.737713,-0.590946,-0.83145,-1.41977,0.604166
7.26129e-06,0.000110684,-0.410209,-0.124508,0.142644,0.739263,-0.585865,-0.834932,-1.42174,0.599542
7.26326e-06,0.000110734,-0.40827,-0.133448,0.135702,0.740747,-0.580763,-0.838384,-1.4237,0.59491
7.26516e-06,0.000110784,-0.406143,-0.142326,0.128748,0.742165,-0.575639,-0.841806,-1.42564,0.590273
7.26699e-06,0.000110834,-0.40383,-0.151138,0.121783,0.743515,-0.570495,-0.845196,-1.42756,0.585629
7.26875e-06,0.000110884,-0.401333,-0.159882,0.114807,0.744799,-0.565329,-0.848556,-1.42947,0.580979
7.27043e-06,0.000110934,-0.398655,-0.168554,0.10782,0.746015,-0.560143,-0.851884,-1.43137,0.576323
7.27204e-06,0.000110985,-0.395797,-0.17715,0.100824,0.747165,-0.554936,-0.855181,-1.43325,0.57166
7.27358e-06,0.000111035,-0.392762,-0.185666,0.0938185,0.748247,-0.549708,-0.858447,-1.43511,0.566992
7.27505e-06,0.000111085,-0.389553,-0.194099,0.0868048,0.749263,-0.544461,-0.861681,-1.43696,0.562317
7.27644e-06,0.000111136,-0.38617,-0.202447,0.0797832,0.750211,-0.539193,-0.864883,-1.43879,0.557637
7.27776e-06,0.000111186,-0.382617,-0.210705,0.0727545,0.751092,-0.533906,-0.868054,-1.44061,0.55295
7.279e-06,0.000111237,-0.378897,-0.21887,0.0657193,0.751906,-0.528599,-0.871193,-1.44241,0.548258
7.28016e-06,0.000111287,-0.375011,-0.22694,0.0586782,0.752653,-0.523273,-0.8743,-1.4442,0.543559
7.28125e-06,0.000111338,-0.370962,-0.234912,0.0516318,0.753332,-0.517927,-0.877374,-1.44597,0.538855
7.28226e-06,0.000111389,-0.366753,-0.242782,0.0445809,0.753944,-0.512563,-0.880417,-1.44773,0.534145
7.28319e-06,0.00011144,-0.362386,-0.250547,0.0375259,0.754488,-0.507179,-0.883426,-1.44947,0.52943
7.28404e-06,0.00011149,-0.357864,-0.258206,0.0304676,0.754965,-0.501777,-0.886404,-1.45119,0.524709
7.28481e-06,0.000111541,-0.35319,-0.265754,0.0234066,0.755375,-0.496356,-0.889349,-1.4529,0.519982
7.28551e-06,0.000111592,-0.348366,-0.273189,0.0163435,0.755718,-0.490917,-0.892261,-1.4546,0.515249
7.28612e-06,0.000111643,-0.343394,-0.280509,0.00927898,0.755993,-0.48546,-0.89514,-1.45628,0.510512
7.28665e-06,0.000111694,-0.338279,-0.287711,0.00221361,0.756201,-0.479985,-0.897986,-1.45794,0.505768
7.28711e-06,0.000111745,-0.333022,-0.294793,-0.00485196,0.756342,-0.474493,-0.900799,-1.45959,0.50102
7.28748e-06,0.000111796,-0.327626,-0.301752,-0.0119171,0.756415,-0.468983,-0.903579,-1.46122,0.496265
7.28776e-06,0.000111848,-0.322095,-0.308586,-0.0189812,0.756421,-0.463455,-0.906325,-1.46284,0.491506
7.28797e-06,0.000111899,-0.31643,-0.315292,-0.0260436,0.75636,-0.457911,-0.909038,-1.46444,0.486742
7.28809e-06,0.00011195,-0.310636,-0.321869,-0.0331037,0.756232,-0.452349,-0.911718,-1.46602,0.481972
7.28813e-06,0.000112001,-0.304713,-0.328313,-0.0401608,0.756037,-0.446771,-0.914364,-1.46759,0.477197
7.28809e-06,0.000112053,-0.298667,-0.334624,-0.0472144,0.755775,-0.441177,-0.916976,-1.46915,0.472417
7.28796e-06,0.000112104,-0.292499,-0.340798,-0.0542638,0.755445,-0.435566,-0.919554,-1.47068,0.467632
7.28774e-06,0.000112155,-0.286213,-0.346835,-0.0613084,0.755049,-0.429939,-0.922099,-1.47221,0.462842
7.28744e-06,0.000112207,-0.279811,-0.352731,-0.0683475,0.754586,-0.424296,-0.924609,-1.47371,0.458047
7.28706e-06,0.000112258,-0.273297,-0.358485,-0.0753806,0.754056,-0.418638,-0.927085,-1.4752,0.453247
7.28659e-06,0.00011231,-0.266673,-0.364096,-0.0824071,0.75346,-0.412964,-0.929527,-1.47668,0.448442
7.28603e-06,0.000112361,-0.259942,-0.369561,-0.0894262,0.752797,-0.407275,-0.931934,-1.47814,0.443633
7.28539e-06,0.000112413,-0.253108,-0.374879,-0.0964375,0.752068,-0.40157,-0.934307,-1.47958,0.438818
7.28466e-06,0.000112465,-0.246174,-0.380048,-0.10344,0.751272,-0.395851,-0.936646,-1.48101,0.433999
7.28384e-06,0.000112516,-0.239142,-0.385067,-0.110434,0.750409,-0.390117,-0.93895,-1.48242,0.429176
7.28293e-06,0.000112568,-0.232016,-0.389934,-0.117418,0.749481,-0.384369,-0.941219,-1.48382,0.424348
7.28194e-06,0.00011262,-0.224799,-0.394647,-0.124391,0.748487,-0.378607,-0.943453,-1.4852,0.419515
7.28085e-06,0.000112672,-0.217493,-0.399206,-0.131354,0.747426,-0.37283,-0.945652,-1.48656,0.414678
7.27968e-06,0.000112723,-0.210102,-0.403608,-0.138305,0.7463,-0.36704,-0.947816,-1.48791,0.409836
7.27842e-06,0.000112775,-0.20263,-0.407853,-0.145244,0.745108,-0.361236,-0.949945,-1.48925,0.40499
7.27707e-06,0.000112827,-0.195078,-0.411939,-0.15217,0.743851,-0.355419,-0.952039,-1.49056,0.40014
7.27563e-06,0.000112879,-0.187451,-0.415865,-0.159082,0.742528,-0.349588,-0.954098,-1.49186,0.395286
7.27409e-06,0.000112931,-0.179751,-0.41963,-0.165981,0.74114,-0.343745,-0.956121,-1.49315,0.390427
7.27247e-06,0.000112983,-0.171982,-0.423233,-0.172865,0.739687,-0.337889,-0.958109,-1.49442,0.385564
7.27076e-06,0.000113035,-0.164146,-0.426672,-0.179734,0.738169,-0.33202,-0.960061,-1.49567,0.380697
7.26895e-06,0.000113087,-0.156247,-0.429947,-0.186587,0.736586,-0.326139,-0.961978,-1.49691,0.375826
7.26706e-06,0.000113139,-0.148288,-0.433057,-0.193424,0.734939,-0.320246,-0.963858,-1.49813,0.370951
7.26507e-06,0.000113191,-0.140272,-0.436001,-0.200244,0.733227,-0.314341,-0.965704,-1.49934,0.366072
7.26299e-06,0.000113243,-0.132203,-0.438778,-0.207046,0.73145,-0.308425,-0.967513,-1.50053,0.361189
7.26082e-06,0.000113295,-0.124083,-0.441387,-0.21383,0.72961,-0.302496,-0.969286,-1.5017,0.356302
7.25855e-06,0.000113347,-0.115915,-0.443827,-0.220595,0.727706,-0.296557,-0.971023,-1.50286,0.351411
7.25619e-06,0.000113399,-0.107704,-0.446098,-0.227342,0.725738,-0.290607,-0.972724,-1.504,0.346517
7.25374e-06,0.000113451,-0.099451,-0.448199,-0.234068,0.723707,-0.284645,-0.974389,-1.50512,0.341619
7.2512e-06,0.000113504,-0.0911605,-0.45013,-0.240773,0.721612,-0.278674,-0.976018,-1.50623,0.336717
7.24856e-06,0.000113556,-0.0828354,-0.45189,-0.247458,0.719454,-0.272692,-0.977611,-1.50733,0.331812
7.24583e-06,0.000113608,-0.0744789,-0.453478,-0.254121,0.717234,-0.266699,-0.979167,-1.5084,0.326903
7.243e-06,0.00011366,-0.0660941,-0.454894,-0.260762,0.714951,-0.260697,-0.980686,-1.50946,0.321991
7.24008e-06,0.000113713,-0.0576842,-0.456138,-0.26738,0.712605,-0.254685,-0.982169,-1.51051,0.317075
7.23707e-06,0.000113765,-0.0492525,-0.457209,-0.273975,0.710197,-0.248664,-0.983616,-1.51154,0.312156
7.23396e-06,0.000113817,-0.0408022,-0.458106,-0.280545,0.707727,-0.242633,-0.985026,-1.51255,0.307233
7.23076e-06,0.000113869,-0.0323364,-0.458831,-0.287092,0.705195,-0.236593,-0.986399,-1.51355,0.302307
7.22746e-06,0.000113922,-0.0238584,-0.459382,-0.293613,0.702602,-0.230545,-0.987735,-1.51453,0.297378
7.22407e-06,0.000113974,-0.0153714,-0.459759,-0.300109,0.699948,-0.224488,-0.989035,-1.51549,0.292446
7.22058e-06,0.000114026,-0.00687851,-0.459962,-0.306578,0.697233,-0.218422,-0.990298,-1.51644,0.287511
7.21699e-06,0.000114079,0.00161695,-0.459991,-0.313021,0.694457,-0.212349,-0.991524,-1.51737,0.282573
7.21331e-06,0.000114131,0.0101118,-0.459846,-0.319436,0.69162,-0.206267,-0.992712,-1.51829,0.277631
7.20954e-06,0.000114183,0.0186028,-0.459527,-0.325824,0.688723,-0.200178,-0.993864,-1.51919,0.272687
7.20566e-06,0.000114236,0.0270868,-0.459035,-0.332184,0.685767,-0.194081,-0.994979,-1.52007,0.26774
7.2017e-06,0.000114288,0.0355606,-0.458368,-0.338514,0.68275,-0.187977,-0.996056,-1.52094,0.26279
7.19763e-06,0.00011434,0.0440208,-0.457528,-0.344815,0.679675,-0.181866,-0.997097,-1.52179,0.257837
7.19347e-06,0.000114393,0.0524644,-0.456514,-0.351086,0.67654,-0.175748,-0.9981,-1.52262,0.252881
7.18922e-06,0.000114445,0.0608881,-0.455327,-0.357327,0.673346,-0.169624,-0.999065,-1.52344,0.247923
7.18486e-06,0.000114497,0.0692887,-0.453967,-0.363536,0.670094,-0.163493,-0.999994,-1.52424,0.242962
7.18042e-06,0.00011455,0.0776629,-0.452435,-0.369714,0.666784,-0.157357,-1.00088,-1.52503,0.237998
7.17587e-06,0.000114602,0.0860077,-0.450731,-0.37586,0.663416,-0.151214,-1.00174,-1.5258,0.233032
7.17123e-06,0.000114655,0.0943196,-0.448854,-0.381973,0.65999,-0.145065,-1.00255,-1.52655,0.228064
7.16649e-06,0.000114707,0.102596,-0.446807,-0.388053,0.656507,-0.138912,-1.00333,-1.52729,0.223093
7.16165e-06,0.000114759,0.110832,-0.444589,-0.394099,0.652967,-0.132753,-1.00407,-1.52801,0.218119
7.15672e-06,0.000114812,0.119027,-0.442201,-0.400111,0.64937,-0.126589,-1.00478,-1.52871,0.213144
7.15169e-06,0.000114864,0.127176,-0.439643,-0.406089,0.645717,-0.12042,-1.00544,-1.5294,0.208166
7.14656e-06,0.000114916,0.135276,-0.436916,-0.412031,0.642008,-0.114247,-1.00607,-1.53007,0.203185
7.14134e-06,0.000114969,0.143324,-0.434022,-0.417937,0.638243,-0.108069,-1.00666,-1.53073,0.198203
7.13602e-06,0.000115021,0.151317,-0.43096,-0.423807,0.634423,-0.101888,-1.00721,-1.53137,0.193219
7.1306e-06,0.000115074,0.159251,-0.427732,-0.429641,0.630548,-0.0957026,-1.00773,-1.53199,0.188232
7.12509e-06,0.000115126,0.167124,-0.424339,-0.435437,0.626618,-0.0895136,-1.00821,-1.5326,0.183244
7.11948e-06,0.000115178,0.174932,-0.420781,-0.441195,0.622634,-0.0833213,-1.00865,-1.53319,0.178253
7.11377e-06,0.000115231,0.182672,-0.417059,-0.446916,0.618597,-0.0771259,-1.00905,-1.53376,0.173261
7.10796e-06,0.000115283,0.190341,-0.413175,-0.452597,0.614505,-0.0709276,-1.00941,-1.53432,0.168266
7.10206e-06,0.000115335,0.197936,-0.40913,-0.45824,0.61036,-0.0647266,-1.00974,-1.53486,0.16327
7.09606e-06,0.000115388,0.205453,-0.404924,-0.463842,0.606163,-0.0585232,-1.01002,-1.53538,0.158273
7.08997e-06,0.00011544,0.212889,-0.40056,-0.469405,0.601913,-0.0523176,-1.01027,-1.53589,0.153273
7.08378e-06,0.000115492,0.220242,-0.396037,-0.474927,0.597611,-0.04611,-1.01049,-1.53638,0.148272
7.07749e-06,0.000115544,0.227508,-0.391359,-0.480407,0.593257,-0.0399007,-1.01066,-1.53686,0.143269
7.0711e-06,0.000115597,0.234683,-0.386525,-0.485847,0.588852,-0.0336899,-1.0108,-1.53732,0.138265
7.06462e-06,0.000115649,0.241766,-0.381538,-0.491244,0.584396,-0.0274779,-1.01089,-1.53776,0.133259
7.05805e-06,0.000115701,0.248752,-0.376398,-0.496598,0.57989,-0.0212648,-1.01095,-1.53819,0.128252
7.05137e-06,0.000115753,0.255639,-0.371108,-0.50191,0.575333,-0.0150509,-1.01098,-1.5386,0.123244
7.0446e-06,0.000115806,0.262423,-0.36567,-0.507179,0.570726,-0.00883638,-1.01096,-1.53899,0.118234
7.03773e-06,0.000115858,0.269101,-0.360083,-0.512403,0.56607,-0.00262157,-1.0109,-1.53937,0.113223
7.03077e-06,0.00011591,0.275671,-0.354352,-0.517583,0.561366,0.00359333,-1.01081,-1.53973,0.108211
7.02371e-06,0.000115962,0.282129,-0.348476,-0.522718,0.556612,0.0098081,-1.01068,-1.54007,0.103197
7.01656e-06,0.000116014,0.288472,-0.342459,-0.527809,0.551811,0.0160225,-1.01051,-1.5404,0.0981827
7.00931e-06,0.000116066,0.294697,-0.336302,-0.532853,0.546962,0.0222363,-1.01031,-1.54071,0.0931672
7.00197e-06,0.000116118,0.300802,-0.330007,-0.537852,0.542065,0.0284493,-1.01006,-1.541,0.0881506
6.99453e-06,0.00011617,0.306782,-0.323576,-0.542804,0.537122,0.0346611,-1.00978,-1.54128,0.0831331
6.98699e-06,0.000116222,0.312636,-0.317011,-0.547709,0.532132,0.0408717,-1.00946,-1.54155,0.0781147
6.97936e-06,0.000116274,0.31836,-0.310314,-0.552566,0.527097,0.0470808,-1.0091,-1.54179,0.0730955
6.97163e-06,0.000116326,0.323951,-0.303488,-0.557376,0.522016,0.053288,-1.0087,-1.54202,0.0680756
6.96382e-06,0.000116378,0.329407,-0.296535,-0.562138,0.516889,0.0594933,-1.00827,-1.54223,0.0630548
6.9559e-06,0.00011643,0.334723,-0.289457,-0.566851,0.511718,0.0656963,-1.0078,-1.54243,0.0580335
6.94789e-06,0.000116482,0.339899,-0.282256,-0.571515,0.506503,0.0718968,-1.00728,-1.54261,0.0530115
6.93979e-06,0.000116534,0.34493,-0.274936,-0.57613,0.501244,0.0780946,-1.00673,-1.54277,0.0479889
6.93159e-06,0.000116586,0.349814,-0.267498,-0.580695,0.495942,0.0842895,-1.00615,-1.54292,0.0429658
6.9233e-06,0.000116638,0.354548,-0.259946,-0.58521,0.490596,0.0904812,-1.00552,-1.54305,0.0379423
6.91492e-06,0.00011669,0.35913,-0.252282,-0.589674,0.485209,0.0966694,-1.00486,-1.54316,0.0329184
6.90644e-06,0.000116741,0.363556,-0.244508,-0.594087,0.479779,0.102854,-1.00416,-1.54326,0.0278941
6.89787e-06,0.000116793,0.367824,-0.236628,-0.598449,0.474308,0.109035,-1.00342,-1.54334,0.0228695
6.88921e-06,0.000116845,0.371931,-0.228645,-0.602759,0.468796,0.115211,-1.00264,-1.54341,0.0178447
6.88046e-06,0.000116896,0.375875,-0.220561,-0.607017,0.463244,0.121384,-1.00183,-1.54345,0.0128196
6.87161e-06,0.000116948,0.379653,-0.21238,-0.611222,0.457651,0.127551,-1.00097,-1.54348,0.00779449
6.86267e-06,0.000117,0.383263,-0.204105,-0.615375,0.452019,0.133714,-1.00008,-1.5435,0.00276926
6.85364e-06,0.000117051,0.386701,-0.195738,-0.619474,0.446348,0.139872,-0.999154,-1.5435,-0.002256
6.84451e-06,0.000117103,0.389966,-0.187284,-0.62352,0.440638,0.146024,-0.998188,-1.54348,-0.00728123
6.8353e-06,0.000117154,0.393056,-0.178745,-0.627512,0.43489,0.152171,-0.997183,-1.54345,-0.0123064
6.82599e-06,0.000117206,0.395967,-0.170125,-0.63145,0.429105,0.158312,-0.996141,-1.5434,-0.0173314
6.8166e-06,0.000117257,0.398697,-0.161427,-0.635333,0.423282,0.164447,-0.995061,-1.54333,-0.0223563
6.80711e-06,0.000117309,0.401245,-0.152655,-0.639161,0.417423,0.170576,-0.993943,-1.54324,-0.0273808
6.79753e-06,0.00011736,0.403608,-0.143813,-0.642934,0.411528,0.176699,-0.992788,-1.54314,-0.0324052
6.78786e-06,0.000117411,0.405784,-0.134905,-0.646651,0.405597,0.182815,-0.991595,-1.54303,-0.0374291
6.7781e-06,0.000117463,0.407771,-0.125933,-0.650312,0.399631,0.188923,-0.990364,-1.54289,-0.0424527
6.76825e-06,0.000117514,0.409567,-0.116902,-0.653917,0.39363,0.195025,-0.989096,-1.54274,-0.0474758
6.75832e-06,0.000117565,0.41117,-0.107816,-0.657465,0.387596,0.201119,-0.98779,-1.54258,-0.0524984
6.74829e-06,0.000117616,0.412578,-0.0986793,-0.660957,0.381528,0.207206,-0.986447,-1.5424,-0.0575204
6.73817e-06,0.000117667,0.413789,-0.0894952,-0.664391,0.375426,0.213285,-0.985066,-1.5422,-0.0625418
6.72797e-06,0.000117718,0.414802,-0.080268,-0.667767,0.369293,0.219355,-0.983648,-1.54198,-0.0675626
6.71767e-06,0.000117769,0.415615,-0.0710021,-0.671086,0.363127,0.225418,-0.982192,-1.54175,-0.0725826
6.70729e-06,0.000117821,0.416226,-0.0617017,-0.674346,0.35693,0.231471,-0.9807,-1.5415,-0.0776018
6.69682e-06,0.000117871,0.416634,-0.0523712,-0.677549,0.350702,0.237516,-0.979169,-1.54124,-0.0826203
6.68626e-06,0.000117922,0.416837,-0.0430149,-0.680692,0.344443,0.243552,-0.977602,-1.54096,-0.0876378
6.67562e-06,0.000117973,0.416835,-0.0336372,-0.683776,0.338155,0.249579,-0.975997,-1.54066,-0.0926544
6.66489e-06,0.000118024,0.416625,-0.0242428,-0.686802,0.331837,0.255596,-0.974356,-1.54034,-0.09767
6.65406e-06,0.000118075,0.416208,-0.0148363,-0.689767,0.325491,0.261603,-0.972677,-1.54001,-0.102685
6.64316e-06,0.000118126,0.415581,-0.00542223,-0.692673,0.319116,0.267601,-0.970961,-1.53967,-0.107698
6.63216e-06,0.000118176,0.414745,0.00399464,-0.695518,0.312714,0.273588,-0.969208,-1.5393,-0.11271
6.62108e-06,0.000118227,0.413697,0.0134095,-0.698304,0.306285,0.279565,-0.967419,-1.53892,-0.117722
6.60991e-06,0.000118278,0.412438,0.0228176,-0.701028,0.299829,0.285531,-0.965592,-1.53853,-0.122731
6.59866e-06,0.000118328,0.410967,0.0322141,-0.703692,0.293347,0.291487,-0.963729,-1.53811,-0.12774
6.58732e-06,0.000118379,0.409284,0.0415939,-0.706295,0.286839,0.297431,-0.961829,-1.53769,-0.132747
6.57589e-06,0.000118429,0.407387,0.0509521,-0.708836,0.280307,0.303364,-0.959892,-1.53724,-0.137753
6.56438e-06,0.00011848,0.405277,0.0602838,-0.711316,0.27375,0.309285,-0.957919,-1.53678,-0.142757
6.55278e-06,0.00011853,0.402954,0.0695837,-0.713733,0.267169,0.315195,-0.955909,-1.5363,-0.14776
6.5411e-06,0.00011858,0.400418,0.0788469,-0.716089,0.260566,0.321092,-0.953863,-1.53581,-0.152761
6.52933e-06,0.000118631,0.397669,0.0880682,-0.718383,0.253939,0.326978,-0.95178,-1.53529,-0.157761
6.51748e-06,0.000118681,0.394706,0.0972425,-0.720614,0.247291,0.33285,-0.949661,-1.53477,-0.162759
6.50554e-06,0.000118731,0.391531,0.106364,-0.722782,0.240621,0.338711,-0.947506,-1.53422,-0.167755
6.49351e-06,0.000118781,0.388145,0.115429,-0.724887,0.23393,0.344558,-0.945314,-1.53366,-0.172749
6.4814e-06,0.000118831,0.384547,0.124431,-0.72693,0.227219,0.350392,-0.943087,-1.53309,-0.177742
6.4692e-06,0.000118882,0.380739,0.133364,-0.728908,0.220488,0.356212,-0.940823,-1.53249,-0.182732
6.45692e-06,0.000118932,0.376721,0.142225,-0.730824,0.213737,0.362019,-0.938524,-1.53188,-0.187721
6.44456e-06,0.000118981,0.372495,0.151006,-0.732676,0.206968,0.367813,-0.936189,-1.53126,-0.192707
6.43211e-06,0.000119031,0.368062,0.159704,-0.734463,0.200181,0.373592,-0.933818,-1.53062,-0.197692
6.41957e-06,0.000119081,0.363423,0.168313,-0.736187,0.193377,0.379357,-0.931411,-1.52996,-0.202675
6.40695e-06,0.000119131,0.358581,0.176828,-0.737847,0.186556,0.385107,-0.928968,-1.52928,-0.207655
6.39425e-06,0.000119181,0.353536,0.185242,-0.739442,0.179718,0.390843,-0.926491,-1.52859,-0.212633
6.38146e-06,0.000119231,0.34829,0.193552,-0.740972,0.172865,0.396563,-0.923977,-1.52789,-0.217609
6.36858e-06,0.00011928,0.342847,0.201752,-0.742438,0.165997,0.402269,-0.921428,-1.52716,-0.222582
6.35562e-06,0.00011933,0.337206,0.209836,-0.743839,0.159114,0.407959,-0.918844,-1.52642,-0.227553
6.34257e-06,0.000119379,0.331373,0.217799,-0.745175,0.152217,0.413634,-0.916225,-1.52567,-0.232522
6.32944e-06,0.000119429,0.325347,0.225637,-0.746445,0.145307,0.419292,-0.913571,-1.52489,-0.237488
6.31622e-06,0.000119478,0.319133,0.233344,-0.747651,0.138385,0.424935,-0.910882,-1.5241,-0.242452
6.30292e-06,0.000119528,0.312734,0.240915,-0.748791,0.13145,0.430561,-0.908158,-1.5233,-0.247413
6.28953e-06,0.000119577,0.306151,0.248346,-0.749865,0.124503,0.436171,-0.905399,-1.52248,-0.252372
6.27606e-06,0.000119626,0.299388,0.25563,-0.750874,0.117546,0.441764,-0.902605,-1.52164,-0.257327
6.2625e-06,0.000119675,0.292449,0.262764,-0.751817,0.110579,0.447341,-0.899777,-1.52079,-0.26228
6.24885e-06,0.000119725,0.285337,0.269743,-0.752694,0.103601,0.4529,-0.896914,-1.51992,-0.267231
6.23512e-06,0.000119774,0.278056,0.276561,-0.753504,0.0966152,0.458441,-0.894017,-1.51903,-0.272178
6.2213e-06,0.000119823,0.270609,0.283215,-0.754249,0.0896205,0.463966,-0.891086,-1.51813,-0.277122
6.20739e-06,0.000119872,0.263,0.2897,-0.754928,0.0826179,0.469472,-0.888121,-1.51721,-0.282064
6.1934e-06,0.000119921,0.255233,0.296011,-0.75554,0.0756081,0.47496,-0.885121,-1.51628,-0.287002
6.17931e-06,0.00011997,0.247313,0.302143,-0.756086,0.0685916,0.48043,-0.882087,-1.51532,-0.291938
6.16514e-06,0.000120019,0.239244,0.308094,-0.756565,0.0615691,0.485882,-0.87902,-1.51436,-0.29687
6.15089e-06,0.000120067,0.231029,0.313858,-0.756978,0.0545412,0.491315,-0.875919,-1.51337,-0.301799
6.13654e-06,0.000120116,0.222675,0.319432,-0.757324,0.0475085,0.496729,-0.872784,-1.51237,-0.306725
6.12211e-06,0.000120165,0.214185,0.324812,-0.757604,0.0404717,0.502124,-0.869616,-1.51136,-0.311648
6.10758e-06,0.000120213,0.205565,0.329994,-0.757816,0.0334313,0.5075,-0.866414,-1.51033,-0.316567
6.09297e-06,0.000120262,0.19682,0.334974,-0.757962,0.0263879,0.512857,-0.863179,-1.50928,-0.321483
6.07827e-06,0.00012031,0.187953,0.33975,-0.758041,0.0193422,0.518193,-0.859911,-1.50822,-0.326395
6.06347e-06,0.000120359,0.178972,0.344317,-0.758054,0.0122949,0.52351,-0.85661,-1.50714,-0.331304
6.04859e-06,0.000120407,0.169881,0.348673,-0.757999,0.00524644,0.528807,-0.853276,-1.50604,-0.33621
6.03362e-06,0.000120455,0.160685,0.352815,-0.757877,-0.00180245,0.534083,-0.849909,-1.50493,-0.341112
6.01855e-06,0.000120504,0.15139,0.35674,-0.757689,-0.00885117,0.539339,-0.846509,-1.5038,-0.34601
6.0034e-06,0.000120552,0.142002,0.360445,-0.757433,-0.0158991,0.544574,-0.843077,-1.50265,-0.350904
5.98815e-06,0.0001206,0.132527,0.363927,-0.757111,-0.0229456,0.549788,-0.839612,-1.50149,-0.355795
5.97281e-06,0.000120648,0.12297,0.367185,-0.756721,-0.0299901,0.554981,-0.836116,-1.50032,-0.360682
5.95738e-06,0.000120696,0.113336,0.370216,-0.756264,-0.0370319,0.560152,-0.832586,-1.49912,-0.365565
5.94186e-06,0.000120744,0.103633,0.373019,-0.755741,-0.0440704,0.565302,-0.829025,-1.49792,-0.370444
5.92624e-06,0.000120791,0.0938657,0.375591,-0.75515,-0.051105,0.57043,-0.825432,-1.49669,-0.37532
5.91053e-06,0.000120839,0.0840403,0.377931,-0.754492,-0.058135,0.575537,-0.821808,-1.49545,-0.380191
5.89472e-06,0.000120887,0.074163,0.380038,-0.753768,-0.0651599,0.580621,-0.818151,-1.49419,-0.385058
5.87882e-06,0.000120935,0.0642399,0.381909,-0.752976,-0.072179,0.585682,-0.814463,-1.49292,-0.389921
5.86283e-06,0.000120982,0.0542771,0.383545,-0.752118,-0.0791916,0.590722,-0.810744,-1.49163,-0.39478
5.84674e-06,0.00012103,0.0442808,0.384945,-0.751192,-0.0861972,0.595738,-0.806993,-1.49033,-0.399635
5.83056e-06,0.000121077,0.0342573,0.386107,-0.7502,-0.0931951,0.600732,-0.803211,-1.48901,-0.404485
5.81428e-06,0.000121124,0.0242126,0.387031,-0.749141,-0.100185,0.605702,-0.799399,-1.48767,-0.409331
5.7979e-06,0.000121172,0.014153,0.387718,-0.748015,-0.107165,0.610649,-0.795555,-1.48632,-0.414173
5.78143e-06,0.000121219,0.00408479,0.388166,-0.746823,-0.114137,0.615572,-0.791681,-1.48495,-0.41901
5.76487e-06,0.000121266,-0.00598596,0.388376,-0.745564,-0.121097,0.620472,-0.787777,-1.48357,-0.423843
5.7482e-06,0.000121313,-0.016053,0.388349,-0.744238,-0.128048,0.625348,-0.783842,-1.48217,-0.428672
5.73144e-06,0.00012136,-0.0261103,0.388084,-0.742846,-0.134986,0.6302,-0.779876,-1.48076,-0.433495
5.71458e-06,0.000121407,-0.0361516,0.387583,-0.741388,-0.141913,0.635027,-0.775881,-1.47932,-0.438314
5.69763e-06,0.000121453,-0.046171,0.386845,-0.739863,-0.148827,0.63983,-0.771856,-1.47788,-0.443129
5.68057e-06,0.0001215,-0.0561623,0.385873,-0.738272,-0.155727,0.644608,-0.7678,-1.47641,-0.447939
5.66342e-06,0.000121547,-0.0661195,0.384668,-0.736615,-0.162614,0.649361,-0.763716,-1.47494,-0.452743
5.64617e-06,0.000121593,-0.0760369,0.383229,-0.734893,-0.169486,0.654089,-0.759601,-1.47344,-0.457544
5.62883e-06,0.00012164,-0.0859084,0.381561,-0.733104,-0.176343,0.658792,-0.755458,-1.47193,-0.462339
5.61138e-06,0.000121686,-0.0957283,0.379663,-0.731249,-0.183184,0.66347,-0.751285,-1.47041,-0.467129
5.59384e-06,0.000121732,-0.105491,0.377538,-0.729329,-0.190008,0.668122,-0.747083,-1.46886,-0.471914
5.5762e-06,0.000121778,-0.115191,0.375187,-0.727343,-0.196816,0.672748,-0.742853,-1.46731,-0.476694
5.55846e-06,0.000121824,-0.124822,0.372614,-0.725292,-0.203606,0.677348,-0.738594,-1.46573,-0.481469
5.54062e-06,0.00012187,-0.134379,0.36982,-0.723176,-0.210377,0.681922,-0.734306,-1.46415,-0.486239
5.52268e-06,0.000121916,-0.143857,0.366807,-0.720994,-0.217129,0.68647,-0.729989,-1.46254,-0.491004
5.50465e-06,0.000121962,-0.15325,0.363579,-0.718748,-0.223862,0.690991,-0.725645,-1.46092,-0.495764
5.48652e-06,0.000122007,-0.162553,0.360138,-0.716437,-0.230575,0.695485,-0.721273,-1.45929,-0.500518
5.46828e-06,0.000122053,-0.171762,0.356487,-0.714061,-0.237267,0.699953,-0.716872,-1.45764,-0.505267
5.44996e-06,0.000122098,-0.180871,0.352629,-0.711621,-0.243938,0.704393,-0.712444,-1.45597,-0.51001
5.43153e-06,0.000122144,-0.189875,0.348566,-0.709116,-0.250586,0.708806,-0.707988,-1.45429,-0.514748
5.413e-06,0.000122189,-0.198769,0.344303,-0.706548,-0.257212,0.713192,-0.703505,-1.45259,-0.519481
5.39438e-06,0.000122234,-0.20755,0.339843,-0.703915,-0.263814,0.71755,-0.698995,-1.45088,-0.524208
5.37566e-06,0.000122279,-0.216212,0.335189,-0.701219,-0.270393,0.721881,-0.694458,-1.44915,-0.528929
5.35685e-06,0.000122324,-0.224752,0.330344,-0.698459,-0.276947,0.726183,-0.689894,-1.4474,-0.533645
5.33793e-06,0.000122369,-0.233164,0.325313,-0.695636,-0.283476,0.730457,-0.685303,-1.44564,-0.538355
5.31892e-06,0.000122414,-0.241445,0.320099,-0.69275,-0.28998,0.734704,-0.680685,-1.44387,-0.543059
5.29982e-06,0.000122458,-0.249591,0.314705,-0.689801,-0.296457,0.738921,-0.676042,-1.44208,-0.547758
5.28062e-06,0.000122503,-0.257598,0.309137,-0.68679,-0.302907,0.74311,-0.671372,-1.44027,-0.55245
5.26132e-06,0.000122547,-0.265462,0.303397,-0.683715,-0.309329,0.747271,-0.666676,-1.43845,-0.557137
5.24193e-06,0.000122591,-0.27318,0.29749,-0.680579,-0.315723,0.751402,-0.661954,-1.43661,-0.561818
5.22245e-06,0.000122635,-0.280748,0.29142,-0.677381,-0.322089,0.755504,-0.657207,-1.43476,-0.566492
5.20287e-06,0.000122679,-0.288163,0.285191,-0.674121,-0.328425,0.759577,-0.652434,-1.4329,-0.571161
5.1832e-06,0.000122723,-0.295421,0.278807,-0.6708,-0.334732,0.763621,-0.647636,-1.43101,-0.575824
5.16344e-06,0.000122767,-0.302521,0.272273,-0.667417,-0.341007,0.767635,-0.642812,-1.42911,-0.58048
5.14359e-06,0.00012281,-0.309457,0.265593,-0.663974,-0.347252,0.771619,-0.637964,-1.4272,-0.58513
5.12364e-06,0.000122854,-0.316229,0.258771,-0.66047,-0.353465,0.775574,-0.633091,-1.42527,-0.589774
5.1036e-06,0.000122897,-0.322833,0.251812,-0.656905,-0.359645,0.779498,-0.628194,-1.42333,-0.594412
5.08348e-06,0.00012294,-0.329267,0.24472,-0.65328,-0.365793,0.783392,-0.623272,-1.42137,-0.599043
5.06327e-06,0.000122983,-0.335527,0.2375,-0.649596,-0.371907,0.787256,-0.618326,-1.4194,-0.603668
5.04296e-06,0.000123026,-0.341613,0.230157,-0.645852,-0.377987,0.791089,-0.613357,-1.41741,-0.608286
5.02258e-06,0.000123069,-0.347522,0.222693,-0.642049,-0.384032,0.794892,-0.608363,-1.4154,-0.612898
5.0021e-06,0.000123112,-0.353251,0.215115,-0.638186,-0.390043,0.798663,-0.603346,-1.41338,-0.617504
4.98154e-06,0.000123154,-0.3588,0.207427,-0.634266,-0.396017,0.802404,-0.598305,-1.41135,-0.622102
4.96089e-06,0.000123197,-0.364165,0.199634,-0.630286,-0.401955,0.806114,-0.593241,-1.4093,-0.626695
4.94017e-06,0.000123239,-0.369346,0.191739,-0.626249,-0.407855,0.809792,-0.588154,-1.40723,-0.63128
4.91936e-06,0.000123281,-0.374341,0.183747,-0.622155,-0.413719,0.813439,-0.583045,-1.40515,-0.635859
4.89846e-06,0.000123323,-0.379149,0.175664,-0.618003,-0.419544,0.817055,-0.577912,-1.40306,-0.64043
4.87749e-06,0.000123365,-0.383768,0.167493,-0.613793,-0.42533,0.820638,-0.572758,-1.40095,-0.644995
4.85644e-06,0.000123406,-0.388196,0.15924,-0.609528,-0.431077,0.82419,-0.567581,-1.39882,-0.649554
4.83531e-06,0.000123448,-0.392434,0.150908,-0.605206,-0.436785,0.82771,-0.562382,-1.39668,-0.654105
4.8141e-06,0.000123489,-0.39648,0.142502,-0.600828,-0.442452,0.831198,-0.557161,-1.39453,-0.658649
4.79282e-06,0.00012353,-0.400333,0.134027,-0.596394,-0.448078,0.834654,-0.551918,-1.39236,-0.663186
4.77146e-06,0.000123571,-0.403992,0.125488,-0.591906,-0.453662,0.838077,-0.546654,-1.39018,-0.667716
4.75003e-06,0.000123612,-0.407457,0.116888,-0.587362,-0.459205,0.841467,-0.541369,-1.38798,-0.672239
4.72852e-06,0.000123653,-0.410728,0.108232,-0.582764,-0.464705,0.844825,-0.536063,-1.38576,-0.676755
4.70695e-06,0.000123693,-0.413803,0.0995248,-0.578112,-0.470162,0.84815,-0.530736,-1.38353,-0.681263
4.6853e-06,0.000123733,-0.416683,0.0907708,-0.573406,-0.475575,0.851443,-0.525389,-1.38129,-0.685764
4.66359e-06,0.000123774,-0.419367,0.0819741,-0.568647,-0.480944,0.854702,-0.520021,-1.37903,-0.690258
4.64181e-06,0.000123814,-0.421855,0.0731392,-0.563835,-0.486268,0.857928,-0.514633,-1.37676,-0.694745
4.61997e-06,0.000123854,-0.424147,0.0642704,-0.558971,-0.491547,0.86112,-0.509225,-1.37447,-0.699224
4.59806e-06,0.000123893,-0.426243,0.055372,-0.554054,-0.49678,0.86428,-0.503797,-1.37217,-0.703695
4.57608e-06,0.000123933,-0.428143,0.0464482,-0.549086,-0.501967,0.867405,-0.498349,-1.36985,-0.708159
4.55405e-06,0.000123972,-0.429848,0.0375032,-0.544067,-0.507106,0.870497,-0.492882,-1.36752,-0.712616
4.53196e-06,0.000124011,-0.431357,0.0285412,-0.538996,-0.512199,0.873555,-0.487396,-1.36517,-0.717065
4.5098e-06,0.00012405,-0.432671,0.0195664,-0.533876,-0.517244,0.876579,-0.481891,-1.36281,-0.721506
4.4876e-06,0.000124089,-0.433791,0.0105828,-0.528705,-0.52224,0.87957,-0.476368,-1.36043,-0.725939
4.46533e-06,0.000124128,-0.434717,0.00159462,-0.523485,-0.527187,0.882525,-0.470825,-1.35804,-0.730365
4.44301e-06,0.000124166,-0.43545,-0.00739426,-0.518216,-0.532085,0.885447,-0.465265,-1.35564,-0.734783
4.42064e-06,0.000124204,-0.43599,-0.0163798,-0.512899,-0.536933,0.888334,-0.459686,-1.35322,-0.739193
4.39822e-06,0.000124243,-0.436338,-0.0253581,-0.507533,-0.541731,0.891187,-0.45409,-1.35078,-0.743595
4.37575e-06,0.00012428,-0.436495,-0.0343252,-0.50212,-0.546478,0.894005,-0.448476,-1.34833,-0.747989
4.35323e-06,0.000124318,-0.436462,-0.0432774,-0.496659,-0.551173,0.896789,-0.442844,-1.34587,-0.752375
4.33067e-06,0.000124356,-0.436239,-0.0522107,-0.491152,-0.555817,0.899537,-0.437196,-1.34339,-0.756753
4.30806e-06,0.000124393,-0.435828,-0.0611214,-0.485598,-0.560408,0.902251,-0.43153,-1.3409,-0.761123
4.28541e-06,0.00012443,-0.435231,-0.0700058,-0.479999,-0.564947,0.904929,-0.425847,-1.3384,-0.765485
4.26272e-06,0.000124467,-0.434447,-0.0788602,-0.474354,-0.569432,0.907572,-0.420148,-1.33588,-0.769838
4.24e-06,0.000124504,-0.433478,-0.0876811,-0.468665,-0.573863,0.91018,-0.414433,-1.33334,-0.774184
4.21723e-06,0.000124541,-0.432326,-0.0964648,-0.462931,-0.578241,0.912753,-0.408701,-1.33079,-0.778521
4.19443e-06,0.000124577,-0.430991,-0.105208,-0.457154,-0.582563,0.91529,-0.402954,-1.32823,-0.78285
4.17159e-06,0.000124613,-0.429476,-0.113906,-0.451333,-0.586831,0.917792,-0.397191,-1.32565,-0.78717
4.14873e-06,0.000124649,-0.427781,-0.122558,-0.44547,-0.591043,0.920257,-0.391412,-1.32306,-0.791482
4.12583e-06,0.000124685,-0.425908,-0.131158,-0.439565,-0.595198,0.922687,-0.385618,-1.32045,-0.795785
4.10291e-06,0.000124721,-0.423859,-0.139703,-0.433618,-0.599298,0.925082,-0.37981,-1.31783,-0.80008
4.07996e-06,0.000124756,-0.421635,-0.148191,-0.427629,-0.603341,0.92744,-0.373986,-1.3152,-0.804367
4.05698e-06,0.000124792,-0.419238,-0.156618,-0.4216,-0.607326,0.929762,-0.368148,-1.31255,-0.808644
4.03398e-06,0.000124827,-0.416669,-0.164981,-0.415531,-0.611253,0.932048,-0.362296,-1.30989,-0.812914
4.01097e-06,0.000124861,-0.41393,-0.173277,-0.409423,-0.615123,0.934298,-0.356429,-1.30721,-0.817174
3.98793e-06,0.000124896,-0.411023,-0.181502,-0.403276,-0.618934,0.936511,-0.350549,-1.30452,-0.821426
3.96488e-06,0.000124931,-0.40795,-0.189654,-0.39709,-0.622686,0.938688,-0.344655,-1.30182,-0.825668
3.94181e-06,0.000124965,-0.404713,-0.197729,-0.390866,-0.626378,0.940829,-0.338747,-1.2991,-0.829903
3.91873e-06,0.000124999,-0.401312,-0.205725,-0.384605,-0.630011,0.942933,-0.332827,-1.29637,-0.834128
3.89564e-06,0.000125033,-0.397751,-0.213638,-0.378307,-0.633583,0.945,-0.326893,-1.29362,-0.838344
3.87254e-06,0.000125066,-0.394032,-0.221466,-0.371973,-0.637095,0.94703,-0.320947,-1.29086,-0.842551
3.84943e-06,0.0001251,-0.390155,-0.229206,-0.365604,-0.640547,0.949024,-0.314988,-1.28809,-0.846749
3.82632e-06,0.000125133,-0.386124,-0.236855,-0.359199,-0.643936,0.95098,-0.309017,-1.2853,-0.850938
3.8032e-06,0.000125166,-0.381941,-0.24441,-0.352761,-0.647264,0.9529,-0.303034,-1.2825,-0.855118
3.78008e-06,0.000125199,-0.377606,-0.251869,-0.346288,-0.65053,0.954783,-0.297039,-1.27969,-0.859289
3.75697e-06,0.000125232,-0.373124,-0.259229,-0.339782,-0.653734,0.956628,-0.291033,-1.27686,-0.863451
3.73386e-06,0.000125264,-0.368495,-0.266487,-0.333243,-0.656875,0.958437,-0.285015,-1.27402,-0.867603
3.71075e-06,0.000125296,-0.363722,-0.273641,-0.326673,-0.659953,0.960208,-0.278986,-1.27116,-0.871746
3.68765e-06,0.000125328,-0.358807,-0.280688,-0.320071,-0.662967,0.961941,-0.272946,-1.26829,-0.87588
3.66456e-06,0.00012536,-0.353753,-0.287626,-0.313438,-0.665917,0.963638,-0.266896,-1.26541,-0.880005
3.64148e-06,0.000125392,-0.348561,-0.294452,-0.306775,-0.668803,0.965296,-0.260835,-1.26251,-0.88412
3.61842e-06,0.000125423,-0.343235,-0.301164,-0.300083,-0.671625,0.966918,-0.254765,-1.2596,-0.888225
3.59537e-06,0.000125454,-0.337775,-0.30776,-0.293361,-0.674382,0.968501,-0.248684,-1.25668,-0.892321
3.57234e-06,0.000125485,-0.332186,-0.314238,-0.286612,-0.677074,0.970047,-0.242593,-1.25374,-0.896407
3.54933e-06,0.000125516,-0.326469,-0.320594,-0.279834,-0.679701,0.971555,-0.236493,-1.25079,-0.900484
3.52634e-06,0.000125546,-0.320627,-0.326827,-0.27303,-0.682262,0.973026,-0.230384,-1.24783,-0.904551
3.50338e-06,0.000125577,-0.314661,-0.332935,-0.266199,-0.684756,0.974458,-0.224266,-1.24485,-0.908609
3.48044e-06,0.000125607,-0.308575,-0.338915,-0.259342,-0.687185,0.975853,-0.21814,-1.24186,-0.912657
3.45753e-06,0.000125637,-0.302371,-0.344766,-0.25246,-0.689547,0.977209,-0.212004,-1.23885,-0.916695
3.43465e-06,0.000125666,-0.296052,-0.350485,-0.245554,-0.691842,0.978528,-0.205861,-1.23584,-0.920723
3.41181e-06,0.000125696,-0.28962,-0.35607,-0.238624,-0.69407,0.979809,-0.199709,-1.23281,-0.924741
3.389e-06,0.000125725,-0.283078,-0.36152,-0.231671,-0.69623,0.981051,-0.19355,-1.22976,-0.928749
3.36623e-06,0.000125754,-0.276428,-0.366833,-0.224695,-0.698323,0.982256,-0.187383,-1.22671,-0.932748
3.34349e-06,0.000125783,-0.269673,-0.372006,-0.217697,-0.700348,0.983422,-0.181209,-1.22364,-0.936736
3.3208e-06,0.000125811,-0.262816,-0.377038,-0.210679,-0.702305,0.98455,-0.175028,-1.22055,-0.940714
3.29816e-06,0.00012584,-0.255859,-0.381927,-0.203639,-0.704193,0.985639,-0.16884,-1.21746,-0.944683
3.27556e-06,0.000125868,-0.248806,-0.386671,-0.19658,-0.706013,0.98669,-0.162645,-1.21435,-0.948641
3.253e-06,0.000125896,-0.241658,-0.391268,-0.189502,-0.707764,0.987703,-0.156444,-1.21122,-0.952589
3.2305e-06,0.000125924,-0.234418,-0.395718,-0.182405,-0.709446,0.988678,-0.150237,-1.20809,-0.956526
3.20805e-06,0.000125951,-0.22709,-0.400018,-0.17529,-0.711058,0.989614,-0.144024,-1.20494,-0.960454
3.18566e-06,0.000125979,-0.219676,-0.404166,-0.168159,-0.712601,0.990511,-0.137806,-1.20178,-0.964371
3.16333e-06,0.000126006,-0.212179,-0.408162,-0.16101,-0.714075,0.99137,-0.131582,-1.19861,-0.968278
3.14105e-06,0.000126033,-0.204602,-0.412003,-0.153846,-0.715478,0.992191,-0.125353,-1.19542,-0.972174
3.11884e-06,0.000126059,-0.196947,-0.415688,-0.146667,-0.716812,0.992973,-0.11912,-1.19222,-0.97606
3.09669e-06,0.000126086,-0.189218,-0.419216,-0.139474,-0.718075,0.993716,-0.112881,-1.18901,-0.979936
3.0746e-06,0.000126112,-0.181417,-0.422586,-0.132267,-0.719268,0.994421,-0.106638,-1.18578,-0.983801
3.05259e-06,0.000126138,-0.173548,-0.425795,-0.125047,-0.72039,0.995087,-0.100391,-1.18254,-0.987656
3.03065e-06,0.000126164,-0.165612,-0.428843,-0.117815,-0.721441,0.995714,-0.0941404,-1.17929,-0.9915
3.00878e-06,0.000126189,-0.157615,-0.431729,-0.110571,-0.722422,0.996302,-0.0878858,-1.17603,-0.995333
2.98698e-06,0.000126215,-0.149557,-0.434451,-0.103316,-0.723331,0.996852,-0.0816278,-1.17275,-0.999155
2.96527e-06,0.00012624,-0.141443,-0.437008,-0.096051,-0.724169,0.997363,-0.0753667,-1.16947,-1.00297
2.94363e-06,0.000126265,-0.133274,-0.439399,-0.0887766,-0.724936,0.997836,-0.0691026,-1.16616,-1.00677
2.92208e-06,0.00012629,-0.125056,-0.441623,-0.0814935,-0.725632,0.998269,-0.0628358,-1.16285,-1.01056
2.90061e-06,0.000126314,-0.116789,-0.443679,-0.0742023,-0.726256,0.998664,-0.0565666,-1.15953,-1.01434
2.87923e-06,0.000126338,-0.108479,-0.445565,-0.0669038,-0.726809,0.99902,-0.0502952,-1.15619,-1.01811
2.85794e-06,0.000126362,-0.100126,-0.447282,-0.0595987,-0.727289,0.999337,-0.0440218,-1.15284,-1.02186
2.83674e-06,0.000126386,-0.0917358,-0.448828,-0.0522878,-0.727698,0.999616,-0.0377467,-1.14947,-1.02561
2.81564e-06,0.00012641,-0.0833102,-0.450202,-0.0449716,-0.728035,0.999855,-0.0314701,-1.1461,-1.02935
2.79463e-06,0.000126433,-0.0748527,-0.451403,-0.037651,-0.7283,1.00006,-0.0251923,-1.14271,-1.03307
2.77372e-06,0.000126457,-0.0663664,-0.452431,-0.0303267,-0.728493,1.00022,-0.0189135,-1.13931,-1.03679
2.75291e-06,0.00012648,-0.0578546,-0.453285,-0.0229994,-0.728614,1.00034,-0.012634,-1.1359,-1.04049
2.7322e-06,0.000126503,-0.0493205,-0.453964,-0.0156698,-0.728662,1.00042,-0.00635396,-1.13247,-1.04418
2.71161e-06,0.000126525,-0.0407673,-0.454468,-0.00833868,-0.728639,1.00047,-7.36862e-05,-1.12904,-1.04786
2.69111e-06,0.000126548,-0.0321984,-0.454796,-0.0010067,-0.728543,1.00048,0.0062066,-1.12559,-1.05153
2.67073e-06,0.00012657,-0.023617,-0.454948,0.00632537,-0.728374,1.00044,0.0124866,-1.12213,-1.05519
2.65047e-06,0.000126592,-0.0150264,-0.454922,0.0136568,-0.728134,1.00037,0.0187662,-1.11865,-1.05883
2.63031e-06,0.000126613,-0.00642994,-0.454719,0.0209869,-0.727821,1.00026,0.025045,-1.11517,-1.06247
2.61028e-06,0.000126635,0.00216903,-0.454339,0.0283149,-0.727436,1.00011,0.0313229,-1.11167,-1.06609
2.59036e-06,0.000126656,0.0107671,-0.45378,0.0356401,-0.726978,0.999925,0.0375996,-1.10816,-1.0697
2.57057e-06,0.000126678,0.019361,-0.453043,0.0429617,-0.726448,0.999698,0.0438748,-1.10464,-1.0733
2.5509e-06,0.000126699,0.0279473,-0.452128,0.0502791,-0.725846,0.999433,0.0501483,-1.10111,-1.07689
2.53136e-06,0.000126719,0.0365225,-0.451034,0.0575915,-0.725171,0.999128,0.0564199,-1.09757,-1.08047
2.51195e-06,0.00012674,0.0450833,-0.449761,0.0648981,-0.724424,0.998785,0.0626893,-1.09401,-1.08403
2.49267e-06,0.00012676,0.0536261,-0.448309,0.0721982,-0.723605,0.998403,0.0689562,-1.09044,-1.08759
2.47352e-06,0.00012678,0.0621475,-0.446678,0.0794912,-0.722714,0.997983,0.0752205,-1.08686,-1.09113
2.45451e-06,0.0001268,0.0706441,-0.444869,0.0867762,-0.72175,0.997524,0.0814819,-1.08327,-1.09466
2.43563e-06,0.00012682,0.0791123,-0.442881,0.0940525,-0.720715,0.997025,0.0877401,-1.07967,-1.09818
2.4169e-06,0.000126839,0.0875486,-0.440714,0.101319,-0.719607,0.996489,0.0939949,-1.07605,-1.10169
2.39831e-06,0.000126859,0.0959496,-0.438369,0.108576,-0.718428,0.995913,0.100246,-1.07243,-1.10518
2.37987e-06,0.000126878,0.104312,-0.435846,0.115822,-0.717176,0.9953,0.106493,-1.06879,-1.10867
2.36157e-06,0.000126897,0.112631,-0.433145,0.123057,-0.715853,0.994647,0.112737,-1.06514,-1.11214
2.34343e-06,0.000126916,0.120904,-0.430267,0.130279,-0.714458,0.993956,0.118975,-1.06148,-1.1156
2.32543e-06,0.000126934,0.129128,-0.427213,0.137488,-0.712992,0.993226,0.12521,-1.05781,-1.11905
2.30759e-06,0.000126953,0.137299,-0.423982,0.144683,-0.711454,0.992458,0.131439,-1.05412,-1.12248
2.28991e-06,0.000126971,0.145412,-0.420576,0.151864,-0.709845,0.991651,0.137663,-1.05043,-1.12591
2.27239e-06,0.000126989,0.153466,-0.416994,0.159029,-0.708164,0.990806,0.143882,-1.04672,-1.12932
2.25502e-06,0.000127007,0.161455,-0.413239,0.166179,-0.706413,0.989923,0.150095,-1.04301,-1.13272
2.23783e-06,0.000127024,0.169376,-0.40931,0.173312,-0.70459,0.989001,0.156303,-1.03928,-1.1361
2.22079e-06,0.000127042,0.177226,-0.405209,0.180427,-0.702697,0.988041,0.162504,-1.03554,-1.13948
2.20393e-06,0.000127059,0.185001,-0.400936,0.187524,-0.700734,0.987042,0.1687,-1.03179,-1.14284
2.18723e-06,0.000127076,0.192698,-0.396493,0.194603,-0.698699,0.986005,0.174888,-1.02803,-1.14619
2.17071e-06,0.000127093,0.200312,-0.39188,0.201662,-0.696595,0.984931,0.18107,-1.02425,-1.14953
2.15437e-06,0.000127109,0.20784,-0.387099,0.2087,-0.69442,0.983818,0.187245,-1.02047,-1.15286
2.1382e-06,0.000127126,0.215279,-0.382151,0.215718,-0.692176,0.982666,0.193413,-1.01668,-1.15617
2.12221e-06,0.000127142,0.222624,-0.377038,0.222714,-0.689862,0.981477,0.199573,-1.01287,-1.15947
2.1064e-06,0.000127158,0.229872,-0.37176,0.229687,-0.687478,0.98025,0.205725,-1.00905,-1.16276
2.09077e-06,0.000127174,0.23702,-0.36632,0.236638,-0.685025,0.978985,0.21187,-1.00523,-1.16604
2.07534e-06,0.00012719,0.244064,-0.360718,0.243564,-0.682503,0.977682,0.218006,-1.00139,-1.1693
2.06008e-06,0.000127206,0.250999,-0.354957,0.250466,-0.679913,0.976341,0.224134,-0.997538,-1.17255
2.04502e-06,0.000127221,0.257823,-0.349038,0.257343,-0.677253,0.974962,0.230253,-0.993679,-1.17579
2.03016e-06,0.000127236,0.264532,-0.342963,0.264194,-0.674526,0.973546,0.236363,-0.989808,-1.17901
2.01548e-06,0.000127251,0.271122,-0.336734,0.271018,-0.67173,0.972092,0.242464,-0.985927,-1.18223
2.00101e-06,0.000127266,0.27759,-0.330352,0.277815,-0.668867,0.9706,0.248556,-0.982036,-1.18543
1.98673e-06,0.000127281,0.283931,-0.323821,0.284583,-0.665936,0.969071,0.254638,-0.978134,-1.18861
1.97265e-06,0.000127296,0.290143,-0.317142,0.291323,-0.662937,0.967504,0.260711,-0.974221,-1.19179
1.95878e-06,0.00012731,0.296222,-0.310317,0.298034,-0.659872,0.9659,0.266773,-0.970298,-1.19495
1.94511e-06,0.000127324,0.302164,-0.303349,0.304714,-0.65674,0.964259,0.272825,-0.966364,-1.1981
1.93165e-06,0.000127339,0.307966,-0.29624,0.311364,-0.653542,0.96258,0.278866,-0.96242,-1.20124
1.9184e-06,0.000127352,0.313624,-0.288993,0.317982,-0.650277,0.960864,0.284897,-0.958466,-1.20436
1.90536e-06,0.000127366,0.319135,-0.28161,0.324568,-0.646947,0.959111,0.290916,-0.954501,-1.20747
1.89253e-06,0.00012738,0.324495,-0.274094,0.331121,-0.643552,0.957321,0.296925,-0.950526,-1.21057
1.87992e-06,0.000127393,0.329701,-0.266448,0.337641,-0.640091,0.955494,0.302922,-0.946541,-1.21365
1.86753e-06,0.000127407,0.33475,-0.258674,0.344126,-0.636565,0.95363,0.308907,-0.942546,-1.21672
1.85535e-06,0.00012742,0.339637,-0.250776,0.350577,-0.632975,0.951729,0.31488,-0.93854,-1.21978
1.8434e-06,0.000127433,0.344361,-0.242757,0.356992,-0.629321,0.949792,0.320841,-0.934525,-1.22283
1.83167e-06,0.000127446,0.348918,-0.23462,0.363371,-0.625603,0.947818,0.32679,-0.930499,-1.22586
1.82016e-06,0.000127459,0.353303,-0.226368,0.369713,-0.621822,0.945807,0.332726,-0.926463,-1.22888
1.80888e-06,0.000127471,0.357516,-0.218005,0.376018,-0.617978,0.94376,0.338649,-0.922418,-1.23188
1.79783e-06,0.000127484,0.361551,-0.209534,0.382285,-0.614071,0.941676,0.34456,-0.918362,-1.23487
1.78701e-06,0.000127496,0.365406,-0.200959,0.388512,-0.610102,0.939556,0.350457,-0.914297,-1.23785
1.77643e-06,0.000127509,0.369079,-0.192283,0.394701,-0.606071,0.937399,0.35634,-0.910222,-1.24082
1.76607e-06,0.000127521,0.372566,-0.18351,0.400849,-0.601978,0.935207,0.36221,-0.906136,-1.24377
1.75596e-06,0.000127533,0.375864,-0.174644,0.406957,-0.597825,0.932978,0.368065,-0.902042,-1.24671
1.74608e-06,0.000127545,0.378971,-0.165689,0.413024,-0.59361,0.930714,0.373907,-0.897937,-1.24964
1.73644e-06,0.000127556,0.381884,-0.156649,0.419049,-0.589336,0.928413,0.379734,-0.893823,-1.25255
1.72704e-06,0.000127568,0.3846,-0.147529,0.425031,-0.585002,0.926077,0.385547,-0.889699,-1.25545
1.71788e-06,0.000127579,0.387117,-0.138332,0.43097,-0.580608,0.923705,0.391344,-0.885566,-1.25833
1.70897e-06,0.000127591,0.389432,-0.129063,0.436865,-0.576156,0.921298,0.397127,-0.881423,-1.2612
1.70031e-06,0.000127602,0.391543,-0.119726,0.442716,-0.571645,0.918855,0.402894,-0.87727,-1.26406
1.69189e-06,0.000127613,0.393447,-0.110326,0.448522,-0.567076,0.916377,0.408646,-0.873109,-1.2669
1.68372e-06,0.000127624,0.395143,-0.100867,0.454283,-0.56245,0.913863,0.414382,-0.868937,-1.26973
1.6758e-06,0.000127635,0.396628,-0.0913547,0.459997,-0.557766,0.911314,0.420102,-0.864757,-1.27255
1.66813e-06,0.000127646,0.397901,-0.0817932,0.465665,-0.553026,0.90873,0.425806,-0.860567,-1.27535
1.66072e-06,0.000127657,0.398959,-0.0721876,0.471286,-0.548229,0.906111,0.431493,-0.856368,-1.27814
1.65356e-06,0.000127667,0.399801,-0.0625427,0.476858,-0.543377,0.903458,0.437164,-0.852159,-1.28092
1.64666e-06,0.000127678,0.400425,-0.0528637,0.482383,-0.53847,0.900769,0.442818,-0.847942,-1.28368
1.64001e-06,0.000127688,0.400829,-0.0431556,0.487858,-0.533508,0.898046,0.448455,-0.843715,-1.28643
1.63363e-06,0.000127699,0.401013,-0.0334237,0.493284,-0.528492,0.895288,0.454075,-0.839479,-1.28916
1.6275e-06,0.000127709,0.400974,-0.0236732,0.498659,-0.523423,0.892496,0.459678,-0.835234,-1.29188
1.62163e-06,0.000127719,0.400713,-0.0139095,0.503984,-0.5183,0.889669,0.465262,-0.83098,-1.29459
1.61603e-06,0.000127729,0.400227,-0.00413793,0.509258,-0.513124,0.886809,0.470829,-0.826718,-1.29728
1.61069e-06,0.00012774,0.399516,0.00563605,0.51448,-0.507897,0.883914,0.476378,-0.822446,-1.29996
1.60561e-06,0.00012775,0.39858,0.0154069,0.51965,-0.502617,0.880985,0.481908,-0.818165,-1.30263
1.6008e-06,0.000127759,0.397417,0.0251691,0.524768,-0.497287,0.878023,0.48742,-0.813876,-1.30528
1.59626e-06,0.000127769,0.396028,0.034917,0.529832,-0.491906,0.875026,0.492913,-0.809578,-1.30791
1.59198e-06,0.000127779,0.394411,0.044645,0.534842,-0.486476,0.871996,0.498388,-0.805271,-1.31054
1.58797e-06,0.000127789,0.392568,0.0543473,0.539798,-0.480996,0.868933,0.503843,-0.800955,-1.31314
1.58424e-06,0.000127798,0.390497,0.0640183,0.544699,-0.475467,0.865836,0.509278,-0.796631,-1.31574
1.58077e-06,0.000127808,0.3882,0.0736522,0.549545,-0.46989,0.862706,0.514695,-0.792298,-1.31832
1.57757e-06,0.000127817,0.385677,0.0832432,0.554335,-0.464265,0.859543,0.520091,-0.787957,-1.32088
1.57464e-06,0.000127827,0.382927,0.0927856,0.559068,-0.458593,0.856347,0.525468,-0.783607,-1.32343
1.57199e-06,0.000127836,0.379953,0.102273,0.563746,-0.452874,0.853118,0.530824,-0.779249,-1.32597
1.5696e-06,0.000127846,0.376754,0.111701,0.568365,-0.44711,0.849856,0.53616,-0.774882,-1.32849
1.5675e-06,0.000127855,0.373332,0.121063,0.572928,-0.4413,0.846562,0.541476,-0.770507,-1.331
1.56566e-06,0.000127864,0.369688,0.130352,0.577432,-0.435445,0.843235,0.54677,-0.766124,-1.3335
1.5641e-06,0.000127874,0.365824,0.139564,0.581877,-0.429547,0.839876,0.552044,-0.761732,-1.33598
1.56281e-06,0.000127883,0.36174,0.148693,0.586264,-0.423604,0.836485,0.557297,-0.757332,-1.33844
1.5618e-06,0.000127892,0.35744,0.157732,0.590591,-0.417619,0.833062,0.562528,-0.752924,-1.34089
1.56107e-06,0.000127901,0.352924,0.166676,0.594858,-0.411591,0.829607,0.567738,-0.748508,-1.34333
1.56061e-06,0.00012791,0.348196,0.17552,0.599065,-0.405522,0.82612,0.572926,-0.744084,-1.34575
1.56042e-06,0.000127919,0.343256,0.184258,0.603212,-0.399412,0.822601,0.578092,-0.739652,-1.34816
1.56052e-06,0.000127929,0.338108,0.192884,0.607297,-0.393261,0.819051,0.583236,-0.735212,-1.35055
1.56089e-06,0.000127938,0.332755,0.201392,0.61132,-0.38707,0.81547,0.588357,-0.730764,-1.35293
1.56153e-06,0.000127947,0.327198,0.209778,0.615282,-0.38084,0.811857,0.593456,-0.726308,-1.35529
1.56245e-06,0.000127956,0.321442,0.218036,0.619182,-0.374571,0.808213,0.598533,-0.721844,-1.35764
1.56365e-06,0.000127965,0.315489,0.226161,0.623018,-0.368265,0.804539,0.603586,-0.717372,-1.35998
1.56512e-06,0.000127974,0.309342,0.234146,0.626792,-0.361921,0.800833,0.608617,-0.712893,-1.3623
1.56687e-06,0.000127983,0.303005,0.241988,0.630502,-0.35554,0.797097,0.613624,-0.708406,-1.3646
1.5689e-06,0.000127992,0.296482,0.249682,0.634149,-0.349124,0.793331,0.618608,-0.703911,-1.36689
1.5712e-06,0.000128001,0.289776,0.257221,0.637731,-0.342672,0.789534,0.623568,-0.699409,-1.36917
1.57378e-06,0.00012801,0.282892,0.264602,0.641249,-0.336186,0.785707,0.628504,-0.694899,-1.37143
1.57663e-06,0.000128019,0.275833,0.27182,0.644702,-0.329665,0.78185,0.633416,-0.690382,-1.37367
1.57976e-06,0.000128028,0.268604,0.27887,0.64809,-0.323112,0.777963,0.638304,-0.685857,-1.37591
1.58316e-06,0.000128037,0.261209,0.285748,0.651412,-0.316525,0.774047,0.643168,-0.681325,-1.37812
1.58684e-06,0.000128047,0.253653,0.29245,0.654669,-0.309907,0.770101,0.648007,-0.676785,-1.38032
1.59079e-06,0.000128056,0.245939,0.298971,0.65786,-0.303257,0.766125,0.652822,-0.672238,-1.38251
1.59502e-06,0.000128065,0.238074,0.305307,0.660984,-0.296577,0.76212,0.657611,-0.667684,-1.38468
1.59951e-06,0.000128074,0.230062,0.311454,0.664041,-0.289867,0.758087,0.662376,-0.663123,-1.38684
1.60428e-06,0.000128083,0.221907,0.317409,0.667032,-0.283127,0.754024,0.667115,-0.658554,-1.38898
1.60932e-06,0.000128093,0.213616,0.323169,0.669955,-0.276359,0.749932,0.671829,-0.653979,-1.39111
1.61463e-06,0.000128102,0.205192,0.328729,0.672811,-0.269563,0.745812,0.676517,-0.649396,-1.39322
1.62021e-06,0.000128111,0.196643,0.334086,0.675599,-0.26274,0.741664,0.681179,-0.644807,-1.39531
1.62606e-06,0.000128121,0.187972,0.339238,0.678318,-0.255891,0.737487,0.685815,-0.64021,-1.3974
1.63218e-06,0.00012813,0.179185,0.344181,0.68097,-0.249015,0.733282,0.690426,-0.635606,-1.39946
1.63857e-06,0.00012814,0.170289,0.348914,0.683553,-0.242115,0.72905,0.69501,-0.630996,-1.40151
1.64522e-06,0.000128149,0.161288,0.353432,0.686067,-0.23519,0.724789,0.699567,-0.626379,-1.40355
1.65214e-06,0.000128159,0.152189,0.357734,0.688512,-0.228242,0.720501,0.704098,-0.621755,-1.40557
1.65932e-06,0.000128168,0.142996,0.361817,0.690888,-0.22127,0.716186,0.708602,-0.617124,-1.40758
1.66677e-06,0.000128178,0.133716,0.36568,0.693195,-0.214276,0.711843,0.71308,-0.612487,-1.40957
1.67448e-06,0.000128188,0.124355,0.369321,0.695431,-0.207261,0.707473,0.71753,-0.607843,-1.41154
1.68245e-06,0.000128198,0.114919,0.372738,0.697598,-0.200225,0.703076,0.721952,-0.603192,-1.4135
1.69069e-06,0.000128207,0.105413,0.375929,0.699695,-0.193169,0.698653,0.726348,-0.598535,-1.41545
1.69918e-06,0.000128217,0.0958431,0.378893,0.701722,-0.186093,0.694203,0.730715,-0.593872,-1.41738
1.70793e-06,0.000128227,0.0862158,0.381629,0.703679,-0.178999,0.689726,0.735055,-0.589202,-1.41929
1.71694e-06,0.000128238,0.0765367,0.384137,0.705565,-0.171887,0.685224,0.739367,-0.584525,-1.42119
1.72621e-06,0.000128248,0.0668119,0.386415,0.70738,-0.164757,0.680695,0.743651,-0.579843,-1.42307
1.73574e-06,0.000128258,0.0570472,0.388462,0.709124,-0.157612,0.67614,0.747907,-0.575154,-1.42494
1.74551e-06,0.000128268,0.0472486,0.390279,0.710797,-0.15045,0.67156,0.752134,-0.570459,-1.4268
1.75554e-06,0.000128279,0.0374221,0.391865,0.712399,-0.143273,0.666955,0.756333,-0.565757,-1.42863
1.76583e-06,0.000128289,0.0275735,0.39322,0.71393,-0.136082,0.662324,0.760503,-0.56105,-1.43046
1.77636e-06,0.0001283,0.0177087,0.394343,0.71539,-0.128877,0.657667,0.764644,-0.556336,-1.43226
1.78714e-06,0.000128311,0.0078335,0.395237,0.716778,-0.121659,0.652986,0.768756,-0.551617,-1.43405
1.79818e-06,0.000128321,-0.00204623,0.395899,0.718094,-0.11443,0.64828,0.772839,-0.546892,-1.43583
1.80946e-06,0.000128332,-0.0119248,0.396333,0.719339,-0.107188,0.64355,0.776893,-0.54216,-1.43759
1.82098e-06,0.000128343,-0.0217964,0.396537,0.720512,-0.0999362,0.638795,0.780918,-0.537423,-1.43933
1.83275e-06,0.000128354,-0.0316555,0.396513,0.721613,-0.0926743,0.634016,0.784912,-0.53268,-1.44106
1.84476e-06,0.000128365,-0.0414965,0.396262,0.722643,-0.0854031,0.629213,0.788877,-0.527931,-1.44277
1.85702e-06,0.000128377,-0.0513138,0.395786,0.7236,-0.0781233,0.624386,0.792812,-0.523177,-1.44447
1.86951e-06,0.000128388,-0.0611021,0.395084,0.724485,-0.0708358,0.619536,0.796718,-0.518416,-1.44615
1.88225e-06,0.000128399,-0.0708558,0.39416,0.725298,-0.0635412,0.614662,0.800592,-0.513651,-1.44782
1.89522e-06,0.000128411,-0.0805697,0.393015,0.726039,-0.0562403,0.609765,0.804437,-0.508879,-1.44947
1.90843e-06,0.000128423,-0.0902385,0.39165,0.726708,-0.0489338,0.604844,0.808251,-0.504102,-1.45111
1.92187e-06,0.000128434,-0.0998572,0.390067,0.727305,-0.0416224,0.599901,0.812035,-0.49932,-1.45273
1.93555e-06,0.000128446,-0.109421,0.388268,0.727829,-0.0343069,0.594935,0.815788,-0.494532,-1.45433
1.94946e-06,0.000128458,-0.118924,0.386256,0.728281,-0.0269879,0.589947,0.81951,-0.489739,-1.45592
1.96361e-06,0.000128471,-0.128362,0.384032,0.728661,-0.0196663,0.584936,0.823201,-0.484941,-1.45749
1.97798e-06,0.000128483,-0.13773,0.381599,0.728969,-0.0123427,0.579904,0.826861,-0.480138,-1.45905
1.99258e-06,0.000128495,-0.147024,0.37896,0.729204,-0.00501781,0.574849,0.83049,-0.475329,-1.46059
2.00741e-06,0.000128508,-0.156238,0.376117,0.729368,0.00230754,0.569773,0.834088,-0.470515,-1.46211
2.02246e-06,0.00012852,-0.165369,0.373072,0.729459,0.00963268,0.564675,0.837654,-0.465696,-1.46362
2.03774e-06,0.000128533,-0.174411,0.369828,0.729478,0.0169569,0.559556,0.841188,-0.460872,-1.46511
2.05324e-06,0.000128546,-0.183361,0.366389,0.729425,0.0242794,0.554415,0.84469,-0.456043,-1.46659
2.06896e-06,0.000128559,-0.192215,0.362757,0.7293,0.0315996,0.549254,0.848161,-0.451209,-1.46805
2.0849e-06,0.000128572,-0.200968,0.358934,0.729103,0.0389166,0.544072,0.8516,-0.44637,-1.4695
2.10106e-06,0.000128585,-0.209616,0.354925,0.728834,0.0462298,0.53887,0.855007,-0.441526,-1.47093
2.11744e-06,0.000128599,-0.218156,0.350733,0.728493,0.0535385,0.533647,0.858381,-0.436678,-1.47234
2.13403e-06,0.000128612,-0.226583,0.346359,0.72808,0.0608419,0.528404,0.861723,-0.431824,-1.47374
2.15084e-06,0.000128626,-0.234895,0.341809,0.727596,0.0681394,0.523141,0.865033,-0.426966,-1.47512
2.16786e-06,0.00012864,-0.243087,0.337085,0.72704,0.0754301,0.517859,0.86831,-0.422104,-1.47648
2.1851e-06,0.000128654,-0.251156,0.33219,0.726413,0.0827134,0.512557,0.871554,-0.417237,-1.47783
2.20254e-06,0.000128668,-0.259099,0.327129,0.725714,0.0899887,0.507235,0.874765,-0.412365,-1.47917
2.22019e-06,0.000128682,-0.266912,0.321903,0.724944,0.0972551,0.501895,0.877944,-0.407489,-1.48049
2.23805e-06,0.000128696,-0.274593,0.316518,0.724103,0.104512,0.496535,0.88109,-0.402609,-1.48179
2.25611e-06,0.000128711,-0.282137,0.310977,0.723191,0.111759,0.491157,0.884202,-0.397724,-1.48307
2.27438e-06,0.000128725,-0.289544,0.305283,0.722207,0.118994,0.485761,0.887281,-0.392835,-1.48434
2.29286e-06,0.00012874,-0.296809,0.29944,0.721154,0.126218,0.480346,0.890327,-0.387941,-1.4856
2.31153e-06,0.000128755,-0.303929,0.293451,0.720029,0.13343,0.474914,0.893339,-0.383044,-1.48683
2.33041e-06,0.00012877,-0.310903,0.287321,0.718835,0.140629,0.469463,0.896318,-0.378142,-1.48805
2.34948e-06,0.000128786,-0.317728,0.281054,0.71757,0.147814,0.463995,0.899263,-0.373236,-1.48926
2.36875e-06,0.000128801,-0.324401,0.274652,0.716235,0.154984,0.458509,0.902174,-0.368326,-1.49045
2.38822e-06,0.000128817,-0.330921,0.26812,0.71483,0.16214,0.453006,0.905052,-0.363412,-1.49162
2.40788e-06,0.000128832,-0.337284,0.261461,0.713355,0.169279,0.447486,0.907895,-0.358494,-1.49278
2.42773e-06,0.000128848,-0.343489,0.25468,0.711811,0.176402,0.441949,0.910705,-0.353573,-1.49392
2.44778e-06,0.000128864,-0.349534,0.24778,0.710197,0.183508,0.436396,0.91348,-0.348647,-1.49504
2.46801e-06,0.00012888,-0.355416,0.240765,0.708515,0.190596,0.430826,0.916221,-0.343718,-1.49615
2.48844e-06,0.000128897,-0.361135,0.23364,0.706763,0.197666,0.425241,0.918928,-0.338785,-1.49724
2.50905e-06,0.000128913,-0.366688,0.226407,0.704943,0.204716,0.419639,0.9216,-0.333848,-1.49832
2.52985e-06,0.00012893,-0.372074,0.219071,0.703054,0.211747,0.414021,0.924237,-0.328908,-1.49938
2.55083e-06,0.000128947,-0.377291,0.211635,0.701097,0.218757,0.408388,0.92684,-0.323964,-1.50042
2.57199e-06,0.000128964,-0.382338,0.204105,0.699072,0.225746,0.40274,0.929409,-0.319016,-1.50145
2.59334e-06,0.000128981,-0.387213,0.196482,0.69698,0.232713,0.397077,0.931942,-0.314065,-1.50246
2.61487e-06,0.000128999,-0.391916,0.188772,0.69482,0.239657,0.391398,0.934441,-0.309111,-1.50345
2.63657e-06,0.000129016,-0.396444,0.180979,0.692592,0.246578,0.385706,0.936904,-0.304153,-1.50443
2.65845e-06,0.000129034,-0.400797,0.173105,0.690298,0.253476,0.379998,0.939333,-0.299192,-1.50539
2.68051e-06,0.000129052,-0.404974,0.165155,0.687937,0.260349,0.374277,0.941726,-0.294228,-1.50634
2.70274e-06,0.00012907,-0.408974,0.157134,0.68551,0.267197,0.368541,0.944085,-0.289261,-1.50727
2.72515e-06,0.000129088,-0.412796,0.149043,0.683016,0.274019,0.362792,0.946407,-0.28429,-1.50818
2.74772e-06,0.000129106,-0.416439,0.140889,0.680457,0.280814,0.357029,0.948695,-0.279317,-1.50907
2.77047e-06,0.000129125,-0.419903,0.132674,0.677832,0.287583,0.351253,0.950947,-0.27434,-1.50995
2.79338e-06,0.000129144,-0.423187,0.124401,0.675142,0.294324,0.345463,0.953164,-0.26936,-1.51082
2.81646e-06,0.000129163,-0.42629,0.116076,0.672387,0.301037,0.339661,0.955345,-0.264378,-1.51167
2.8397e-06,0.000129182,-0.429212,0.107702,0.669567,0.30772,0.333846,0.95749,-0.259392,-1.5125
2.86311e-06,0.000129201,-0.431953,0.0992819,0.666683,0.314375,0.328019,0.9596,-0.254404,-1.51331
2.88668e-06,0.000129221,-0.434511,0.0908203,0.663736,0.320999,0.322179,0.961673,-0.249413,-1.51411
2.91042e-06,0.00012924,-0.436888,0.0823207,0.660724,0.327592,0.316327,0.963711,-0.244419,-1.51489
2.93431e-06,0.00012926,-0.439082,0.0737867,0.657649,0.334154,0.310464,0.965713,-0.239423,-1.51565
2.95836e-06,0.00012928,-0.441094,0.0652222,0.654512,0.340684,0.304589,0.967679,-0.234424,-1.5164
2.98256e-06,0.0001293,-0.442923,0.0566307,0.651311,0.347181,0.298702,0.969609,-0.229423,-1.51713
3.00692e-06,0.000129321,-0.44457,0.0480159,0.648049,0.353646,0.292805,0.971503,-0.224419,-1.51785
3.03143e-06,0.000129341,-0.446034,0.0393815,0.644724,0.360076,0.286896,0.97336,-0.219412,-1.51855
3.0561e-06,0.000129362,-0.447316,0.0307311,0.641338,0.366472,0.280977,0.975181,-0.214403,-1.51923
3.08091e-06,0.000129383,-0.448416,0.0220681,0.637891,0.372833,0.275048,0.976966,-0.209392,-1.5199
3.10587e-06,0.000129404,-0.449334,0.0133963,0.634383,0.379159,0.269108,0.978715,-0.204379,-1.52055
3.13098e-06,0.000129426,-0.45007,0.00471914,0.630815,0.385449,0.263158,0.980427,-0.199363,-1.52118
3.15624e-06,0.000129447,-0.450626,-0.0039599,0.627186,0.391702,0.257198,0.982103,-0.194345,-1.5218
3.18164e-06,0.000129469,-0.451,-0.0126373,0.623498,0.397917,0.251229,0.983742,-0.189326,-1.5224
3.20718e-06,0.000129491,-0.451193,-0.0213096,0.619751,0.404095,0.245251,0.985345,-0.184304,-1.52298
3.23286e-06,0.000129513,-0.451207,-0.0299733,0.615945,0.410235,0.239263,0.986911,-0.17928,-1.52355
3.25868e-06,0.000129536,-0.451042,-0.0386251,0.612081,0.416336,0.233266,0.98844,-0.174254,-1.5241
3.28464e-06,0.000129558,-0.450698,-0.0472615,0.608158,0.422397,0.227261,0.989932,-0.169226,-1.52463
3.31074e-06,0.000129581,-0.450176,-0.0558792,0.604178,0.428418,0.221247,0.991388,-0.164196,-1.52515
3.33697e-06,0.000129604,-0.449476,-0.0644749,0.600141,0.434399,0.215226,0.992807,-0.159165,-1.52565
3.36333e-06,0.000129627,-0.4486,-0.0730451,0.596048,0.440339,0.209196,0.994189,-0.154132,-1.52613
3.38983e-06,0.00012965,-0.447549,-0.0815868,0.591897,0.446237,0.203158,0.995534,-0.149097,-1.5266
3.41645e-06,0.000129674,-0.446322,-0.0900965,0.587691,0.452093,0.197113,0.996843,-0.14406,-1.52705
3.4432e-06,0.000129698,-0.444922,-0.098571,0.58343,0.457907,0.19106,0.998114,-0.139022,-1.52749
3.47008e-06,0.000129722,-0.443349,-0.107007,0.579114,0.463677,0.185001,0.999348,-0.133983,-1.5279
3.49708e-06,0.000129746,-0.441603,-0.115402,0.574743,0.469404,0.178934,1.00055,-0.128942,-1.52831
3.52421e-06,0.00012977,-0.439687,-0.123752,0.570318,0.475086,0.172861,1.00171,-0.1239,-1.52869
3.55146e-06,0.000129795,-0.437602,-0.132054,0.565839,0.480724,0.166782,1.00283,-0.118856,-1.52906
3.57883e-06,0.00012982,-0.435347,-0.140305,0.561308,0.486317,0.160696,1.00391,-0.113811,-1.52941
3.60632e-06,0.000129845,-0.432926,-0.148502,0.556723,0.491864,0.154605,1.00496,-0.108765,-1.52974
3.63392e-06,0.00012987,-0.430338,-0.156642,0.552087,0.497365,0.148507,1.00597,-0.103717,-1.53006
3.66164e-06,0.000129895,-0.427585,-0.164722,0.547398,0.50282,0.142404,1.00695,-0.0986685,-1.53036
3.68948e-06,0.000129921,-0.424668,-0.172739,0.542659,0.508227,0.136296,1.00789,-0.0936189,-1.53065
3.71742e-06,0.000129947,-0.42159,-0.18069,0.537868,0.513587,0.130183,1.00879,-0.0885682,-1.53092
3.74548e-06,0.000129973,-0.41835,-0.188572,0.533028,0.518899,0.124065,1.00965,-0.0835166,-1.53117
3.77364e-06,0.000129999,-0.414951,-0.196383,0.528137,0.524162,0.117943,1.01047,-0.078464,-1.5314
3.80192e-06,0.000130025,-0.411395,-0.204118,0.523198,0.529377,0.111816,1.01126,-0.0734106,-1.53162
3.83029e-06,0.000130052,-0.407682,-0.211776,0.518209,0.534542,0.105685,1.01201,-0.0683565,-1.53182
3.85878e-06,0.000130079,-0.403814,-0.219353,0.513173,0.539657,0.0995496,1.01272,-0.0633015,-1.53201
3.88736e-06,0.000130106,-0.399793,-0.226847,0.508088,0.544722,0.093411,1.0134,-0.0582459,-1.53217
3.91604e-06,0.000130134,-0.39562,-0.234255,0.502956,0.549737,0.0872689,1.01404,-0.0531897,-1.53233
3.94483e-06,0.000130161,-0.391297,-0.241574,0.497778,0.5547,0.0811236,1.01464,-0.0481328,-1.53246
3.97371e-06,0.000130189,-0.386827,-0.248802,0.492553,0.559612,0.0749753,1.0152,-0.0430755,-1.53258
4.00269e-06,0.000130217,-0.38221,-0.255935,0.487283,0.564472,0.0688242,1.01573,-0.0380176,-1.53268
4.03176e-06,0.000130245,-0.377448,-0.262972,0.481967,0.56928,0.0626706,1.01622,-0.0329594,-1.53277
4.06092e-06,0.000130274,-0.372544,-0.269909,0.476607,0.574035,0.0565147,1.01667,-0.0279008,-1.53283
4.09017e-06,0.000130302,-0.367499,-0.276744,0.471202,0.578737,0.0503567,1.01708,-0.0228419,-1.53288
4.11952e-06,0.000130331,-0.362314,-0.283474,0.465754,0.583385,0.0441969,1.01746,-0.0177828,-1.53292
4.14895e-06,0.00013036,-0.356993,-0.290097,0.460263,0.587979,0.0380354,1.01779,-0.0127234,-1.53294
4.17847e-06,0.00013039,-0.351537,-0.29661,0.45473,0.592519,0.0318725,1.01809,-0.00766394,-1.53294
4.20807e-06,0.000130419,-0.345947,-0.303011,0.449154,0.597004,0.0257085,1.01836,-0.00260438,-1.53292
4.23775e-06,0.000130449,-0.340227,-0.309297,0.443537,0.601435,0.0195435,1.01858,0.00245521,-1.53289
4.26751e-06,0.000130479,-0.334378,-0.315466,0.437879,0.60581,0.0133777,1.01877,0.00751478,-1.53284
4.29736e-06,0.000130509,-0.328402,-0.321516,0.432181,0.610129,0.00721153,1.01892,0.0125743,-1.53278
4.32728e-06,0.00013054,-0.322302,-0.327443,0.426443,0.614392,0.00104505,1.01904,0.0176336,-1.53269
4.35727e-06,0.00013057,-0.316079,-0.333246,0.420666,0.618598,-0.00512147,1.01911,0.0226928,-1.5326
4.38734e-06,0.000130601,-0.309737,-0.338923,0.41485,0.622748,-0.0112878,1.01915,0.0277517,-1.53248
4.41749e-06,0.000130632,-0.303276,-0.34447,0.408996,0.626841,-0.0174537,1.01915,0.0328103,-1.53235
4.4477e-06,0.000130664,-0.2967,-0.349887,0.403105,0.630876,-0.023619,1.01911,0.0378685,-1.5322
4.47798e-06,0.000130695,-0.290011,-0.35517,0.397177,0.634853,-0.0297834,1.01904,0.0429264,-1.53203
4.50833e-06,0.000130727,-0.283211,-0.360317,0.391212,0.638772,-0.0359467,1.01893,0.0479837,-1.53185
4.53875e-06,0.000130759,-0.276303,-0.365327,0.385211,0.642633,-0.0421087,1.01878,0.0530406,-1.53165
4.56923e-06,0.000130791,-0.26929,-0.370196,0.379176,0.646435,-0.0482691,1.01859,0.0580969,-1.53144
4.59977e-06,0.000130824,-0.262173,-0.374924,0.373105,0.650177,-0.0544278,1.01837,0.0631525,-1.5312
4.63038e-06,0.000130857,-0.254955,-0.379507,0.367001,0.653861,-0.0605845,1.01811,0.0682074,-1.53095
4.66104e-06,0.00013089,-0.247639,-0.383945,0.360863,0.657485,-0.0667389,1.01781,0.0732616,-1.53069
4.69176e-06,0.000130923,-0.240228,-0.388234,0.354692,0.661049,-0.0728909,1.01748,0.078315,-1.53041
4.72254e-06,0.000130956,-0.232723,-0.392374,0.348489,0.664552,-0.0790402,1.0171,0.0833676,-1.53011
4.75337e-06,0.00013099,-0.225129,-0.396361,0.342254,0.667996,-0.0851866,1.01669,0.0884192,-1.52979
4.78425e-06,0.000131024,-0.217447,-0.400194,0.335988,0.671378,-0.09133,1.01624,0.0934699,-1.52946
4.81518e-06,0.000131058,-0.209681,-0.403872,0.329691,0.6747,-0.0974699,1.01576,0.0985196,-1.52911
4.84617e-06,0.000131092,-0.201833,-0.407392,0.323365,0.67796,-0.103606,1.01524,0.103568,-1.52874
4.8772e-06,0.000131127,-0.193906,-0.410753,0.317009,0.681158,-0.109739,1.01468,0.108616,-1.52836
4.90828e-06,0.000131161,-0.185903,-0.413952,0.310624,0.684295,-0.115867,1.01408,0.113662,-1.52796
4.9394e-06,0.000131196,-0.177827,-0.416989,0.304211,0.68737,-0.121992,1.01345,0.118707,-1.52755
4.97056e-06,0.000131232,-0.16968,-0.419861,0.297771,0.690383,-0.128112,1.01278,0.123751,-1.52711
5.00177e-06,0.000131267,-0.161467,-0.422568,0.291304,0.693333,-0.134227,1.01207,0.128793,-1.52667
5.03301e-06,0.000131303,-0.153189,-0.425106,0.28481,0.69622,-0.140337,1.01133,0.133834,-1.5262
5.0643e-06,0.000131339,-0.144851,-0.427475,0.278291,0.699044,-0.146442,1.01054,0.138874,-1.52572
5.09562e-06,0.000131375,-0.136455,-0.429674,0.271746,0.701806,-0.152542,1.00973,0.143912,-1.52522
5.12697e-06,0.000131411,-0.128004,-0.4317,0.265177,0.704504,-0.158636,1.00887,0.148948,-1.5247
5.15836e-06,0.000131448,-0.119501,-0.433553,0.258584,0.707138,-0.164725,1.00798,0.153983,-1.52417
5.18978e-06,0.000131485,-0.110951,-0.435231,0.251968,0.709709,-0.170807,1.00705,0.159016,-1.52362
5.22123e-06,0.000131522,-0.102355,-0.436733,0.245329,0.712216,-0.176883,1.00608,0.164047,-1.52306
5.2527e-06,0.000131559,-0.0937182,-0.438057,0.238668,0.714659,-0.182953,1.00508,0.169077,-1.52247
5.28421e-06,0.000131597,-0.0850429,-0.439202,0.231985,0.717037,-0.189016,1.00404,0.174105,-1.52187
5.31574e-06,0.000131635,-0.0763327,-0.440167,0.225282,0.719351,-0.195072,1.00296,0.179131,-1.52126
5.34729e-06,0.000131673,-0.0675912,-0.440952,0.218558,0.7216,-0.201121,1.00185,0.184155,-1.52063
5.37886e-06,0.000131711,-0.0588217,-0.441554,0.211815,0.723785,-0.207162,1.0007,0.189176,-1.51998
5.41046e-06,0.000131749,-0.0500278,-0.441973,0.205053,0.725905,-0.213196,0.999516,0.194196,-1.51931
5.44207e-06,0.000131788,-0.0412132,-0.442208,0.198272,0.727959,-0.219223,0.998294,0.199214,-1.51863
5.4737e-06,0.000131827,-0.0323813,-0.442259,0.191474,0.729949,-0.225241,0.997036,0.20423,-1.51793
5.50535e-06,0.000131866,-0.0235358,-0.442123,0.184658,0.731873,-0.231251,0.995741,0.209243,-1.51722
5.53701e-06,0.000131906,-0.0146803,-0.441801,0.177826,0.733732,-0.237253,0.994409,0.214254,-1.51649
5.56868e-06,0.000131945,-0.00581868,-0.441292,0.170978,0.735525,-0.243246,0.993042,0.219263,-1.51574
5.60037e-06,0.000131985,0.00304546,-0.440594,0.164115,0.737252,-0.24923,0.991638,0.224269,-1.51497
5.63206e-06,0.000132025,0.0119083,-0.439709,0.157237,0.738913,-0.255205,0.990199,0.229273,-1.51419
5.66377e-06,0.000132066,0.020766,-0.438634,0.150345,0.740509,-0.261171,0.988723,0.234274,-1.5134
5.69548e-06,0.000132106,0.0296148,-0.43737,0.14344,0.742038,-0.267127,0.987211,0.239273,-1.51258
5.72719e-06,0.000132147,0.0384507,-0.435916,0.136522,0.743502,-0.273074,0.985663,0.244269,-1.51175
5.75891e-06,0.000132188,0.0472698,-0.434271,0.129591,0.744899,-0.27901,0.98408,0.249263,-1.5109
5.79063e-06,0.000132229,0.0560682,-0.432437,0.122649,0.746229,-0.284937,0.98246,0.254253,-1.51004
5.82235e-06,0.000132271,0.064842,-0.430412,0.115697,0.747494,-0.290853,0.980805,0.259241,-1.50916
5.85407e-06,0.000132313,0.073587,-0.428196,0.108734,0.748692,-0.296758,0.979115,0.264227,-1.50826
5.88578e-06,0.000132355,0.0822993,-0.425789,0.101761,0.749823,-0.302653,0.977388,0.269209,-1.50735
5.9175e-06,0.000132397,0.0909747,-0.423192,0.0947792,0.750888,-0.308537,0.975626,0.274188,-1.50642
5.94921e-06,0.000132439,0.0996092,-0.420405,0.087789,0.751886,-0.314409,0.973829,0.279165,-1.50547
5.98091e-06,0.000132482,0.108199,-0.417427,0.0807911,0.752818,-0.320271,0.971996,0.284138,-1.50451
6.0126e-06,0.000132525,0.116739,-0.41426,0.073786,0.753682,-0.32612,0.970128,0.289108,-1.50353
6.04428e-06,0.000132568,0.125226,-0.410903,0.0667743,0.75448,-0.331958,0.968225,0.294075,-1.50254
6.07595e-06,0.000132611,0.133655,-0.407356,0.0597567,0.755211,-0.337783,0.966287,0.299039,-1.50153
6.10761e-06,0.000132655,0.142023,-0.403622,0.0527339,0.755876,-0.343596,0.964313,0.304,-1.5005
6.13926e-06,0.000132699,0.150324,-0.3997,0.0457064,0.756473,-0.349397,0.962305,0.308957,-1.49945
6.17089e-06,0.000132743,0.158555,-0.395591,0.0386748,0.757004,-0.355185,0.960262,0.313911,-1.49839
6.2025e-06,0.000132787,0.166712,-0.391296,0.0316398,0.757467,-0.360961,0.958184,0.318861,-1.49731
6.2341e-06,0.000132832,0.17479,-0.386815,0.024602,0.757864,-0.366723,0.956071,0.323808,-1.49622
6.26567e-06,0.000132877,0.182785,-0.382151,0.0175621,0.758194,-0.372472,0.953923,0.328751,-1.49511
6.29723e-06,0.000132922,0.190692,-0.377304,0.0105206,0.758457,-0.378207,0.951741,0.333691,-1.49398
6.32876e-06,0.000132967,0.198507,-0.372275,0.00347817,0.758653,-0.383929,0.949524,0.338627,-1.49284
6.36027e-06,0.000133012,0.206227,-0.367066,-0.00356456,0.758782,-0.389637,0.947273,0.34356,-1.49168
6.39175e-06,0.000133058,0.213846,-0.361678,-0.010607,0.758845,-0.39533,0.944988,0.348489,-1.49051
6.4232e-06,0.000133104,0.22136,-0.356113,-0.0176485,0.75884,-0.40101,0.942668,0.353414,-1.48931
6.45463e-06,0.00013315,0.228766,-0.350373,-0.0246884,0.758769,-0.406674,0.940315,0.358335,-1.48811
6.48603e-06,0.000133196,0.236058,-0.344459,-0.0317261,0.758631,-0.412324,0.937927,0.363252,-1.48688
6.5174e-06,0.000133243,0.243232,-0.338373,-0.0387611,0.758426,-0.41796,0.935505,0.368165,-1.48564
6.54873e-06,0.00013329,0.250284,-0.332117,-0.0457927,0.758155,-0.42358,0.933049,0.373074,-1.48438
6.58003e-06,0.000133337,0.257211,-0.325694,-0.0528202,0.757817,-0.429184,0.93056,0.377979,-1.48311
6.6113e-06,0.000133384,0.264007,-0.319106,-0.0598431,0.757413,-0.434773,0.928037,0.38288,-1.48182
6.64253e-06,0.000133432,0.270668,-0.312355,-0.0668608,0.756942,-0.440347,0.925481,0.387777,-1.48052
6.67372e-06,0.00013348,0.27719,-0.305444,-0.0738725,0.756405,-0.445904,0.922891,0.392669,-1.47919
6.70488e-06,0.000133528,0.283569,-0.298375,-0.0808778,0.755801,-0.451446,0.920267,0.397557,-1.47786
6.73599e-06,0.000133576,0.289801,-0.291151,-0.0878761,0.755131,-0.456971,0.917611,0.402441,-1.4765
6.76706e-06,0.000133624,0.295882,-0.283775,-0.0948666,0.754395,-0.462479,0.914921,0.40732,-1.47513
6.79809e-06,0.000133673,0.301808,-0.27625,-0.101849,0.753593,-0.467971,0.912198,0.412195,-1.47375
6.82907e-06,0.000133722,0.307574,-0.268578,-0.108822,0.752725,-0.473446,0.909442,0.417066,-1.47234
6.86001e-06,0.000133771,0.313177,-0.260765,-0.115786,0.751791,-0.478904,0.906653,0.421932,-1.47093
6.8909e-06,0.000133821,0.318612,-0.252812,-0.122739,0.750792,-0.484344,0.903832,0.426793,-1.46949
6.92174e-06,0.00013387,0.323877,-0.244723,-0.129682,0.749727,-0.489767,0.900978,0.43165,-1.46804
6.95253e-06,0.00013392,0.328966,-0.236502,-0.136614,0.748596,-0.495173,0.898091,0.436502,-1.46657
6.98326e-06,0.00013397,0.333877,-0.228152,-0.143534,0.7474,-0.50056,0.895172,0.441349,-1.46509
7.01395e-06,0.000134021,0.338606,-0.219678,-0.150441,0.746138,-0.50593,0.892221,0.446191,-1.46359
7.04458e-06,0.000134071,0.343149,-0.211083,-0.157335,0.744812,-0.511281,0.889238,0.451028,-1.46208
7.07515e-06,0.000134122,0.347502,-0.202371,-0.164215,0.74342,-0.516613,0.886222,0.455861,-1.46054
7.10567e-06,0.000134173,0.351663,-0.193548,-0.171081,0.741964,-0.521927,0.883174,0.460688,-1.459
7.13613e-06,0.000134224,0.355628,-0.184616,-0.177932,0.740443,-0.527223,0.880095,0.465511,-1.45743
7.16653e-06,0.000134276,0.359393,-0.175581,-0.184767,0.738858,-0.532499,0.876984,0.470328,-1.45586
7.19686e-06,0.000134327,0.362957,-0.166447,-0.191587,0.737208,-0.537756,0.873841,0.47514,-1.45426
7.22714e-06,0.000134379,0.366314,-0.157218,-0.198389,0.735493,-0.542994,0.870667,0.479947,-1.45265
7.25735e-06,0.000134431,0.369464,-0.147901,-0.205175,0.733715,-0.548212,0.867462,0.484749,-1.45102
7.28749e-06,0.000134484,0.372403,-0.138498,-0.211942,0.731873,-0.55341,0.864225,0.489545,-1.44938
7.31756e-06,0.000134536,0.375127,-0.129016,-0.218691,0.729967,-0.558588,0.860957,0.494336,-1.44772
7.34757e-06,0.000134589,0.377636,-0.11946,-0.225422,0.727998,-0.563747,0.857658,0.499122,-1.44605
7.3775e-06,0.000134642,0.379926,-0.109834,-0.232132,0.725966,-0.568885,0.854328,0.503902,-1.44436
7.40736e-06,0.000134696,0.381995,-0.100145,-0.238822,0.72387,-0.574002,0.850967,0.508677,-1.44265
7.43715e-06,0.000134749,0.383841,-0.0903965,-0.245492,0.721711,-0.579099,0.847576,0.513446,-1.44093
7.46686e-06,0.000134803,0.385462,-0.0805953,-0.25214,0.71949,-0.584175,0.844154,0.518209,-1.43919
7.4965e-06,0.000134857,0.386856,-0.0707466,-0.258766,0.717206,-0.58923,0.840702,0.522967,-1.43744
7.52605e-06,0.000134911,0.388022,-0.060856,-0.26537,0.71486,-0.594264,0.83722,0.527719,-1.43567
7.55553e-06,0.000134966,0.388958,-0.0509292,-0.271951,0.712452,-0.599276,0.833708,0.532465,-1.43389
7.58492e-06,0.000135021,0.389662,-0.0409721,-0.278508,0.709982,-0.604267,0.830165,0.537205,-1.43208
7.61423e-06,0.000135076,0.390133,-0.0309904,-0.285041,0.707451,-0.609236,0.826593,0.54194,-1.43027
7.64345e-06,0.000135131,0.390371,-0.0209901,-0.291549,0.704858,-0.614183,0.822991,0.546669,-1.42844
7.67259e-06,0.000135186,0.390374,-0.0109771,-0.298032,0.702204,-0.619108,0.819359,0.551391,-1.42659
7.70163e-06,0.000135242,0.390142,-0.000957371,-0.304489,0.699489,-0.624011,0.815698,0.556108,-1.42473
7.73059e-06,0.000135298,0.389675,0.009063,-0.31092,0.696713,-0.628891,0.812008,0.560818,-1.42285
7.75945e-06,0.000135354,0.388971,0.019078,-0.317324,0.693877,-0.633749,0.808288,0.565522,-1.42095
7.78822e-06,0.00013541,0.388031,0.0290814,-0.3237,0.690981,-0.638584,0.80454,0.57022,-1.41904
7.81689e-06,0.000135467,0.386855,0.0390672,-0.330048,0.688025,-0.643396,0.800762,0.574912,-1.41712
7.84547e-06,0.000135523,0.385442,0.0490293,-0.336368,0.685009,-0.648185,0.796956,0.579598,-1.41518
7.87394e-06,0.00013558,0.383794,0.0589615,-0.342658,0.681934,-0.652951,0.793121,0.584277,-1.41322
7.90231e-06,0.000135638,0.381911,0.0688576,-0.348919,0.6788,-0.657693,0.789258,0.58895,-1.41125
7.93058e-06,0.000135695,0.379794,0.0787116,-0.35515,0.675608,-0.662412,0.785366,0.593616,-1.40926
7.95875e-06,0.000135753,0.377443,0.0885173,-0.36135,0.672356,-0.667106,0.781446,0.598276,-1.40726
7.9868e-06,0.000135811,0.37486,0.0982687,-0.367518,0.669047,-0.671777,0.777498,0.602929,-1.40524
8.01475e-06,0.000135869,0.372046,0.10796,-0.373655,0.66568,-0.676424,0.773522,0.607576,-1.4032
8.04258e-06,0.000135927,0.369003,0.117584,-0.379759,0.662255,-0.681047,0.769519,0.612216,-1.40115
8.0703e-06,0.000135986,0.365732,0.127136,-0.385831,0.658772,-0.685645,0.765488,0.616849,-1.39909
8.0979e-06,0.000136045,0.362235,0.136609,-0.391869,0.655233,-0.690218,0.761429,0.621475,-1.39701
8.12539e-06,0.000136104,0.358514,0.145998,-0.397873,0.651637,-0.694767,0.757343,0.626095,-1.39491
8.15275e-06,0.000136163,0.354572,0.155297,-0.403843,0.647985,-0.699291,0.75323,0.630708,-1.3928
8.18e-06,0.000136223,0.35041,0.164501,-0.409778,0.644277,-0.703789,0.74909,0.635314,-1.39068
8.20711e-06,0.000136283,0.346032,0.173602,-0.415677,0.640513,-0.708263,0.744923,0.639913,-1.38854
8.23411e-06,0.000136343,0.341441,0.182596,-0.421541,0.636693,-0.712711,0.740729,0.644505,-1.38638
8.26097e-06,0.000136403,0.336638,0.191478,-0.427368,0.632819,-0.717133,0.736509,0.649089,-1.38421
8.2877e-06,0.000136463,0.331628,0.200242,-0.433158,0.62889,-0.72153,0.732263,0.653667,-1.38202
8.3143e-06,0.000136524,0.326413,0.208882,-0.438911,0.624906,-0.725901,0.72799,0.658238,-1.37982
8.34077e-06,0.000136585,0.320996,0.217393,-0.444625,0.620869,-0.730246,0.723691,0.662801,-1.3776
8.3671e-06,0.000136646,0.315383,0.225771,-0.450302,0.616778,-0.734565,0.719366,0.667357,-1.37537
8.39328e-06,0.000136708,0.309575,0.23401,-0.455939,0.612633,-0.738857,0.715015,0.671906,-1.37312
8.41933e-06,0.000136769,0.303578,0.242106,-0.461537,0.608436,-0.743123,0.710639,0.676447,-1.37086
8.44523e-06,0.000136831,0.297394,0.250053,-0.467095,0.604186,-0.747363,0.706237,0.680981,-1.36858
8.47098e-06,0.000136893,0.291029,0.257847,-0.472613,0.599884,-0.751575,0.70181,0.685507,-1.36629
8.49659e-06,0.000136955,0.284486,0.265484,-0.478089,0.595529,-0.755761,0.697358,0.690026,-1.36398
8.52204e-06,0.000137018,0.277769,0.27296,-0.483525,0.591124,-0.75992,0.692881,0.694537,-1.36166
8.54734e-06,0.000137081,0.270884,0.280269,-0.488919,0.586667,-0.764051,0.688379,0.699041,-1.35932
8.57249e-06,0.000137144,0.263834,0.287409,-0.49427,0.58216,-0.768155,0.683853,0.703537,-1.35697
8.59748e-06,0.000137207,0.256625,0.294375,-0.499579,0.577602,-0.772232,0.679302,0.708025,-1.3546
8.6223e-06,0.00013727,0.249262,0.301164,-0.504844,0.572995,-0.776281,0.674727,0.712506,-1.35222
8.64697e-06,0.000137334,0.241748,0.307771,-0.510066,0.568338,-0.780302,0.670127,0.716979,-1.34982
8.67147e-06,0.000137398,0.234089,0.314194,-0.515244,0.563632,-0.784295,0.665504,0.721443,-1.34741
8.6958e-06,0.000137462,0.226291,0.32043,-0.520377,0.558877,-0.78826,0.660857,0.7259,-1.34498
8.71996e-06,0.000137526,0.218358,0.326475,-0.525466,0.554074,-0.792197,0.656186,0.730349,-1.34254
8.74395e-06,0.00013759,0.210295,0.332326,-0.530508,0.549223,-0.796106,0.651492,0.73479,-1.34009
8.76776e-06,0.000137655,0.202108,0.33798,-0.535505,0.544324,-0.799986,0.646774,0.739223,-1.33761
8.7914e-06,0.00013772,0.193801,0.343436,-0.540456,0.539378,-0.803838,0.642034,0.743647,-1.33513
8.81486e-06,0.000137785,0.185381,0.34869,-0.54536,0.534386,-0.807661,0.63727,0.748064,-1.33263
8.83813e-06,0.00013785,0.176853,0.35374,-0.550217,0.529348,-0.811454,0.632483,0.752472,-1.33011
8.86123e-06,0.000137916,0.168222,0.358585,-0.555026,0.524264,-0.815219,0.627674,0.756872,-1.32758
8.88414e-06,0.000137982,0.159493,0.363222,-0.559787,0.519134,-0.818955,0.622843,0.761264,-1.32504
8.90685e-06,0.000138047,0.150672,0.367649,-0.5645,0.51396,-0.822662,0.617989,0.765647,-1.32248
8.92938e-06,0.000138114,0.141765,0.371865,-0.569164,0.508741,-0.826339,0.613113,0.770022,-1.31991
8.95172e-06,0.00013818,0.132777,0.375869,-0.573778,0.503478,-0.829986,0.608216,0.774389,-1.31732
8.97386e-06,0.000138247,0.123713,0.379658,-0.578343,0.498171,-0.833604,0.603296,0.778747,-1.31472
8.9958e-06,0.000138313,0.114579,0.383233,-0.582858,0.492822,-0.837192,0.598355,0.783096,-1.3121
9.01754e-06,0.00013838,0.10538,0.386591,-0.587322,0.487429,-0.840751,0.593393,0.787437,-1.30947
9.03908e-06,0.000138447,0.096122,0.389733,-0.591736,0.481995,-0.844279,0.588409,0.791769,-1.30682
9.06042e-06,0.000138515,0.0868106,0.392658,-0.596098,0.476519,-0.847777,0.583405,0.796092,-1.30416
9.08155e-06,0.000138582,0.0774509,0.395364,-0.600409,0.471002,-0.851245,0.578379,0.800407,-1.30149
9.10247e-06,0.00013865,0.0680485,0.397852,-0.604668,0.465443,-0.854682,0.573333,0.804713,-1.2988
9.12318e-06,0.000138718,0.0586087,0.400122,-0.608874,0.459845,-0.858089,0.568267,0.80901,-1.2961
9.14367e-06,0.000138786,0.0491368,0.402172,-0.613028,0.454206,-0.861465,0.56318,0.813298,-1.29338
9.16395e-06,0.000138854,0.0396383,0.404005,-0.617128,0.448529,-0.86481,0.558073,0.817577,-1.29065
9.18402e-06,0.000138923,0.0301183,0.405618,-0.621175,0.442812,-0.868125,0.552946,0.821848,-1.2879
9.20386e-06,0.000138992,0.0205821,0.407014,-0.625168,0.437057,-0.871408,0.547799,0.826109,-1.28515
9.22349e-06,0.00013906,0.0110349,0.408192,-0.629107,0.431264,-0.874661,0.542633,0.830361,-1.28237
9.24289e-06,0.000139129,0.00148183,0.409153,-0.632991,0.425434,-0.877882,0.537447,0.834604,-1.27958
9.26206e-06,0.000139199,-0.00807201,0.409898,-0.636821,0.419567,-0.881072,0.532243,0.838837,-1.27678
9.28101e-06,0.000139268,-0.0176216,0.410428,-0.640595,0.413663,-0.88423,0.527019,0.843062,-1.27397
9.29973e-06,0.000139338,-0.027162,0.410743,-0.644313,0.407724,-0.887357,0.521777,0.847277,-1.27114
9.31822e-06,0.000139407,-0.0366882,0.410844,-0.647976,0.401749,-0.890452,0.516515,0.851483,-1.26829
9.33647e-06,0.000139477,-0.0461955,0.410733,-0.651582,0.395739,-0.893515,0.511236,0.85568,-1.26543
9.35449e-06,0.000139547,-0.055679,0.410411,-0.655132,0.389695,-0.896547,0.505938,0.859867,-1.26256
9.37227e-06,0.000139618,-0.0651341,0.40988,-0.658625,0.383617,-0.899546,0.500622,0.864045,-1.25968
9.38981e-06,0.000139688,-0.0745561,0.40914,-0.66206,0.377506,-0.902513,0.495288,0.868213,-1.25678
9.40711e-06,0.000139759,-0.0839405,0.408194,-0.665438,0.371362,-0.905449,0.489937,0.872371,-1.25386
9.42417e-06,0.000139829,-0.0932827,0.407043,-0.668758,0.365186,-0.908351,0.484568,0.876521,-1.25093
9.44099e-06,0.0001399,-0.102578,0.405689,-0.67202,0.358978,-0.911222,0.479182,0.88066,-1.24799
9.45756e-06,0.000139971,-0.111823,0.404134,-0.675223,0.352738,-0.91406,0.473779,0.88479,-1.24504
9.47388e-06,0.000140043,-0.121013,0.40238,-0.678368,0.346468,-0.916865,0.468359,0.88891,-1.24207
9.48995e-06,0.000140114,-0.130143,0.400428,-0.681453,0.340168,-0.919638,0.462922,0.89302,-1.23909
9.50577e-06,0.000140186,-0.13921,0.398281,-0.68448,0.333838,-0.922377,0.457468,0.89712,-1.23609
9.52134e-06,0.000140257,-0.148209,0.395941,-0.687446,0.327479,-0.925084,0.451999,0.901211,-1.23308
9.53665e-06,0.000140329,-0.157137,0.393411,-0.690353,0.321092,-0.927758,0.446513,0.905291,-1.23006
9.55171e-06,0.000140401,-0.165989,0.390692,-0.693199,0.314676,-0.930399,0.441011,0.909362,-1.22702
9.56651e-06,0.000140473,-0.174763,0.387787,-0.695985,0.308234,-0.933007,0.435494,0.913422,-1.22397
9.58105e-06,0.000140545,-0.183454,0.384698,-0.69871,0.301764,-0.935581,0.429961,0.917473,-1.22091
9.59533e-06,0.000140618,-0.192058,0.381428,-0.701374,0.295268,-0.938122,0.424413,0.921513,-1.21783
9.60935e-06,0.00014069,-0.200572,0.37798,-0.703977,0.288746,-0.940629,0.418849,0.925544,-1.21474
9.6231e-06,0.000140763,-0.208993,0.374356,-0.706519,0.282199,-0.943103,0.413271,0.929564,-1.21164
9.63659e-06,0.000140836,-0.217318,0.370558,-0.708999,0.275627,-0.945544,0.407678,0.933573,-1.20852
9.64981e-06,0.000140909,-0.225542,0.36659,-0.711416,0.269031,-0.94795,0.40207,0.937573,-1.20539
9.66277e-06,0.000140982,-0.233663,0.362454,-0.713772,0.262412,-0.950323,0.396448,0.941562,-1.20225
9.67546e-06,0.000141055,-0.241677,0.358153,-0.716065,0.25577,-0.952662,0.390812,0.945541,-1.19909
9.68787e-06,0.000141128,-0.249582,0.35369,-0.718295,0.249105,-0.954967,0.385162,0.94951,-1.19592
9.70002e-06,0.000141201,-0.257375,0.349068,-0.720463,0.242419,-0.957238,0.379498,0.953468,-1.19274
9.71189e-06,0.000141275,-0.265052,0.344289,-0.722567,0.235711,-0.959475,0.373821,0.957415,-1.18954
9.72349e-06,0.000141348,-0.272611,0.339357,-0.724608,0.228983,-0.961677,0.36813,0.961352,-1.18633
9.73481e-06,0.000141422,-0.280049,0.334275,-0.726586,0.222234,-0.963846,0.362427,0.965278,-1.18311
9.74586e-06,0.000141496,-0.287364,0.329045,-0.728499,0.215467,-0.965979,0.35671,0.969194,-1.17987
9.75663e-06,0.00014157,-0.294553,0.323671,-0.730349,0.20868,-0.968079,0.350981,0.973099,-1.17662
9.76712e-06,0.000141644,-0.301612,0.318155,-0.732135,0.201875,-0.970144,0.345239,0.976994,-1.17336
9.77733e-06,0.000141718,-0.308541,0.312502,-0.733856,0.195052,-0.972174,0.339485,0.980877,-1.17009
9.78726e-06,0.000141792,-0.315337,0.306713,-0.735513,0.188212,-0.97417,0.333718,0.98475,-1.1668
9.79691e-06,0.000141867,-0.321997,0.300792,-0.737105,0.181356,-0.976131,0.32794,0.988612,-1.1635
9.80628e-06,0.000141941,-0.328518,0.294743,-0.738633,0.174483,-0.978057,0.32215,0.992463,-1.16019
9.81536e-06,0.000142015,-0.3349,0.288568,-0.740095,0.167596,-0.979948,0.316349,0.996303,-1.15686
9.82416e-06,0.00014209,-0.34114,0.282271,-0.741492,0.160693,-0.981804,0.310536,1.00013,-1.15352
9.83268e-06,0.000142165,-0.347236,0.275854,-0.742824,0.153777,-0.983626,0.304713,1.00395,-1.15017
9.8409e-06,0.000142239,-0.353186,0.269322,-0.744091,0.146846,-0.985412,0.298878,1.00776,-1.14681
9.84884e-06,0.000142314,-0.358987,0.262677,-0.745291,0.139903,-0.987163,0.293033,1.01155,-1.14343
9.8565e-06,0.000142389,-0.36464,0.255922,-0.746426,0.132948,-0.988879,0.287177,1.01534,-1.14004
9.86386e-06,0.000142464,-0.370141,0.249062,-0.747496,0.125981,-0.99056,0.281312,1.01911,-1.13664
9.87093e-06,0.000142539,-0.375489,0.242099,-0.748499,0.119003,-0.992205,0.275436,1.02287,-1.13322
9.87772e-06,0.000142614,-0.380682,0.235035,-0.749436,0.112014,-0.993815,0.26955,1.02662,-1.1298
9.88421e-06,0.000142689,-0.38572,0.227876,-0.750306,0.105015,-0.99539,0.263655,1.03036,-1.12636
9.89041e-06,0.000142765,-0.390599,0.220624,-0.751111,0.0980073,-0.996929,0.25775,1.03409,-1.12291
9.89632e-06,0.00014284,-0.39532,0.213282,-0.751849,0.0909907,-0.998432,0.251836,1.03781,-1.11944
9.90194e-06,0.000142915,-0.399881,0.205854,-0.75252,0.0839661,-0.9999,0.245913,1.04152,-1.11597
9.90727e-06,0.000142991,-0.404281,0.198342,-0.753124,0.076934,-1.00133,0.239982,1.04521,-1.11248
9.91229e-06,0.000143066,-0.408517,0.190751,-0.753662,0.0698952,-1.00273,0.234041,1.04889,-1.10898
9.91703e-06,0.000143142,-0.41259,0.183083,-0.754133,0.0628501,-1.00409,0.228093,1.05256,-1.10546
9.92147e-06,0.000143217,-0.416498,0.175343,-0.754537,0.0557995,-1.00541,0.222136,1.05622,-1.10194
9.92562e-06,0.000143293,-0.42024,0.167532,-0.754874,0.0487439,-1.0067,0.216172,1.05987,-1.0984
9.92946e-06,0.000143369,-0.423815,0.159655,-0.755144,0.0416841,-1.00796,0.210199,1.06351,-1.09485
9.93302e-06,0.000143444,-0.427223,0.151715,-0.755347,0.0346205,-1.00917,0.20422,1.06713,-1.09129
9.93627e-06,0.00014352,-0.430462,0.143715,-0.755483,0.0275539,-1.01036,0.198233,1.07074,-1.08771
9.93923e-06,0.000143596,-0.433531,0.135659,-0.755551,0.0204848,-1.0115,0.192238,1.07434,-1.08413
9.94189e-06,0.000143671,-0.43643,0.127549,-0.755552,0.0134139,-1.01261,0.186237,1.07793,-1.08053
9.94426e-06,0.000143747,-0.439159,0.11939,-0.755486,0.00634185,-1.01368,0.18023,1.08151,-1.07692
9.94632e-06,0.000143823,-0.441716,0.111184,-0.755352,-0.00073077,-1.01472,0.174216,1.08507,-1.0733
9.94809e-06,0.000143899,-0.444101,0.102935,-0.755151,-0.00780331,-1.01572,0.168196,1.08863,-1.06966
9.94956e-06,0.000143975,-0.446314,0.0946456,-0.754882,-0.0148751,-1.01668,0.162169,1.09217,-1.06602
9.95073e-06,0.000144051,-0.448354,0.0863199,-0.754546,-0.0219456,-1.01761,0.156137,1.0957,-1.06236
9.9516e-06,0.000144127,-0.45022,0.0779608,-0.754143,-0.0290141,-1.0185,0.1501,1.09921,-1.05869
9.95217e-06,0.000144202,-0.451913,0.0695717,-0.753672,-0.03608,-1.01936,0.144057,1.10272,-1.05501
9.95244e-06,0.000144278,-0.453432,0.0611559,-0.753133,-0.0431427,-1.02018,0.138009,1.10621,-1.05132
9.95242e-06,0.000144354,-0.454776,0.0527167,-0.752527,-0.0502015,-1.02096,0.131956,1.10969,-1.04762
9.95209e-06,0.00014443,-0.455946,0.0442572,-0.751854,-0.0572557,-1.02171,0.125898,1.11316,-1.0439
9.95146e-06,0.000144506,-0.456941,0.0357809,-0.751113,-0.0643049,-1.02242,0.119836,1.11662,-1.04018
9.95054e-06,0.000144582,-0.457762,0.027291,-0.750305,-0.0713482,-1.02309,0.11377,1.12006,-1.03644
9.94931e-06,0.000144658,-0.458408,0.0187907,-0.749429,-0.0783851,-1.02373,0.107699,1.12349,-1.03269
9.94779e-06,0.000144734,-0.458879,0.0102832,-0.748486,-0.0854149,-1.02433,0.101625,1.12691,-1.02893
9.94596e-06,0.00014481,-0.459175,0.00177193,-0.747476,-0.0924371,-1.02489,0.0955467,1.13032,-1.02515
9.94384e-06,0.000144886,-0.459297,-0.00673997,-0.746399,-0.0994509,-1.02542,0.0894654,1.13371,-1.02137
9.94142e-06,0.000144962,-0.459244,-0.0152493,-0.745254,-0.106456,-1.02591,0.0833808,1.13709,-1.01758
9.93869e-06,0.000145037,-0.459017,-0.0237527,-0.744042,-0.113451,-1.02636,0.0772933,1.14046,-1.01377
9.93567e-06,0.000145113,-0.458615,-0.0322471,-0.742763,-0.120436,-1.02678,0.071203,1.14382,-1.00995
9.93235e-06,0.000145189,-0.45804,-0.0407292,-0.741417,-0.12741,-1.02716,0.0651102,1.14716,-1.00612
9.92873e-06,0.000145265,-0.457291,-0.0491958,-0.740004,-0.134373,-1.02751,0.0590151,1.15049,-1.00228
9.92482e-06,0.000145341,-0.45637,-0.0576438,-0.738524,-0.141323,-1.02781,0.0529179,1.15381,-0.998432
9.9206e-06,0.000145416,-0.455275,-0.0660699,-0.736977,-0.148261,-1.02808,0.0468187,1.15712,-0.99457
9.91609e-06,0.000145492,-0.454008,-0.0744709,-0.735364,-0.155185,-1.02832,0.0407179,1.16041,-0.990697
9.91127e-06,0.000145568,-0.45257,-0.0828437,-0.733684,-0.162095,-1.02852,0.0346157,1.16369,-0.986814
9.90617e-06,0.000145643,-0.450961,-0.0911852,-0.731937,-0.168991,-1.02868,0.0285122,1.16695,-0.982919
9.90076e-06,0.000145719,-0.449181,-0.0994921,-0.730124,-0.175871,-1.0288,0.0224078,1.17021,-0.979014
9.89506e-06,0.000145794,-0.447231,-0.107761,-0.728245,-0.182735,-1.02889,0.0163025,1.17345,-0.975097
9.88906e-06,0.00014587,-0.445111,-0.11599,-0.7263,-0.189582,-1.02894,0.0101966,1.17668,-0.97117
9.88277e-06,0.000145945,-0.442824,-0.124174,-0.724289,-0.196413,-1.02895,0.00409041,1.17989,-0.967232
9.87618e-06,0.00014602,-0.440369,-0.132312,-0.722211,-0.203225,-1.02893,-0.00201595,1.1831,-0.963284
9.86929e-06,0.000146096,-0.437747,-0.140399,-0.720068,-0.210019,-1.02887,-0.00812223,1.18629,-0.959325
9.86211e-06,0.000146171,-0.434959,-0.148433,-0.71786,-0.216794,-1.02877,-0.0142282,1.18946,-0.955355
9.85464e-06,0.000146246,-0.432006,-0.15641,-0.715586,-0.223549,-1.02864,-0.0203337,1.19262,-0.951375
9.84688e-06,0.000146321,-0.428889,-0.164328,-0.713247,-0.230283,-1.02847,-0.0264384,1.19577,-0.947384
9.83882e-06,0.000146396,-0.425609,-0.172184,-0.710842,-0.236997,-1.02826,-0.0325422,1.19891,-0.943383
9.83047e-06,0.000146471,-0.422168,-0.179974,-0.708373,-0.243688,-1.02802,-0.0386448,1.20203,-0.939371
9.82183e-06,0.000146546,-0.418565,-0.187696,-0.705839,-0.250358,-1.02773,-0.0447461,1.20514,-0.935349
9.8129e-06,0.000146621,-0.414803,-0.195346,-0.70324,-0.257005,-1.02742,-0.0508457,1.20824,-0.931316
9.80367e-06,0.000146696,-0.410883,-0.202921,-0.700577,-0.263628,-1.02706,-0.0569435,1.21132,-0.927274
9.79416e-06,0.00014677,-0.406805,-0.210419,-0.69785,-0.270227,-1.02667,-0.0630393,1.21439,-0.923221
9.78436e-06,0.000146845,-0.402572,-0.217836,-0.695059,-0.276801,-1.02624,-0.0691328,1.21745,-0.919158
9.77428e-06,0.000146919,-0.398184,-0.225169,-0.692203,-0.283349,-1.02578,-0.0752238,1.22049,-0.915084
9.7639e-06,0.000146994,-0.393643,-0.232416,-0.689285,-0.289872,-1.02528,-0.0813121,1.22352,-0.911001
9.75324e-06,0.000147068,-0.38895,-0.239573,-0.686303,-0.296368,-1.02474,-0.0873976,1.22654,-0.906907
9.7423e-06,0.000147142,-0.384108,-0.246637,-0.683258,-0.302837,-1.02417,-0.0934798,1.22954,-0.902804
9.73107e-06,0.000147216,-0.379117,-0.253607,-0.68015,-0.309277,-1.02356,-0.0995588,1.23253,-0.898691
9.71956e-06,0.00014729,-0.373979,-0.260478,-0.676979,-0.31569,-1.02291,-0.105634,1.23551,-0.894567
9.70776e-06,0.000147364,-0.368695,-0.267247,-0.673746,-0.322073,-1.02222,-0.111706,1.23847,-0.890434
9.69569e-06,0.000147438,-0.363268,-0.273913,-0.67045,-0.328426,-1.0215,-0.117773,1.24142,-0.886291
9.68333e-06,0.000147512,-0.3577,-0.280471,-0.667093,-0.334749,-1.02075,-0.123837,1.24435,-0.882138
9.67069e-06,0.000147585,-0.351991,-0.28692,-0.663674,-0.341042,-1.01995,-0.129896,1.24727,-0.877975
9.65778e-06,0.000147659,-0.346144,-0.293256,-0.660194,-0.347302,-1.01912,-0.13595,1.25018,-0.873803
9.64459e-06,0.000147732,-0.340161,-0.299477,-0.656653,-0.353531,-1.01825,-0.141999,1.25307,-0.869621
9.63112e-06,0.000147806,-0.334044,-0.305579,-0.65305,-0.359726,-1.01735,-0.148044,1.25595,-0.865429
9.61737e-06,0.000147879,-0.327795,-0.311561,-0.649388,-0.365889,-1.01641,-0.154083,1.25882,-0.861228
9.60336e-06,0.000147952,-0.321415,-0.317419,-0.645665,-0.372017,-1.01543,-0.160116,1.26167,-0.857017
9.58907e-06,0.000148025,-0.314907,-0.32315,-0.641882,-0.378111,-1.01442,-0.166144,1.26451,-0.852797
9.57451e-06,0.000148097,-0.308274,-0.328752,-0.638039,-0.384169,-1.01337,-0.172165,1.26733,-0.848567
9.55967e-06,0.00014817,-0.301517,-0.334222,-0.634137,-0.390192,-1.01229,-0.178181,1.27014,-0.844328
9.54457e-06,0.000148242,-0.294638,-0.339557,-0.630176,-0.396179,-1.01117,-0.18419,1.27293,-0.84008
9.5292e-06,0.000148315,-0.287641,-0.344756,-0.626156,-0.402128,-1.01001,-0.190193,1.27571,-0.835822
9.51357e-06,0.000148387,-0.280527,-0.349814,-0.622078,-0.408041,-1.00881,-0.196189,1.27848,-0.831555
9.49767e-06,0.000148459,-0.273299,-0.35473,-0.617942,-0.413915,-1.00758,-0.202177,1.28123,-0.827279
9.48151e-06,0.000148531,-0.265959,-0.359502,-0.613748,-0.41975,-1.00632,-0.208159,1.28397,-0.822994
9.46508e-06,0.000148603,-0.25851,-0.364125,-0.609497,-0.425546,-1.00501,-0.214133,1.2867,-0.818699
9.44839e-06,0.000148674,-0.250955,-0.368599,-0.605189,-0.431302,-1.00368,-0.220099,1.28941,-0.814396
9.43145e-06,0.000148746,-0.243296,-0.372921,-0.600824,-0.437018,-1.0023,-0.226058,1.29211,-0.810084
9.41424e-06,0.000148817,-0.235536,-0.377087,-0.596403,-0.442693,-1.00089,-0.232008,1.29479,-0.805762
9.39678e-06,0.000148888,-0.227678,-0.381097,-0.591926,-0.448327,-0.999445,-0.23795,1.29745,-0.801432
9.37907e-06,0.000148959,-0.219725,-0.384946,-0.587394,-0.453918,-0.997962,-0.243883,1.30011,-0.797093
9.3611e-06,0.00014903,-0.211679,-0.388634,-0.582806,-0.459467,-0.996444,-0.249808,1.30275,-0.792745
9.34288e-06,0.000149101,-0.203544,-0.392158,-0.578163,-0.464972,-0.99489,-0.255724,1.30537,-0.788388
9.32441e-06,0.000149171,-0.195322,-0.395515,-0.573467,-0.470434,-0.993301,-0.26163,1.30798,-0.784023
9.30569e-06,0.000149242,-0.187018,-0.398704,-0.568716,-0.475852,-0.991675,-0.267527,1.31058,-0.779649
9.28672e-06,0.000149312,-0.178633,-0.401722,-0.563911,-0.481225,-0.990014,-0.273415,1.31316,-0.775266
9.26751e-06,0.000149382,-0.170171,-0.404566,-0.559054,-0.486552,-0.988318,-0.279292,1.31572,-0.770875
9.24806e-06,0.000149452,-0.161636,-0.407236,-0.554143,-0.491833,-0.986586,-0.28516,1.31828,-0.766475
9.22836e-06,0.000149521,-0.15303,-0.409729,-0.549181,-0.497068,-0.984818,-0.291017,1.32081,-0.762066
9.20843e-06,0.000149591,-0.144358,-0.412043,-0.544166,-0.502256,-0.983016,-0.296864,1.32334,-0.75765
9.18826e-06,0.00014966,-0.135622,-0.414176,-0.5391,-0.507396,-0.981177,-0.302701,1.32585,-0.753225
9.16785e-06,0.000149729,-0.126826,-0.416126,-0.533983,-0.512489,-0.979304,-0.308526,1.32834,-0.748791
9.14721e-06,0.000149798,-0.117974,-0.417891,-0.528816,-0.517533,-0.977395,-0.31434,1.33082,-0.744349
9.12633e-06,0.000149867,-0.10907,-0.41947,-0.523598,-0.522527,-0.975452,-0.320143,1.33328,-0.739899
9.10523e-06,0.000149935,-0.100116,-0.420861,-0.51833,-0.527473,-0.973473,-0.325934,1.33573,-0.735441
9.08389e-06,0.000150004,-0.0911179,-0.422063,-0.513014,-0.532368,-0.971459,-0.331714,1.33817,-0.730975
9.06233e-06,0.000150072,-0.0820781,-0.423073,-0.507648,-0.537212,-0.96941,-0.337482,1.34059,-0.7265
9.04055e-06,0.00015014,-0.073001,-0.42389,-0.502235,-0.542005,-0.967326,-0.343238,1.34299,-0.722018
9.01854e-06,0.000150208,-0.0638904,-0.424513,-0.496773,-0.546747,-0.965208,-0.348981,1.34538,-0.717528
8.99632e-06,0.000150275,-0.0547504,-0.424941,-0.491264,-0.551437,-0.963054,-0.354711,1.34776,-0.713029
8.97387e-06,0.000150343,-0.045585,-0.425172,-0.485709,-0.556074,-0.960867,-0.360429,1.35012,-0.708523
8.95121e-06,0.00015041,-0.0363985,-0.425204,-0.480107,-0.560658,-0.958644,-0.366134,1.35246,-0.704009
8.92834e-06,0.000150477,-0.0271948,-0.425038,-0.474459,-0.565188,-0.956387,-0.371826,1.35479,-0.699487
8.90525e-06,0.000150544,-0.0179784,-0.424671,-0.468766,-0.569665,-0.954095,-0.377504,1.35711,-0.694957
8.88195e-06,0.00015061,-0.00875339,-0.424103,-0.463028,-0.574087,-0.95177,-0.383169,1.35941,-0.69042
8.85845e-06,0.000150676,0.000475762,-0.423333,-0.457246,-0.578454,-0.949409,-0.38882,1.36169,-0.685875
8.83474e-06,0.000150743,0.00970469,-0.42236,-0.45142,-0.582765,-0.947015,-0.394457,1.36396,-0.681322
8.81083e-06,0.000150808,0.0189289,-0.421183,-0.44555,-0.587021,-0.944586,-0.40008,1.36622,-0.676762
8.78672e-06,0.000150874,0.028144,-0.419802,-0.439638,-0.59122,-0.942124,-0.405688,1.36846,-0.672195
8.76241e-06,0.00015094,0.0373454,-0.418216,-0.433684,-0.595363,-0.939627,-0.411281,1.37068,-0.66762
8.7379e-06,0.000151005,0.0465284,-0.416425,-0.427688,-0.599448,-0.937097,-0.41686,1.37289,-0.663037
8.71321e-06,0.00015107,0.0556885,-0.414429,-0.421651,-0.603476,-0.934533,-0.422424,1.37509,-0.658448
8.68832e-06,0.000151135,0.064821,-0.412227,-0.415573,-0.607446,-0.931935,-0.427972,1.37727,-0.65385
8.66324e-06,0.000151199,0.0739211,-0.409819,-0.409456,-0.611357,-0.929303,-0.433505,1.37943,-0.649246
8.63797e-06,0.000151264,0.0829841,-0.407205,-0.403298,-0.615209,-0.926638,-0.439023,1.38158,-0.644635
8.61252e-06,0.000151328,0.0920052,-0.404385,-0.397102,-0.619002,-0.923939,-0.444524,1.38371,-0.640016
8.58689e-06,0.000151392,0.10098,-0.40136,-0.390868,-0.622735,-0.921207,-0.45001,1.38583,-0.63539
8.56109e-06,0.000151455,0.109902,-0.39813,-0.384596,-0.626408,-0.918442,-0.455479,1.38793,-0.630758
8.5351e-06,0.000151519,0.118769,-0.394695,-0.378287,-0.630021,-0.915644,-0.460932,1.39002,-0.626118
8.50894e-06,0.000151582,0.127574,-0.391056,-0.371941,-0.633572,-0.912812,-0.466368,1.39209,-0.621471
8.48261e-06,0.000151645,0.136312,-0.387214,-0.365559,-0.637062,-0.909948,-0.471787,1.39415,-0.616818
8.45611e-06,0.000151707,0.144979,-0.383169,-0.359142,-0.640491,-0.907051,-0.47719,1.39619,-0.612157
8.42945e-06,0.00015177,0.153571,-0.378922,-0.35269,-0.643857,-0.904121,-0.482575,1.39822,-0.60749
8.40262e-06,0.000151832,0.16208,-0.374475,-0.346203,-0.647161,-0.901158,-0.487942,1.40023,-0.602816
8.37563e-06,0.000151894,0.170504,-0.369829,-0.339684,-0.650402,-0.898163,-0.493292,1.40222,-0.598136
8.34849e-06,0.000151956,0.178836,-0.364984,-0.333131,-0.65358,-0.895135,-0.498624,1.4042,-0.593449
8.32119e-06,0.000152017,0.187073,-0.359944,-0.326545,-0.656694,-0.892075,-0.503938,1.40617,-0.588755
8.29373e-06,0.000152079,0.195208,-0.354708,-0.319928,-0.659744,-0.888982,-0.509234,1.40811,-0.584055
8.26612e-06,0.00015214,0.203237,-0.34928,-0.31328,-0.66273,-0.885857,-0.514511,1.41005,-0.579348
8.23837e-06,0.0001522,0.211155,-0.343661,-0.306601,-0.665651,-0.882701,-0.51977,1.41196,-0.574635
8.21047e-06,0.000152261,0.218956,-0.337852,-0.299893,-0.668508,-0.879512,-0.52501,1.41387,-0.569915
8.18243e-06,0.000152321,0.226637,-0.331857,-0.293155,-0.671299,-0.876292,-0.53023,1.41575,-0.565189
8.15426e-06,0.000152381,0.234192,-0.325678,-0.286388,-0.674025,-0.873039,-0.535432,1.41762,-0.560457
8.12594e-06,0.000152441,0.241616,-0.319316,-0.279594,-0.676685,-0.869755,-0.540614,1.41948,-0.555719
8.09749e-06,0.0001525,0.248905,-0.312776,-0.272772,-0.679279,-0.86644,-0.545777,1.42131,-0.550975
8.06891e-06,0.00015256,0.256053,-0.306059,-0.265923,-0.681806,-0.863093,-0.55092,1.42314,-0.546224
8.0402e-06,0.000152619,0.263056,-0.299168,-0.259049,-0.684266,-0.859715,-0.556043,1.42494,-0.541468
8.01136e-06,0.000152677,0.26991,-0.292107,-0.252149,-0.68666,-0.856306,-0.561145,1.42674,-0.536705
7.98241e-06,0.000152736,0.276609,-0.284879,-0.245224,-0.688986,-0.852866,-0.566228,1.42851,-0.531936
7.95333e-06,0.000152794,0.283149,-0.277487,-0.238275,-0.691244,-0.849394,-0.57129,1.43027,-0.527162
7.92413e-06,0.000152852,0.289526,-0.269935,-0.231303,-0.693435,-0.845892,-0.576331,1.43201,-0.522382
7.89482e-06,0.00015291,0.295735,-0.262226,-0.224308,-0.695557,-0.84236,-0.581351,1.43374,-0.517596
7.8654e-06,0.000152967,0.301771,-0.254364,-0.217291,-0.697611,-0.838796,-0.58635,1.43546,-0.512804
7.83586e-06,0.000153024,0.307632,-0.246354,-0.210253,-0.699596,-0.835203,-0.591328,1.43715,-0.508006
7.80622e-06,0.000153081,0.313312,-0.238199,-0.203194,-0.701513,-0.831579,-0.596284,1.43883,-0.503203
7.77648e-06,0.000153138,0.318807,-0.229904,-0.196115,-0.70336,-0.827924,-0.601219,1.4405,-0.498395
7.74664e-06,0.000153194,0.324113,-0.221472,-0.189017,-0.705138,-0.82424,-0.606132,1.44214,-0.493581
7.71669e-06,0.000153251,0.329228,-0.212909,-0.1819,-0.706847,-0.820526,-0.611022,1.44378,-0.488761
7.68666e-06,0.000153307,0.334146,-0.204219,-0.174765,-0.708486,-0.816782,-0.615891,1.44539,-0.483936
7.65652e-06,0.000153362,0.338864,-0.195407,-0.167613,-0.710055,-0.813008,-0.620737,1.44699,-0.479105
7.6263e-06,0.000153418,0.34338,-0.186478,-0.160444,-0.711553,-0.809204,-0.625561,1.44858,-0.47427
7.59599e-06,0.000153473,0.347689,-0.177437,-0.153259,-0.712981,-0.805372,-0.630362,1.45015,-0.469429
7.5656e-06,0.000153528,0.351788,-0.168288,-0.14606,-0.714339,-0.80151,-0.63514,1.4517,-0.464582
7.53512e-06,0.000153582,0.355674,-0.159038,-0.138846,-0.715626,-0.797618,-0.639894,1.45324,-0.459731
7.50456e-06,0.000153636,0.359345,-0.149691,-0.131618,-0.716842,-0.793698,-0.644626,1.45476,-0.454875
7.47393e-06,0.000153691,0.362797,-0.140253,-0.124377,-0.717987,-0.789749,-0.649334,1.45626,-0.450013
7.44322e-06,0.000153744,0.366029,-0.130729,-0.117123,-0.719061,-0.785771,-0.654018,1.45775,-0.445147
7.41244e-06,0.000153798,0.369037,-0.121125,-0.109858,-0.720063,-0.781765,-0.658679,1.45922,-0.440275
7.38159e-06,0.000153851,0.371819,-0.111448,-0.102582,-0.720994,-0.77773,-0.663316,1.46068,-0.435399
7.35067e-06,0.000153904,0.374373,-0.101702,-0.0952963,-0.721854,-0.773666,-0.667928,1.46212,-0.430518
7.31969e-06,0.000153957,0.376697,-0.0918929,-0.0880008,-0.722641,-0.769575,-0.672516,1.46354,-0.425632
7.28865e-06,0.00015401,0.37879,-0.0820276,-0.0806965,-0.723357,-0.765455,-0.67708,1.46495,-0.420742
7.25754e-06,0.000154062,0.38065,-0.0721118,-0.0733842,-0.724001,-0.761308,-0.681619,1.46634,-0.415846
7.22638e-06,0.000154114,0.382275,-0.0621515,-0.0660646,-0.724572,-0.757133,-0.686133,1.46771,-0.410946
7.19517e-06,0.000154165,0.383665,-0.0521527,-0.0587384,-0.725072,-0.75293,-0.690622,1.46907,-0.406042
7.1639e-06,0.000154217,0.384817,-0.0421217,-0.0514064,-0.725499,-0.7487,-0.695085,1.47041,-0.401133
7.13258e-06,0.000154268,0.385732,-0.0320645,-0.0440692,-0.725854,-0.744442,-0.699524,1.47174,-0.39622
7.10122e-06,0.000154319,0.386409,-0.0219874,-0.0367276,-0.726136,-0.740157,-0.703937,1.47305,-0.391302
7.06981e-06,0.00015437,0.386847,-0.0118967,-0.0293824,-0.726346,-0.735846,-0.708324,1.47434,-0.38638
7.03835e-06,0.00015442,0.387045,-0.00179848,-0.0220342,-0.726483,-0.731507,-0.712685,1.47562,-0.381454
7.00686e-06,0.00015447,0.387005,0.00830093,-0.0146838,-0.726548,-0.727142,-0.717021,1.47688,-0.376523
6.97533e-06,0.00015452,0.386725,0.0183953,-0.00733198,-0.72654,-0.72275,-0.72133,1.47812,-0.371588
6.94376e-06,0.00015457,0.386207,0.0284784,2.06002e-05,-0.72646,-0.718331,-0.725612,1.47935,-0.366649
6.91215e-06,0.000154619,0.38545,0.038544,0.00737317,-0.726307,-0.713887,-0.729869,1.48056,-0.361706
6.88052e-06,0.000154669,0.384456,0.048586,0.014725,-0.726081,-0.709416,-0.734098,1.48175,-0.356759
6.84886e-06,0.000154717,0.383225,0.0585981,0.0220754,-0.725782,-0.704919,-0.738301,1.48293,-0.351809
6.81716e-06,0.000154766,0.381758,0.0685743,0.0294235,-0.725411,-0.700397,-0.742477,1.4841,-0.346854
6.78545e-06,0.000154815,0.380056,0.0785084,0.0367687,-0.724966,-0.695849,-0.746625,1.48524,-0.341895
6.75371e-06,0.000154863,0.378121,0.0883945,0.0441102,-0.72445,-0.691275,-0.750746,1.48637,-0.336933
6.72195e-06,0.000154911,0.375955,0.0982265,0.0514473,-0.72386,-0.686676,-0.75484,1.48748,-0.331966
6.69016e-06,0.000154958,0.373559,0.107999,0.0587793,-0.723198,-0.682053,-0.758906,1.48858,-0.326997
6.65836e-06,0.000155006,0.370935,0.117705,0.0661053,-0.722463,-0.677404,-0.762944,1.48966,-0.322023
6.62655e-06,0.000155053,0.368085,0.127339,0.0734247,-0.721656,-0.67273,-0.766954,1.49072,-0.317046
6.59472e-06,0.0001551,0.365011,0.136897,0.0807367,-0.720776,-0.668031,-0.770937,1.49177,-0.312066
6.56288e-06,0.000155146,0.361717,0.146371,0.0880406,-0.719823,-0.663309,-0.774891,1.4928,-0.307082
6.53103e-06,0.000155193,0.358203,0.155758,0.0953356,-0.718798,-0.658561,-0.778816,1.49381,-0.302094
6.49918e-06,0.000155239,0.354474,0.16505,0.102621,-0.717701,-0.65379,-0.782713,1.49481,-0.297103
6.46731e-06,0.000155285,0.350532,0.174244,0.109896,-0.716532,-0.648995,-0.786581,1.49579,-0.292109
6.43545e-06,0.00015533,0.34638,0.183333,0.11716,-0.71529,-0.644176,-0.790421,1.49675,-0.287112
6.40358e-06,0.000155376,0.342022,0.192313,0.124412,-0.713976,-0.639333,-0.794231,1.4977,-0.282111
6.37171e-06,0.000155421,0.337459,0.201178,0.131652,-0.712591,-0.634467,-0.798012,1.49863,-0.277108
6.33984e-06,0.000155466,0.332697,0.209924,0.138879,-0.711133,-0.629577,-0.801764,1.49955,-0.272101
6.30797e-06,0.00015551,0.327738,0.218547,0.146091,-0.709604,-0.624665,-0.805487,1.50044,-0.267091
6.27611e-06,0.000155555,0.322587,0.22704,0.153289,-0.708003,-0.619729,-0.80918,1.50133,-0.262079
6.24425e-06,0.000155599,0.317246,0.235401,0.160471,-0.706331,-0.614771,-0.812843,1.50219,-0.257063
6.2124e-06,0.000155643,0.31172,0.243625,0.167637,-0.704588,-0.60979,-0.816476,1.50304,-0.252045
6.18056e-06,0.000155687,0.306013,0.251707,0.174786,-0.702773,-0.604786,-0.820079,1.50387,-0.247024
6.14874e-06,0.00015573,0.300128,0.259643,0.181918,-0.700887,-0.599761,-0.823652,1.50468,-0.242
6.11692e-06,0.000155773,0.294071,0.26743,0.189031,-0.698931,-0.594713,-0.827195,1.50548,-0.236973
6.08512e-06,0.000155816,0.287845,0.275063,0.196125,-0.696904,-0.589643,-0.830707,1.50626,-0.231944
6.05334e-06,0.000155859,0.281454,0.28254,0.203199,-0.694806,-0.584552,-0.834189,1.50703,-0.226912
6.02157e-06,0.000155901,0.274904,0.289856,0.210253,-0.692639,-0.57944,-0.83764,1.50777,-0.221877
5.98982e-06,0.000155944,0.268198,0.297007,0.217285,-0.690401,-0.574305,-0.841061,1.5085,-0.216841
5.9581e-06,0.000155986,0.261341,0.303992,0.224296,-0.688093,-0.56915,-0.84445,1.50922,-0.211801
5.92639e-06,0.000156027,0.254338,0.310807,0.231283,-0.685716,-0.563974,-0.847808,1.50992,-0.20676
5.89471e-06,0.000156069,0.247193,0.317448,0.238248,-0.683269,-0.558777,-0.851135,1.5106,-0.201716
5.86306e-06,0.00015611,0.23991,0.323914,0.245188,-0.680753,-0.553559,-0.85443,1.51126,-0.19667
5.83143e-06,0.000156151,0.232496,0.330201,0.252103,-0.678168,-0.548322,-0.857694,1.51191,-0.191622
5.79983e-06,0.000156192,0.224954,0.336307,0.258993,-0.675515,-0.543063,-0.860927,1.51254,-0.186571
5.76826e-06,0.000156233,0.217289,0.342229,0.265857,-0.672793,-0.537785,-0.864127,1.51315,-0.181519
5.73672e-06,0.000156273,0.209506,0.347966,0.272693,-0.670003,-0.532487,-0.867296,1.51375,-0.176464
5.70521e-06,0.000156313,0.20161,0.353515,0.279502,-0.667145,-0.527169,-0.870433,1.51433,-0.171408
5.67374e-06,0.000156353,0.193606,0.358874,0.286283,-0.664219,-0.521832,-0.873538,1.51489,-0.166349
5.6423e-06,0.000156393,0.185498,0.364041,0.293035,-0.661226,-0.516476,-0.87661,1.51544,-0.161289
5.6109e-06,0.000156432,0.177292,0.369016,0.299757,-0.658166,-0.5111,-0.87965,1.51597,-0.156227
5.57954e-06,0.000156472,0.168993,0.373796,0.306448,-0.655039,-0.505706,-0.882657,1.51648,-0.151164
5.54822e-06,0.000156511,0.160604,0.378379,0.313109,-0.651846,-0.500293,-0.885632,1.51698,-0.146098
5.51694e-06,0.000156549,0.152132,0.382765,0.319738,-0.648587,-0.494861,-0.888574,1.51746,-0.141031
5.4857e-06,0.000156588,0.143581,0.386953,0.326334,-0.645262,-0.489411,-0.891483,1.51792,-0.135963
5.45451e-06,0.000156626,0.134956,0.390941,0.332897,-0.641871,-0.483943,-0.89436,1.51837,-0.130892
5.42337e-06,0.000156664,0.126261,0.394728,0.339427,-0.638415,-0.478457,-0.897203,1.5188,-0.125821
5.39227e-06,0.000156702,0.117502,0.398314,0.345922,-0.634895,-0.472954,-0.900013,1.51921,-0.120748
5.36122e-06,0.00015674,0.108684,0.401699,0.352382,-0.63131,-0.467433,-0.90279,1.5196,-0.115674
5.33022e-06,0.000156777,0.0998105,0.404881,0.358806,-0.627661,-0.461894,-0.905533,1.51998,-0.110598
5.29927e-06,0.000156814,0.0908873,0.40786,0.365194,-0.623948,-0.456339,-0.908243,1.52034,-0.105521
5.26837e-06,0.000156851,0.0819188,0.410636,0.371545,-0.620172,-0.450767,-0.910919,1.52069,-0.100443
5.23753e-06,0.000156888,0.0729097,0.413208,0.377858,-0.616333,-0.445178,-0.913561,1.52102,-0.0953644
5.20674e-06,0.000156925,0.0638647,0.415578,0.384132,-0.612431,-0.439572,-0.916169,1.52133,-0.0902842
5.17601e-06,0.000156961,0.0547884,0.417743,0.390368,-0.608468,-0.43395,-0.918744,1.52162,-0.0852031
5.14534e-06,0.000156997,0.0456855,0.419706,0.396564,-0.604442,-0.428312,-0.921284,1.5219,-0.080121
5.11473e-06,0.000157033,0.0365605,0.421466,0.40272,-0.600355,-0.422658,-0.92379,1.52216,-0.0750381
5.08418e-06,0.000157068,0.0274179,0.423023,0.408835,-0.596207,-0.416989,-0.926262,1.5224,-0.0699543
5.0537e-06,0.000157104,0.0182621,0.424377,0.414908,-0.591999,-0.411304,-0.9287,1.52263,-0.0648697
5.02327e-06,0.000157139,0.00909772,0.42553,0.420939,-0.58773,-0.405603,-0.931103,1.52284,-0.0597844
4.99292e-06,0.000157174,-7.09925e-05,0.426482,0.426928,-0.583402,-0.399888,-0.933472,1.52303,-0.0546984
4.96263e-06,0.000157209,-0.00923967,0.427233,0.432873,-0.579014,-0.394158,-0.935805,1.52321,-0.0496118
4.93241e-06,0.000157243,-0.018404,0.427785,0.438774,-0.574568,-0.388413,-0.938105,1.52337,-0.0445247
4.90225e-06,0.000157278,-0.0275598,0.428138,0.444631,-0.570063,-0.382654,-0.940369,1.52351,-0.0394371
4.87217e-06,0.000157312,-0.0367029,0.428293,0.450443,-0.565501,-0.37688,-0.942598,1.52363,-0.0343491
4.84216e-06,0.000157346,-0.045829,0.428251,0.456209,-0.560881,-0.371093,-0.944792,1.52374,-0.0292606
4.81223e-06,0.00015738,-0.0549343,0.428014,0.461928,-0.556204,-0.365292,-0.946951,1.52383,-0.0241719
4.78237e-06,0.000157413,-0.0640145,0.427582,0.467601,-0.551471,-0.359477,-0.949075,1.52391,-0.0190828
4.75258e-06,0.000157446,-0.0730658,0.426956,0.473226,-0.546682,-0.353648,-0.951164,1.52397,-0.0139936
4.72288e-06,0.000157479,-0.0820842,0.426139,0.478803,-0.541837,-0.347807,-0.953217,1.52401,-0.00890418
4.69325e-06,0.000157512,-0.0910659,0.425131,0.484332,-0.536937,-0.341953,-0.955234,1.52403,-0.00381468
4.66371e-06,0.000157545,-0.100007,0.423934,0.489812,-0.531983,-0.336086,-0.957216,1.52404,0.00127487
4.63424e-06,0.000157577,-0.108904,0.422549,0.495242,-0.526975,-0.330206,-0.959163,1.52403,0.00636441
4.60486e-06,0.00015761,-0.117753,0.420979,0.500621,-0.521913,-0.324314,-0.961073,1.524,0.0114539
4.57557e-06,0.000157642,-0.12655,0.419223,0.50595,-0.516798,-0.31841,-0.962948,1.52396,0.0165432
4.54636e-06,0.000157673,-0.135292,0.417286,0.511228,-0.511631,-0.312494,-0.964787,1.5239,0.0216324
4.51724e-06,0.000157705,-0.143976,0.415167,0.516453,-0.506412,-0.306567,-0.96659,1.52382,0.0267213
4.4882e-06,0.000157737,-0.152597,0.412869,0.521627,-0.501142,-0.300628,-0.968357,1.52373,0.0318099
4.45926e-06,0.000157768,-0.161153,0.410393,0.526747,-0.495821,-0.294677,-0.970088,1.52362,0.0368982
4.43041e-06,0.000157799,-0.169639,0.407743,0.531815,-0.49045,-0.288716,-0.971782,1.52349,0.0419861
4.40165e-06,0.00015783,-0.178054,0.404918,0.536828,-0.485029,-0.282744,-0.97344,1.52334,0.0470735
4.37299e-06,0.00015786,-0.186393,0.401923,0.541787,-0.479559,-0.276762,-0.975062,1.52318,0.0521603
4.34442e-06,0.000157891,-0.194654,0.398757,0.546691,-0.47404,-0.270769,-0.976648,1.523,0.0572467
4.31595e-06,0.000157921,-0.202832,0.395425,0.55154,-0.468473,-0.264766,-0.978197,1.52281,0.0623323
4.28758e-06,0.000157951,-0.210926,0.391927,0.556333,-0.462859,-0.258753,-0.979709,1.5226,0.0674173
4.2593e-06,0.000157981,-0.218933,0.388266,0.561069,-0.457198,-0.25273,-0.981185,1.52237,0.0725016
4.23113e-06,0.00015801,-0.226848,0.384444,0.565749,-0.451491,-0.246698,-0.982624,1.52212,0.077585
4.20306e-06,0.00015804,-0.23467,0.380464,0.570371,-0.445738,-0.240657,-0.984026,1.52186,0.0826676
4.17509e-06,0.000158069,-0.242395,0.376327,0.574936,-0.43994,-0.234607,-0.985392,1.52158,0.0877493
4.14723e-06,0.000158098,-0.250021,0.372037,0.579443,-0.434097,-0.228548,-0.986721,1.52128,0.0928299
4.11948e-06,0.000158127,-0.257545,0.367594,0.583891,-0.428211,-0.22248,-0.988012,1.52097,0.0979096
4.09183e-06,0.000158155,-0.264965,0.363002,0.588281,-0.422281,-0.216405,-0.989267,1.52064,0.102988
4.06429e-06,0.000158184,-0.272277,0.358264,0.59261,-0.416308,-0.210321,-0.990485,1.52029,0.108066
4.03686e-06,0.000158212,-0.279479,0.353381,0.59688,-0.410294,-0.204229,-0.991665,1.51993,0.113142
4.00954e-06,0.00015824,-0.286569,0.348356,0.60109,-0.404238,-0.198129,-0.992809,1.51955,0.118217
3.98233e-06,0.000158268,-0.293545,0.343191,0.605239,-0.398141,-0.192022,-0.993915,1.51915,0.123291
3.95524e-06,0.000158296,-0.300403,0.33789,0.609327,-0.392004,-0.185908,-0.994984,1.51874,0.128363
3.92826e-06,0.000158323,-0.307141,0.332454,0.613353,-0.385828,-0.179787,-0.996015,1.5183,0.133434
3.9014e-06,0.000158351,-0.313758,0.326886,0.617318,-0.379612,-0.173659,-0.997009,1.51786,0.138503
3.87466e-06,0.000158378,-0.32025,0.321189,0.62122,-0.373359,-0.167525,-0.997966,1.51739,0.143571
3.84803e-06,0.000158405,-0.326617,0.315366,0.62506,-0.367067,-0.161384,-0.998886,1.51691,0.148637
3.82153e-06,0.000158432,-0.332855,0.309419,0.628837,-0.360739,-0.155237,-0.999767,1.51641,0.153702
3.79514e-06,0.000158458,-0.338962,0.30335,0.632551,-0.354374,-0.149085,-1.00061,1.5159,0.158765
3.76888e-06,0.000158485,-0.344937,0.297163,0.6362,-0.347974,-0.142927,-1.00142,1.51536,0.163826
3.74275e-06,0.000158511,-0.350777,0.29086,0.639786,-0.341539,-0.136763,-1.00219,1.51481,0.168886
3.71673e-06,0.000158537,-0.356481,0.284444,0.643308,-0.335069,-0.130594,-1.00292,1.51425,0.173943
3.69085e-06,0.000158563,-0.362046,0.277917,0.646765,-0.328566,-0.124421,-1.00361,1.51367,0.178999
3.66509e-06,0.000158589,-0.367472,0.271283,0.650156,-0.322029,-0.118243,-1.00427,1.51307,0.184052
3.63945e-06,0.000158614,-0.372755,0.264545,0.653483,-0.31546,-0.11206,-1.00489,1.51245,0.189104
3.61395e-06,0.000158639,-0.377894,0.257704,0.656744,-0.30886,-0.105873,-1.00547,1.51182,0.194154
3.58858e-06,0.000158665,-0.382889,0.250764,0.659939,-0.302228,-0.0996821,-1.00601,1.51117,0.199201
3.56334e-06,0.00015869,-0.387736,0.243728,0.663068,-0.295566,-0.0934875,-1.00651,1.5105,0.204246
3.53823e-06,0.000158714,-0.392434,0.236598,0.66613,-0.288875,-0.0872893,-1.00698,1.50982,0.209289
3.51326e-06,0.000158739,-0.396982,0.229378,0.669125,-0.282154,-0.0810879,-1.00741,1.50912,0.214329
3.48842e-06,0.000158764,-0.401378,0.222071,0.672054,-0.275405,-0.0748834,-1.0078,1.5084,0.219368
3.46372e-06,0.000158788,-0.405622,0.214678,0.674915,-0.268629,-0.068676,-1.00815,1.50767,0.224403
3.43916e-06,0.000158812,-0.40971,0.207204,0.677708,-0.261825,-0.0624661,-1.00847,1.50692,0.229437
3.41473e-06,0.000158836,-0.413643,0.199651,0.680434,-0.254996,-0.0562538,-1.00875,1.50615,0.234467
3.39044e-06,0.00015886,-0.417418,0.192023,0.683092,-0.248141,-0.0500394,-1.00898,1.50537,0.239496
3.3663e-06,0.000158884,-0.421035,0.184321,0.685681,-0.241261,-0.0438231,-1.00918,1.50457,0.244521
3.34229e-06,0.000158907,-0.424492,0.176549,0.688202,-0.234357,-0.0376052,-1.00935,1.50375,0.249544
3.31843e-06,0.000158931,-0.427788,0.168711,0.690654,-0.227429,-0.0313858,-1.00947,1.50292,0.254564
3.29471e-06,0.000158954,-0.430922,0.160809,0.693037,-0.220479,-0.0251653,-1.00956,1.50207,0.259581
3.27114e-06,0.000158977,-0.433893,0.152846,0.695351,-0.213507,-0.0189438,-1.00961,1.5012,0.264595
3.24771e-06,0.000159,-0.436699,0.144825,0.697596,-0.206514,-0.0127216,-1.00962,1.50032,0.269607
3.22443e-06,0.000159023,-0.43934,0.136749,0.699771,-0.1995,-0.00649891,-1.00959,1.49942,0.274615
3.20129e-06,0.000159045,-0.441815,0.128622,0.701877,-0.192466,-0.000275972,-1.00952,1.49851,0.279621
3.17831e-06,0.000159068,-0.444123,0.120446,0.703912,-0.185412,0.00594698,-1.00942,1.49757,0.284623
3.15547e-06,0.00015909,-0.446263,0.112224,0.705878,-0.178341,0.0121697,-1.00928,1.49662,0.289622
3.13278e-06,0.000159112,-0.448235,0.103961,0.707773,-0.171252,0.018392,-1.0091,1.49566,0.294618
3.11025e-06,0.000159134,-0.450037,0.0956577,0.709598,-0.164145,0.0246135,-1.00888,1.49467,0.29961
3.08787e-06,0.000159156,-0.451668,0.0873185,0.711352,-0.157022,0.0308342,-1.00862,1.49368,0.3046
3.06564e-06,0.000159178,-0.453129,0.0789464,0.713036,-0.149884,0.0370536,-1.00832,1.49266,0.309586
3.04357e-06,0.000159199,-0.454418,0.0705444,0.714649,-0.142731,0.0432717,-1.00799,1.49163,0.314568
3.02165e-06,0.000159221,-0.455535,0.0621158,0.716192,-0.135563,0.0494881,-1.00762,1.49058,0.319547
2.99988e-06,0.000159242,-0.456479,0.0536637,0.717663,-0.128383,0.0557027,-1.00721,1.48951,0.324523
2.97828e-06,0.000159263,-0.45725,0.0451913,0.719063,-0.121189,0.0619151,-1.00676,1.48843,0.329495
2.95683e-06,0.000159284,-0.457847,0.0367018,0.720392,-0.113983,0.0681252,-1.00628,1.48733,0.334463
2.93554e-06,0.000159305,-0.45827,0.0281984,0.72165,-0.106767,0.0743327,-1.00575,1.48622,0.339428
2.91441e-06,0.000159325,-0.458519,0.0196843,0.722836,-0.0995391,0.0805374,-1.00519,1.48509,0.344389
2.89344e-06,0.000159346,-0.458594,0.0111628,0.723951,-0.0923018,0.0867391,-1.00459,1.48394,0.349346
2.87263e-06,0.000159366,-0.458493,0.00263711,0.724994,-0.0850554,0.0929374,-1.00395,1.48278,0.354299
2.85198e-06,0.000159387,-0.458217,-0.00588954,0.725966,-0.0778005,0.0991323,-1.00328,1.4816,0.359248
2.83149e-06,0.000159407,-0.457766,-0.0144139,0.726866,-0.070538,0.105323,-1.00256,1.4804,0.364193
2.81117e-06,0.000159427,-0.45714,-0.0229326,0.727695,-0.0632685,0.11151,-1.00181,1.47919,0.369135
2.79101e-06,0.000159447,-0.456338,-0.0314425,0.728452,-0.0559927,0.117693,-1.00102,1.47796,0.374072
2.77102e-06,0.000159467,-0.45536,-0.0399403,0.729137,-0.0487114,0.123872,-1.00019,1.47671,0.379005
2.7512e-06,0.000159486,-0.454208,-0.0484225,0.729751,-0.0414253,0.130045,-0.999322,1.47545,0.383934
2.73154e-06,0.000159506,-0.452879,-0.0568861,0.730292,-0.0341352,0.136214,-0.998417,1.47417,0.388858
2.71204e-06,0.000159525,-0.451376,-0.0653275,0.730762,-0.0268416,0.142378,-0.997474,1.47287,0.393778
2.69272e-06,0.000159545,-0.449697,-0.0737436,0.73116,-0.0195454,0.148536,-0.996493,1.47156,0.398694
2.67356e-06,0.000159564,-0.447844,-0.0821309,0.731487,-0.0122473,0.154688,-0.995475,1.47024,0.403606
2.65458e-06,0.000159583,-0.445816,-0.0904862,0.731742,-0.00494792,0.160835,-0.994419,1.46889,0.408513
2.63576e-06,0.000159602,-0.443614,-0.0988061,0.731925,0.00235193,0.166975,-0.993324,1.46753,0.413415
2.61711e-06,0.00015962,-0.441238,-0.107087,0.732036,0.00965157,0.173109,-0.992192,1.46615,0.418313
2.59864e-06,0.000159639,-0.438689,-0.115326,0.732076,0.0169503,0.179237,-0.991023,1.46476,0.423206
2.58034e-06,0.000159658,-0.435968,-0.12352,0.732044,0.0242473,0.185358,-0.989815,1.46335,0.428095
2.56221e-06,0.000159676,-0.433074,-0.131664,0.73194,0.0315421,0.191471,-0.98857,1.46193,0.432979
2.54426e-06,0.000159695,-0.430008,-0.139757,0.731765,0.0388337,0.197578,-0.987287,1.46049,0.437858
2.52647e-06,0.000159713,-0.426772,-0.147794,0.731519,0.0461216,0.203677,-0.985967,1.45903,0.442732
2.50887e-06,0.000159731,-0.423365,-0.155771,0.731201,0.053405,0.209768,-0.984609,1.45756,0.447602
2.49144e-06,0.000159749,-0.419789,-0.163687,0.730813,0.0606832,0.215851,-0.983213,1.45607,0.452466
2.47418e-06,0.000159767,-0.416045,-0.171537,0.730352,0.0679555,0.221926,-0.98178,1.45456,0.457325
2.4571e-06,0.000159785,-0.412133,-0.179317,0.729821,0.0752212,0.227992,-0.980309,1.45304,0.46218
2.4402e-06,0.000159802,-0.408054,-0.187025,0.729219,0.0824796,0.23405,-0.978802,1.4515,0.467029
2.42348e-06,0.00015982,-0.40381,-0.194657,0.728546,0.08973,0.240098,-0.977256,1.44995,0.471873
2.40694e-06,0.000159837,-0.399401,-0.20221,0.727802,0.0969717,0.246138,-0.975674,1.44838,0.476712
2.39057e-06,0.000159855,-0.394829,-0.20968,0.726988,0.104204,0.252168,-0.974054,1.44679,0.481546
2.37439e-06,0.000159872,-0.390095,-0.217063,0.726103,0.111426,0.258189,-0.972397,1.44519,0.486374
2.35838e-06,0.000159889,-0.3852,-0.224358,0.725148,0.118638,0.2642,-0.970703,1.44357,0.491197
2.34255e-06,0.000159906,-0.380146,-0.231559,0.724123,0.125838,0.2702,-0.968972,1.44194,0.496014
2.32691e-06,0.000159923,-0.374934,-0.238664,0.723027,0.133026,0.276191,-0.967204,1.44029,0.500826
2.31145e-06,0.00015994,-0.369565,-0.24567,0.721862,0.1402,0.28217,-0.965399,1.43862,0.505632
2.29617e-06,0.000159957,-0.364042,-0.252572,0.720627,0.147362,0.288139,-0.963556,1.43694,0.510433
2.28107e-06,0.000159974,-0.358365,-0.259368,0.719322,0.154509,0.294097,-0.961678,1.43524,0.515228
2.26616e-06,0.00015999,-0.352536,-0.266054,0.717948,0.161642,0.300044,-0.959762,1.43353,0.520018
2.25143e-06,0.000160007,-0.346558,-0.272627,0.716505,0.168758,0.305979,-0.95781,1.4318,0.524802
2.23689e-06,0.000160023,-0.340432,-0.279084,0.714992,0.175859,0.311903,-0.955821,1.43005,0.529579
2.22253e-06,0.00016004,-0.33416,-0.285421,0.713411,0.182942,0.317814,-0.953795,1.42829,0.534351
2.20836e-06,0.000160056,-0.327744,-0.291635,0.711761,0.190009,0.323714,-0.951733,1.42652,0.539118
2.19437e-06,0.000160072,-0.321186,-0.297722,0.710043,0.197056,0.329601,-0.949634,1.42472,0.543878
2.18057e-06,0.000160088,-0.314488,-0.30368,0.708257,0.204085,0.335475,-0.9475,1.42291,0.548632
2.16695e-06,0.000160104,-0.307653,-0.309505,0.706403,0.211095,0.341337,-0.945328,1.42109,0.55338
2.15353e-06,0.00016012,-0.300682,-0.315194,0.704481,0.218084,0.347186,-0.943121,1.41925,0.558122
2.14029e-06,0.000160136,-0.293579,-0.320744,0.702492,0.225052,0.353021,-0.940878,1.41739,0.562858
2.12724e-06,0.000160152,-0.286345,-0.326151,0.700435,0.231999,0.358843,-0.938598,1.41552,0.567587
2.11438e-06,0.000160168,-0.278983,-0.331412,0.698311,0.238923,0.364651,-0.936282,1.41364,0.572311
2.10171e-06,0.000160183,-0.271496,-0.336524,0.696121,0.245825,0.370445,-0.933931,1.41173,0.577028
2.08923e-06,0.000160199,-0.263887,-0.341485,0.693864,0.252703,0.376224,-0.931544,1.40982,0.581738
2.07694e-06,0.000160214,-0.256158,-0.346291,0.691541,0.259557,0.38199,-0.929121,1.40788,0.586442
2.06484e-06,0.00016023,-0.248312,-0.350938,0.689152,0.266387,0.38774,-0.926662,1.40593,0.59114
2.05293e-06,0.000160245,-0.240352,-0.355424,0.686697,0.273191,0.393476,-0.924168,1.40397,0.595831
2.04121e-06,0.000160261,-0.232281,-0.359747,0.684177,0.279969,0.399197,-0.921638,1.40199,0.600516
2.02969e-06,0.000160276,-0.224103,-0.363902,0.681592,0.28672,0.404902,-0.919073,1.39999,0.605194
2.01836e-06,0.000160291,-0.21582,-0.367888,0.678942,0.293445,0.410592,-0.916473,1.39798,0.609865
2.00722e-06,0.000160306,-0.207435,-0.371701,0.676228,0.300141,0.416266,-0.913838,1.39595,0.61453
1.99628e-06,0.000160321,-0.198953,-0.375338,0.673449,0.306809,0.421925,-0.911167,1.39391,0.619187
1.98553e-06,0.000160336,-0.190376,-0.378798,0.670607,0.313448,0.427566,-0.908462,1.39185,0.623838
1.97497e-06,0.000160351,-0.181709,-0.382076,0.667701,0.320057,0.433192,-0.905721,1.38978,0.628482
1.96461e-06,0.000160366,-0.172954,-0.385171,0.664731,0.326636,0.438801,-0.902946,1.38769,0.633119
1.95445e-06,0.000160381,-0.164116,-0.38808,0.661699,0.333184,0.444393,-0.900136,1.38559,0.637749
1.94448e-06,0.000160395,-0.155198,-0.390801,0.658605,0.3397,0.449968,-0.897291,1.38347,0.642372
1.93471e-06,0.00016041,-0.146205,-0.39333,0.655448,0.346184,0.455525,-0.894412,1.38133,0.646988
1.92513e-06,0.000160425,-0.137139,-0.395667,0.652229,0.352636,0.461066,-0.891499,1.37918,0.651597
1.91576e-06,0.000160439,-0.128006,-0.397807,0.648949,0.359055,0.466588,-0.888551,1.37702,0.656198
1.90658e-06,0.000160454,-0.118809,-0.39975,0.645608,0.365439,0.472092,-0.885569,1.37484,0.660792
1.89759e-06,0.000160468,-0.109553,-0.401493,0.642205,0.37179,0.477579,-0.882553,1.37264,0.665379
1.88881e-06,0.000160483,-0.100241,-0.403034,0.638743,0.378105,0.483046,-0.879503,1.37043,0.669959
1.88023e-06,0.000160497,-0.0908793,-0.40437,0.63522,0.384385,0.488496,-0.876419,1.36821,0.674531
1.87184e-06,0.000160511,-0.0814709,-0.405501,0.631638,0.390629,0.493926,-0.873302,1.36597,0.679096
1.86366e-06,0.000160526,-0.0720208,-0.406425,0.627997,0.396836,0.499338,-0.870151,1.36371,0.683653
1.85568e-06,0.00016054,-0.0625337,-0.407139,0.624296,0.403006,0.50473,-0.866966,1.36144,0.688203
1.84789e-06,0.000160554,-0.0530142,-0.407642,0.620537,0.409138,0.510103,-0.863748,1.35915,0.692745
1.84031e-06,0.000160568,-0.0434671,-0.407933,0.61672,0.415232,0.515456,-0.860496,1.35685,0.69728
1.83293e-06,0.000160582,-0.0338972,-0.40801,0.612846,0.421287,0.520789,-0.857212,1.35454,0.701806
1.82576e-06,0.000160597,-0.0243094,-0.407872,0.608914,0.427302,0.526103,-0.853894,1.35221,0.706325
1.81878e-06,0.000160611,-0.0147088,-0.407517,0.604925,0.433278,0.531396,-0.850544,1.34986,0.710836
1.81201e-06,0.000160625,-0.00510028,-0.406946,0.60088,0.439214,0.536668,-0.84716,1.3475,0.71534
1.80545e-06,0.000160639,0.00451093,-0.406156,0.596778,0.445108,0.54192,-0.843744,1.34512,0.719835
1.79908e-06,0.000160653,0.0141197,-0.405148,0.592621,0.450961,0.547151,-0.840296,1.34273,0.724323
1.79292e-06,0.000160667,0.0237208,-0.40392,0.588409,0.456772,0.552361,-0.836815,1.34033,0.728802
1.78697e-06,0.000160681,0.0333091,-0.402472,0.584142,0.462541,0.557549,-0.833302,1.33791,0.733274
1.78122e-06,0.000160694,0.042879,-0.400803,0.579821,0.468266,0.562716,-0.829757,1.33547,0.737737
1.77568e-06,0.000160708,0.0524254,-0.398914,0.575446,0.473948,0.567861,-0.826179,1.33302,0.742192
1.77034e-06,0.000160722,0.0619428,-0.396804,0.571018,0.479586,0.572985,-0.82257,1.33056,0.746639
1.76521e-06,0.000160736,0.0714257,-0.394473,0.566537,0.48518,0.578086,-0.818929,1.32808,0.751078
1.76028e-06,0.00016075,0.0808686,-0.391922,0.562003,0.490729,0.583165,-0.815256,1.32559,0.755508
1.75557e-06,0.000160764,0.0902662,-0.38915,0.557417,0.496232,0.588221,-0.811552,1.32308,0.75993
1.75106e-06,0.000160777,0.0996127,-0.386158,0.552779,0.501689,0.593255,-0.807817,1.32055,0.764344
1.74676e-06,0.000160791,0.108903,-0.382947,0.548091,0.5071,0.598266,-0.80405,1.31802,0.768749
1.74266e-06,0.000160805,0.118131,-0.379518,0.543352,0.512464,0.603253,-0.800252,1.31546,0.773146
1.73878e-06,0.000160819,0.127291,-0.375871,0.538562,0.517781,0.608218,-0.796424,1.3129,0.777534
1.7351e-06,0.000160832,0.136378,-0.372008,0.533723,0.52305,0.613159,-0.792564,1.31032,0.781914
1.73164e-06,0.000160846,0.145386,-0.36793,0.528835,0.528271,0.618076,-0.788674,1.30772,0.786285
1.72838e-06,0.00016086,0.15431,-0.363638,0.523898,0.533444,0.622969,-0.784754,1.30511,0.790647
1.72533e-06,0.000160873,0.163144,-0.359134,0.518913,0.538567,0.627838,-0.780803,1.30249,0.795001
1.7225e-06,0.000160887,0.171883,-0.35442,0.513881,0.543641,0.632683,-0.776822,1.29985,0.799346
1.71987e-06,0.000160901,0.18052,-0.349497,0.508801,0.548665,0.637504,-0.772811,1.29719,0.803682
1.71745e-06,0.000160915,0.189051,-0.344368,0.503674,0.553638,0.6423,-0.76877,1.29453,0.808009
1.71525e-06,0.000160928,0.19747,-0.339036,0.498501,0.558561,0.647071,-0.764699,1.29184,0.812327
1.71326e-06,0.000160942,0.205772,-0.333501,0.493282,0.563432,0.651817,-0.760599,1.28915,0.816637
1.71147e-06,0.000160956,0.213951,-0.327768,0.488019,0.568252,0.656537,-0.756469,1.28644,0.820937
1.7099e-06,0.00016097,0.222002,-0.321839,0.48271,0.57302,0.661233,-0.75231,1.28371,0.825228
1.70854e-06,0.000160983,0.22992,-0.315716,0.477357,0.577736,0.665903,-0.748122,1.28097,0.82951
1.70739e-06,0.000160997,0.237699,-0.309404,0.471961,0.582398,0.670547,-0.743905,1.27822,0.833783
1.70646e-06,0.000161011,0.245335,-0.302904,0.466522,0.587008,0.675165,-0.739659,1.27545,0.838047
1.70573e-06,0.000161025,0.252823,-0.296221,0.46104,0.591564,0.679757,-0.735384,1.27267,0.842301
1.70522e-06,0.000161038,0.260157,-0.289358,0.455516,0.596066,0.684322,-0.731081,1.26988,0.846546
1.70492e-06,0.000161052,0.267333,-0.282319,0.449951,0.600514,0.688861,-0.72675,1.26707,0.850782
1.70483e-06,0.000161066,0.274346,-0.275108,0.444344,0.604907,0.693374,-0.722391,1.26425,0.855009
1.70495e-06,0.00016108,0.281191,-0.267729,0.438697,0.609245,0.697859,-0.718003,1.26141,0.859226
1.70529e-06,0.000161094,0.287864,-0.260185,0.433011,0.613528,0.702318,-0.713588,1.25856,0.863433
1.70583e-06,0.000161108,0.294361,-0.252482,0.427285,0.617755,0.706749,-0.709145,1.25569,0.867631
1.70659e-06,0.000161122,0.300677,-0.244624,0.42152,0.621926,0.711153,-0.704675,1.25281,0.87182
1.70756e-06,0.000161136,0.306808,-0.236616,0.415717,0.626041,0.715529,-0.700177,1.24992,0.875999
1.70874e-06,0.00016115,0.31275,-0.228461,0.409876,0.630099,0.719878,-0.695652,1.24701,0.880168
1.71013e-06,0.000161164,0.318499,-0.220166,0.403998,0.634099,0.724199,-0.6911,1.24409,0.884327
1.71174e-06,0.000161178,0.324052,-0.211735,0.398084,0.638043,0.728491,-0.686522,1.24116,0.888477
1.71355e-06,0.000161192,0.329404,-0.203173,0.392133,0.641928,0.732756,-0.681916,1.23821,0.892617
1.71557e-06,0.000161207,0.334554,-0.194485,0.386147,0.645756,0.736992,-0.677285,1.23525,0.896747
1.71781e-06,0.000161221,0.339496,-0.185677,0.380126,0.649525,0.741199,-0.672627,1.23228,0.900867
1.72025e-06,0.000161235,0.344229,-0.176754,0.374071,0.653236,0.745378,-0.667943,1.22929,0.904977
1.7229e-06,0.00016125,0.348749,-0.167722,0.367982,0.656888,0.749528,-0.663233,1.22629,0.909077
1.72576e-06,0.000161264,0.353053,-0.158586,0.36186,0.660481,0.753649,-0.658497,1.22327,0.913168
1.72883e-06,0.000161278,0.35714,-0.149352,0.355706,0.664014,0.75774,-0.653736,1.22024,0.917248
1.73211e-06,0.000161293,0.361006,-0.140026,0.349519,0.667487,0.761802,-0.648949,1.2172,0.921318
1.73559e-06,0.000161308,0.364649,-0.130613,0.343301,0.6709,0.765835,-0.644137,1.21414,0.925378
1.73928e-06,0.000161322,0.368067,-0.12112,0.337052,0.674254,0.769838,-0.639301,1.21107,0.929427
1.74317e-06,0.000161337,0.371259,-0.111552,0.330773,0.677546,0.773811,-0.634439,1.20799,0.933467
1.74727e-06,0.000161352,0.374222,-0.101915,0.324464,0.680778,0.777754,-0.629553,1.2049,0.937496
1.75158e-06,0.000161367,0.376956,-0.0922155,0.318126,0.683948,0.781666,-0.624642,1.20179,0.941515
1.75609e-06,0.000161382,0.379458,-0.0824594,0.311759,0.687058,0.785549,-0.619707,1.19866,0.945523
1.7608e-06,0.000161397,0.381728,-0.0726527,0.305365,0.690105,0.789401,-0.614748,1.19553,0.949521
1.76571e-06,0.000161412,0.383765,-0.0628015,0.298943,0.693091,0.793222,-0.609765,1.19238,0.953509
1.77082e-06,0.000161427,0.385568,-0.0529119,0.292495,0.696015,0.797012,-0.604759,1.18922,0.957486
1.77614e-06,0.000161442,0.387136,-0.04299,0.28602,0.698877,0.800772,-0.599729,1.18604,0.961452
1.78165e-06,0.000161457,0.388469,-0.0330419,0.279519,0.701676,0.8045,-0.594676,1.18285,0.965408
1.78736e-06,0.000161473,0.389567,-0.0230738,0.272994,0.704413,0.808198,-0.589599,1.17965,0.969353
1.79327e-06,0.000161488,0.39043,-0.0130916,0.266445,0.707087,0.811863,-0.5845,1.17644,0.973288
1.79937e-06,0.000161504,0.391058,-0.00310141,0.259871,0.709698,0.815498,-0.579378,1.17321,0.977212
1.80567e-06,0.000161519,0.391451,0.00689073,0.253275,0.712245,0.8191,-0.574233,1.16997,0.981125
1.81216e-06,0.000161535,0.39161,0.0168788,0.246655,0.714729,0.822671,-0.569067,1.16672,0.985027
1.81885e-06,0.000161551,0.391535,0.026857,0.240014,0.717149,0.82621,-0.563878,1.16345,0.988918
1.82573e-06,0.000161567,0.391227,0.0368192,0.233352,0.719506,0.829717,-0.558667,1.16017,0.992799
1.83279e-06,0.000161583,0.390688,0.0467598,0.226669,0.721799,0.833191,-0.553434,1.15688,0.996668
1.84005e-06,0.000161599,0.389919,0.0566729,0.219965,0.724027,0.836633,-0.54818,1.15358,1.00053
1.84749e-06,0.000161615,0.38892,0.0665527,0.213242,0.726191,0.840043,-0.542905,1.15026,1.00437
1.85512e-06,0.000161632,0.387693,0.0763937,0.206501,0.728291,0.84342,-0.537608,1.14693,1.00821
1.86294e-06,0.000161648,0.386241,0.0861902,0.19974,0.730326,0.846764,-0.532291,1.14359,1.01204
1.87093e-06,0.000161665,0.384564,0.0959368,0.192962,0.732296,0.850075,-0.526953,1.14023,1.01585
1.87911e-06,0.000161681,0.382664,0.105628,0.186168,0.734202,0.853354,-0.521594,1.13687,1.01965
1.88747e-06,0.000161698,0.380545,0.115258,0.179356,0.736042,0.856599,-0.516215,1.13349,1.02345
1.89601e-06,0.000161715,0.378207,0.124823,0.172529,0.737818,0.85981,-0.510816,1.13009,1.02723
1.90473e-06,0.000161732,0.375654,0.134316,0.165686,0.739528,0.862989,-0.505398,1.12669,1.031
1.91362e-06,0.000161749,0.372888,0.143734,0.158829,0.741172,0.866134,-0.499959,1.12327,1.03475
1.92269e-06,0.000161767,0.36991,0.15307,0.151958,0.742751,0.869245,-0.494501,1.11984,1.0385
1.93193e-06,0.000161784,0.366725,0.16232,0.145073,0.744265,0.872322,-0.489024,1.1164,1.04223
1.94134e-06,0.000161801,0.363335,0.17148,0.138175,0.745713,0.875366,-0.483528,1.11295,1.04596
1.95092e-06,0.000161819,0.359742,0.180544,0.131266,0.747095,0.878375,-0.478013,1.10948,1.04967
1.96067e-06,0.000161837,0.355951,0.189508,0.124344,0.748411,0.88135,-0.47248,1.106,1.05337
1.97059e-06,0.000161855,0.351963,0.198368,0.117412,0.749661,0.884291,-0.466928,1.10251,1.05706
1.98067e-06,0.000161873,0.347783,0.207119,0.110469,0.750845,0.887198,-0.461358,1.09901,1.06074
1.99091e-06,0.000161891,0.343412,0.215758,0.103517,0.751963,0.89007,-0.45577,1.09549,1.0644
2.00131e-06,0.000161909,0.338856,0.22428,0.0965557,0.753015,0.892907,-0.450164,1.09196,1.06806
2.01188e-06,0.000161927,0.334117,0.232681,0.0895857,0.754001,0.89571,-0.444541,1.08842,1.0717
2.0226e-06,0.000161946,0.329199,0.240957,0.0826079,0.75492,0.898478,-0.4389,1.08487,1.07533
2.03347e-06,0.000161965,0.324106,0.249105,0.0756228,0.755773,0.901211,-0.433242,1.08131,1.07895
2.0445e-06,0.000161983,0.318841,0.257121,0.0686311,0.75656,0.903909,-0.427568,1.07773,1.08255
2.05568e-06,0.000162002,0.313408,0.265002,0.0616334,0.75728,0.906572,-0.421877,1.07415,1.08615
2.06702e-06,0.000162022,0.30781,0.272744,0.0546302,0.757934,0.909199,-0.416169,1.07055,1.08973
2.0785e-06,0.000162041,0.302052,0.280343,0.0476223,0.758521,0.911791,-0.410445,1.06694,1.0933
2.09012e-06,0.00016206,0.296138,0.287798,0.0406101,0.759042,0.914348,-0.404706,1.06332,1.09686
2.10189e-06,0.00016208,0.290071,0.295104,0.0335945,0.759496,0.916869,-0.39895,1.05968,1.10041
2.11381e-06,0.000162099,0.283855,0.30226,0.0265758,0.759884,0.919355,-0.393179,1.05604,1.10394
2.12586e-06,0.000162119,0.277495,0.309261,0.0195549,0.760205,0.921804,-0.387393,1.05238,1.10746
2.13806e-06,0.000162139,0.270995,0.316106,0.0125322,0.76046,0.924218,-0.381592,1.04871,1.11097
2.15039e-06,0.000162159,0.264358,0.322792,0.00550843,0.760648,0.926596,-0.375776,1.04503,1.11447
2.16285e-06,0.000162179,0.257589,0.329317,-0.00151581,0.760769,0.928938,-0.369945,1.04134,1.11796
2.17545e-06,0.0001622,0.250691,0.335678,-0.00853993,0.760824,0.931243,-0.364099,1.03763,1.12143
2.18818e-06,0.00016222,0.24367,0.341873,-0.0155633,0.760813,0.933513,-0.35824,1.03392,1.12489
2.20104e-06,0.000162241,0.236529,0.3479,-0.0225853,0.760735,0.935746,-0.352367,1.03019,1.12834
2.21403e-06,0.000162262,0.229273,0.353757,-0.0296053,0.760591,0.937943,-0.34648,1.02646,1.13178
2.22714e-06,0.000162283,0.221905,0.359443,-0.0366228,0.76038,0.940103,-0.340579,1.02271,1.1352
2.24037e-06,0.000162304,0.21443,0.364954,-0.043637,0.760103,0.942227,-0.334665,1.01895,1.13861
2.25373e-06,0.000162325,0.206851,0.370291,-0.0506475,0.75976,0.944314,-0.328739,1.01518,1.14201
2.26721e-06,0.000162347,0.199174,0.375451,-0.0576535,0.75935,0.946364,-0.322799,1.01139,1.1454
2.2808e-06,0.000162369,0.191403,0.380433,-0.0646545,0.758874,0.948378,-0.316847,1.0076,1.14877
2.29451e-06,0.00016239,0.183541,0.385235,-0.0716499,0.758332,0.950354,-0.310882,1.00379,1.15213
2.30833e-06,0.000162412,0.175593,0.389856,-0.078639,0.757724,0.952294,-0.304906,0.999979,1.15548
2.32227e-06,0.000162434,0.167563,0.394296,-0.0856213,0.75705,0.954197,-0.298917,0.996153,1.15882
2.33631e-06,0.000162457,0.159456,0.398552,-0.0925961,0.756311,0.956062,-0.292917,0.992315,1.16214
2.35046e-06,0.000162479,0.151274,0.402625,-0.0995629,0.755505,0.95789,-0.286906,0.988466,1.16545
2.36472e-06,0.000162502,0.143024,0.406513,-0.106521,0.754634,0.959681,-0.280883,0.984607,1.16875
2.37908e-06,0.000162525,0.134708,0.410216,-0.11347,0.753697,0.961435,-0.274849,0.980737,1.17203
2.39355e-06,0.000162547,0.12633,0.413732,-0.120409,0.752694,0.963152,-0.268805,0.976856,1.1753
2.40811e-06,0.000162571,0.117896,0.417062,-0.127337,0.751626,0.96483,-0.26275,0.972964,1.17856
2.42277e-06,0.000162594,0.109409,0.420204,-0.134255,0.750493,0.966472,-0.256685,0.969062,1.18181
2.43753e-06,0.000162617,0.100873,0.423159,-0.14116,0.749294,0.968076,-0.25061,0.965149,1.18504
2.45238e-06,0.000162641,0.0922922,0.425926,-0.148054,0.748031,0.969642,-0.244526,0.961225,1.18826
2.46732e-06,0.000162665,0.0836706,0.428505,-0.154935,0.746702,0.97117,-0.238431,0.957291,1.19147
2.48235e-06,0.000162688,0.0750121,0.430895,-0.161802,0.745309,0.972661,-0.232328,0.953346,1.19466
2.49747e-06,0.000162713,0.0663209,0.433097,-0.168655,0.743851,0.974113,-0.226215,0.949391,1.19784
2.51268e-06,0.000162737,0.0576007,0.43511,-0.175493,0.742329,0.975528,-0.220094,0.945425,1.20101
2.52797e-06,0.000162761,0.0488557,0.436935,-0.182317,0.740742,0.976905,-0.213964,0.941449,1.20416
2.54334e-06,0.000162786,0.0400895,0.438571,-0.189124,0.739091,0.978244,-0.207826,0.937462,1.2073
2.55879e-06,0.000162811,0.0313062,0.44002,-0.195915,0.737375,0.979545,-0.201679,0.933466,1.21043
2.57433e-06,0.000162836,0.0225094,0.44128,-0.202689,0.735596,0.980808,-0.195525,0.929459,1.21355
2.58993e-06,0.000162861,0.0137032,0.442354,-0.209446,0.733753,0.982033,-0.189364,0.925442,1.21665
2.60562e-06,0.000162886,0.00489109,0.44324,-0.216184,0.731847,0.98322,-0.183194,0.921414,1.21973
2.62137e-06,0.000162911,-0.00392305,0.443939,-0.222904,0.729877,0.984368,-0.177018,0.917377,1.22281
2.6372e-06,0.000162937,-0.0127355,0.444452,-0.229604,0.727844,0.985478,-0.170835,0.913329,1.22587
2.65309e-06,0.000162963,-0.0215427,0.44478,-0.236285,0.725748,0.98655,-0.164645,0.909272,1.22892
2.66905e-06,0.000162989,-0.0303409,0.444923,-0.242945,0.723589,0.987583,-0.158449,0.905204,1.23195
2.68508e-06,0.000163015,-0.0391266,0.444882,-0.249583,0.721367,0.988578,-0.152246,0.901126,1.23497
2.70117e-06,0.000163041,-0.0478961,0.444657,-0.256201,0.719083,0.989535,-0.146038,0.897039,1.23798
2.71732e-06,0.000163067,-0.056646,0.44425,-0.262796,0.716737,0.990453,-0.139824,0.892942,1.24097
2.73353e-06,0.000163094,-0.0653727,0.443662,-0.269368,0.714329,0.991333,-0.133605,0.888835,1.24395
2.74979e-06,0.000163121,-0.0740727,0.442893,-0.275917,0.711859,0.992174,-0.12738,0.884718,1.24692
2.76611e-06,0.000163148,-0.0827427,0.441944,-0.282443,0.709327,0.992977,-0.12115,0.880591,1.24987
2.78249e-06,0.000163175,-0.0913792,0.440816,-0.288943,0.706734,0.993741,-0.114916,0.876455,1.25281
2.79892e-06,0.000163202,-0.0999789,0.439511,-0.295419,0.70408,0.994466,-0.108677,0.872309,1.25573
2.81539e-06,0.00016323,-0.108538,0.438029,-0.301869,0.701365,0.995153,-0.102434,0.868154,1.25864
2.83192e-06,0.000163257,-0.117055,0.436372,-0.308293,0.698589,0.995801,-0.0961874,0.863989,1.26154
2.84849e-06,0.000163285,-0.125524,0.434541,-0.314691,0.695753,0.996411,-0.0899367,0.859815,1.26442
2.86511e-06,0.000163313,-0.133944,0.432538,-0.321061,0.692857,0.996981,-0.0836825,0.855631,1.26729
2.88176e-06,0.000163341,-0.14231,0.430363,-0.327404,0.689901,0.997513,-0.077425,0.851438,1.27015
2.89846e-06,0.00016337,-0.15062,0.428018,-0.333718,0.686885,0.998007,-0.0711645,0.847235,1.27299
2.9152e-06,0.000163398,-0.158871,0.425505,-0.340003,0.68381,0.998461,-0.0649012,0.843023,1.27582
2.93198e-06,0.000163427,-0.16706,0.422824,-0.346259,0.680675,0.998877,-0.0586354,0.838802,1.27863
2.94879e-06,0.000163456,-0.175183,0.419978,-0.352485,0.677482,0.999254,-0.0523673,0.834572,1.28143
2.96563e-06,0.000163485,-0.183237,0.416968,-0.35868,0.674231,0.999592,-0.0460972,0.830332,1.28422
2.98251e-06,0.000163514,-0.19122,0.413795,-0.364845,0.670921,0.999892,-0.0398253,0.826084,1.28699
2.99941e-06,0.000163543,-0.199129,0.410462,-0.370978,0.667553,1.00015,-0.0335518,0.821826,1.28974
3.01635e-06,0.000163573,-0.206961,0.40697,-0.377079,0.664127,1.00037,-0.0272771,0.817559,1.29249
3.03331e-06,0.000163602,-0.214712,0.40332,-0.383147,0.660644,1.00056,-0.0210012,0.813284,1.29522
3.05029e-06,0.000163632,-0.222381,0.399514,-0.389182,0.657104,1.0007,-0.0147246,0.808999,1.29793
3.0673e-06,0.000163662,-0.229964,0.395554,-0.395184,0.653507,1.00081,-0.00844732,0.804706,1.30063
3.08433e-06,0.000163692,-0.237458,0.391443,-0.401151,0.649854,1.00087,-0.00216974,0.800403,1.30332
3.10138e-06,0.000163723,-0.244861,0.387181,-0.407084,0.646144,1.0009,0.00410792,0.796092,1.30599
3.11844e-06,0.000163753,-0.252171,0.382771,-0.412981,0.642379,1.00089,0.0103854,0.791773,1.30865
3.13552e-06,0.000163784,-0.259384,0.378214,-0.418843,0.638558,1.00084,0.0166625,0.787444,1.31129
3.15262e-06,0.000163815,-0.266498,0.373513,-0.424669,0.634682,1.00075,0.022939,0.783107,1.31392
3.16973e-06,0.000163846,-0.27351,0.36867,-0.430457,0.630751,1.00062,0.0292146,0.778761,1.31653
3.18685e-06,0.000163877,-0.280418,0.363686,-0.436209,0.626765,1.00046,0.0354891,0.774407,1.31914
3.20398e-06,0.000163908,-0.287219,0.358564,-0.441923,0.622726,1.00025,0.0417622,0.770044,1.32172
3.22111e-06,0.00016394,-0.293911,0.353306,-0.447599,0.618632,1.00001,0.0480336,0.765673,1.32429
3.23826e-06,0.000163971,-0.300491,0.347913,-0.453236,0.614485,0.999725,0.0543033,0.761294,1.32685
3.2554e-06,0.000164003,-0.306958,0.342389,-0.458833,0.610285,0.999404,0.0605708,0.756906,1.32939
3.27255e-06,0.000164035,-0.313308,0.336735,-0.464392,0.606032,0.999043,0.066836,0.75251,1.33192
3.2897e-06,0.000164067,-0.319539,0.330953,-0.469909,0.601727,0.998644,0.0730986,0.748105,1.33443
3.30685e-06,0.000164099,-0.32565,0.325046,-0.475387,0.59737,0.998207,0.0793584,0.743693,1.33693
3.324e-06,0.000164132,-0.331637,0.319016,-0.480823,0.592961,0.997731,0.0856151,0.739272,1.33941
3.34114e-06,0.000164165,-0.337498,0.312866,-0.486217,0.5885,0.997216,0.0918685,0.734843,1.34188
3.35828e-06,0.000164197,-0.343232,0.306597,-0.49157,0.583989,0.996662,0.0981183,0.730406,1.34434
3.37541e-06,0.00016423,-0.348837,0.300212,-0.49688,0.579427,0.99607,0.104364,0.725961,1.34678
3.39253e-06,0.000164263,-0.354309,0.293714,-0.502147,0.574815,0.995439,0.110606,0.721508,1.3492
3.40964e-06,0.000164297,-0.359647,0.287105,-0.50737,0.570154,0.99477,0.116844,0.717048,1.35161
3.42674e-06,0.00016433,-0.36485,0.280388,-0.512549,0.565442,0.994062,0.123077,0.712579,1.35401
3.44382e-06,0.000164364,-0.369914,0.273564,-0.517684,0.560682,0.993316,0.129306,0.708103,1.35639
3.46089e-06,0.000164397,-0.374838,0.266637,-0.522775,0.555874,0.992531,0.135529,0.703618,1.35875
3.47795e-06,0.000164431,-0.37962,0.259609,-0.527819,0.551017,0.991708,0.141748,0.699126,1.3611
3.49498e-06,0.000164465,-0.384259,0.252482,-0.532819,0.546113,0.990847,0.14796,0.694627,1.36344
3.512e-06,0.0001645,-0.388752,0.24526,-0.537772,0.541161,0.989947,0.154167,0.69012,1.36576
3.52899e-06,0.000164534,-0.393097,0.237945,-0.542678,0.536162,0.989009,0.160368,0.685605,1.36807
3.54596e-06,0.000164568,-0.397293,0.23054,-0.547537,0.531117,0.988033,0.166563,0.681083,1.37036
3.56291e-06,0.000164603,-0.401338,0.223047,-0.552349,0.526026,0.987018,0.172752,0.676553,1.37263
3.57983e-06,0.000164638,-0.40523,0.215469,-0.557113,0.520889,0.985966,0.178934,0.672016,1.37489
3.59673e-06,0.000164673,-0.408967,0.20781,-0.561828,0.515707,0.984875,0.185108,0.667471,1.37714
3.6136e-06,0.000164708,-0.412549,0.20007,-0.566495,0.51048,0.983746,0.191276,0.66292,1.37937
3.63043e-06,0.000164743,-0.415973,0.192255,-0.571113,0.505209,0.982579,0.197436,0.658361,1.38159
3.64724e-06,0.000164778,-0.419238,0.184366,-0.575681,0.499894,0.981374,0.203589,0.653794,1.38379
3.66401e-06,0.000164814,-0.422342,0.176407,-0.580199,0.494536,0.980131,0.209734,0.649221,1.38597
3.68075e-06,0.00016485,-0.425284,0.168379,-0.584666,0.489134,0.978851,0.215871,0.644641,1.38814
3.69745e-06,0.000164886,-0.428062,0.160287,-0.589083,0.48369,0.977532,0.221999,0.640053,1.3903
3.71412e-06,0.000164922,-0.430675,0.152134,-0.593449,0.478205,0.976176,0.228119,0.635458,1.39244
3.73074e-06,0.000164958,-0.433122,0.143921,-0.597763,0.472677,0.974782,0.23423,0.630857,1.39456
3.74733e-06,0.000164994,-0.435401,0.135653,-0.602025,0.467109,0.973351,0.240332,0.626249,1.39667
3.76387e-06,0.00016503,-0.437511,0.127332,-0.606234,0.4615,0.971882,0.246425,0.621633,1.39876
3.78038e-06,0.000165067,-0.439451,0.118962,-0.610391,0.45585,0.970375,0.252508,0.617011,1.40084
3.79684e-06,0.000165104,-0.441219,0.110546,-0.614495,0.450161,0.968831,0.258582,0.612382,1.40291
3.81325e-06,0.00016514,-0.442816,0.102086,-0.618545,0.444433,0.96725,0.264645,0.607747,1.40495
3.82962e-06,0.000165177,-0.444238,0.0935867,-0.622541,0.438666,0.965631,0.270698,0.603105,1.40699
3.84594e-06,0.000165214,-0.445486,0.0850505,-0.626483,0.432861,0.963975,0.276741,0.598456,1.409
3.86221e-06,0.000165252,-0.446558,0.0764808,-0.63037,0.427018,0.962282,0.282774,0.593801,1.41101
3.87843e-06,0.000165289,-0.447454,0.0678809,-0.634203,0.421138,0.960551,0.288795,0.589139,1.41299
3.8946e-06,0.000165326,-0.448173,0.0592542,-0.63798,0.415222,0.958784,0.294805,0.584471,1.41496
3.91071e-06,0.000165364,-0.448713,0.0506039,-0.641701,0.409269,0.95698,0.300804,0.579796,1.41692
3.92678e-06,0.000165402,-0.449074,0.0419336,-0.645367,0.40328,0.955139,0.306791,0.575115,1.41886
3.94278e-06,0.00016544,-0.449255,0.0332465,-0.648976,0.397256,0.953261,0.312767,0.570428,1.42078
3.95873e-06,0.000165478,-0.449255,0.0245461,-0.652528,0.391198,0.951346,0.31873,0.565734,1.42269
3.97463e-06,0.000165516,-0.449075,0.0158359,-0.656023,0.385105,0.949395,0.324681,0.561035,1.42459
3.99046e-06,0.000165554,-0.448713,0.00711931,-0.659461,0.378979,0.947407,0.33062,0.556329,1.42646
4.00624e-06,0.000165592,-0.448168,-0.00160007,-0.662842,0.372819,0.945383,0.336546,0.551617,1.42833
4.02195e-06,0.000165631,-0.447441,-0.0103187,-0.666164,0.366627,0.943322,0.342459,0.546899,1.43017
4.0376e-06,0.00016567,-0.446531,-0.0190331,-0.669428,0.360403,0.941225,0.348359,0.542175,1.432
4.05319e-06,0.000165708,-0.445437,-0.0277396,-0.672633,0.354147,0.939091,0.354245,0.537445,1.43382
4.06871e-06,0.000165747,-0.444159,-0.0364345,-0.67578,0.34786,0.936922,0.360118,0.53271,1.43562
4.08417e-06,0.000165786,-0.442698,-0.0451143,-0.678867,0.341543,0.934717,0.365977,0.527968,1.4374
4.09956e-06,0.000165825,-0.441052,-0.0537753,-0.681894,0.335196,0.932475,0.371821,0.523221,1.43917
4.11488e-06,0.000165865,-0.439222,-0.0624137,-0.684862,0.328819,0.930198,0.377652,0.518468,1.44092
4.13014e-06,0.000165904,-0.437207,-0.0710259,-0.68777,0.322413,0.927885,0.383468,0.513709,1.44266
4.14533e-06,0.000165943,-0.435008,-0.079608,-0.690617,0.31598,0.925536,0.389269,0.508945,1.44438
4.16044e-06,0.000165983,-0.432625,-0.0881564,-0.693404,0.309518,0.923152,0.395056,0.504175,1.44609
4.17549e-06,0.000166023,-0.430058,-0.0966671,-0.696129,0.30303,0.920732,0.400827,0.4994,1.44778
4.19046e-06,0.000166062,-0.427308,-0.105137,-0.698794,0.296514,0.918277,0.406583,0.494619,1.44945
4.20536e-06,0.000166102,-0.424373,-0.113561,-0.701397,0.289973,0.915786,0.412323,0.489833,1.45111
4.22018e-06,0.000166142,-0.421256,-0.121936,-0.703938,0.283406,0.913261,0.418047,0.485041,1.45275
4.23493e-06,0.000166182,-0.417955,-0.130258,-0.706417,0.276814,0.9107,0.423755,0.480244,1.45438
4.24961e-06,0.000166223,-0.414473,-0.138523,-0.708834,0.270198,0.908105,0.429447,0.475442,1.45599
4.2642e-06,0.000166263,-0.410809,-0.146728,-0.711189,0.263558,0.905474,0.435123,0.470635,1.45758
4.27872e-06,0.000166303,-0.406964,-0.154868,-0.713481,0.256895,0.902809,0.440782,0.465822,1.45916
4.29317e-06,0.000166344,-0.40294,-0.162939,-0.71571,0.250209,0.900109,0.446424,0.461005,1.46072
4.30753e-06,0.000166385,-0.398736,-0.170938,-0.717875,0.243501,0.897375,0.452049,0.456182,1.46227
4.32181e-06,0.000166425,-0.394353,-0.17886,-0.719978,0.236771,0.894606,0.457656,0.451355,1.4638
4.33601e-06,0.000166466,-0.389793,-0.186702,-0.722016,0.230021,0.891803,0.463246,0.446522,1.46531
4.35013e-06,0.000166507,-0.385058,-0.194459,-0.723991,0.22325,0.888966,0.468818,0.441685,1.46681
4.36417e-06,0.000166548,-0.380147,-0.202128,-0.725902,0.21646,0.886094,0.474373,0.436843,1.4683
4.37813e-06,0.000166589,-0.375062,-0.209704,-0.727748,0.20965,0.883189,0.479909,0.431996,1.46976
4.392e-06,0.00016663,-0.369805,-0.217184,-0.72953,0.202822,0.88025,0.485426,0.427144,1.47121
4.40579e-06,0.000166671,-0.364378,-0.224564,-0.731248,0.195976,0.877277,0.490925,0.422288,1.47265
4.4195e-06,0.000166713,-0.358781,-0.231839,-0.7329,0.189113,0.87427,0.496406,0.417427,1.47407
4.43312e-06,0.000166754,-0.353016,-0.239006,-0.734488,0.182233,0.87123,0.501867,0.412561,1.47547
4.44665e-06,0.000166796,-0.347085,-0.24606,-0.73601,0.175336,0.868157,0.507309,0.407691,1.47686
4.4601e-06,0.000166837,-0.340991,-0.252998,-0.737467,0.168424,0.865051,0.512732,0.402817,1.47823
4.47346e-06,0.000166879,-0.334734,-0.259816,-0.738858,0.161497,0.861911,0.518135,0.397938,1.47958
4.48674e-06,0.000166921,-0.328318,-0.266509,-0.740184,0.154556,0.858738,0.523518,0.393055,1.48092
4.49992e-06,0.000166963,-0.321743,-0.273074,-0.741444,0.147601,0.855533,0.528881,0.388168,1.48224
4.51302e-06,0.000167005,-0.315013,-0.279507,-0.742638,0.140633,0.852295,0.534224,0.383276,1.48354
4.52603e-06,0.000167047,-0.30813,-0.285804,-0.743765,0.133652,0.849024,0.539547,0.37838,1.48483
4.53896e-06,0.000167089,-0.301096,-0.291961,-0.744827,0.12666,0.845721,0.544849,0.37348,1.48611
4.55179e-06,0.000167131,-0.293913,-0.297974,-0.745821,0.119656,0.842385,0.55013,0.368576,1.48736
4.56454e-06,0.000167173,-0.286586,-0.30384,-0.74675,0.112642,0.839017,0.55539,0.363668,1.4886
4.57719e-06,0.000167215,-0.279115,-0.309554,-0.747611,0.105617,0.835618,0.560629,0.358756,1.48983
4.58976e-06,0.000167258,-0.271505,-0.315114,-0.748406,0.0985832,0.832186,0.565847,0.35384,1.49104
4.60224e-06,0.0001673,-0.263758,-0.320514,-0.749134,0.0915405,0.828723,0.571043,0.34892,1.49223
4.61462e-06,0.000167342,-0.255877,-0.325752,-0.749795,0.0844896,0.825228,0.576217,0.343996,1.49341
4.62692e-06,0.000167385,-0.247866,-0.330824,-0.750389,0.0774311,0.821701,0.581369,0.339069,1.49457
4.63913e-06,0.000167428,-0.239728,-0.335726,-0.750915,0.0703658,0.818143,0.586499,0.334138,1.49571
4.65124e-06,0.00016747,-0.231466,-0.340454,-0.751374,0.0632941,0.814554,0.591607,0.329203,1.49684
4.66327e-06,0.000167513,-0.223084,-0.345007,-0.751766,0.0562168,0.810934,0.596692,0.324265,1.49795
4.6752e-06,0.000167556,-0.214586,-0.349379,-0.752091,0.0491344,0.807283,0.601754,0.319323,1.49904
4.68705e-06,0.000167599,-0.205975,-0.353567,-0.752347,0.0420476,0.803601,0.606794,0.314378,1.50012
4.6988e-06,0.000167641,-0.197255,-0.357569,-0.752536,0.0349571,0.799888,0.61181,0.309429,1.50118
4.71047e-06,0.000167684,-0.188431,-0.361382,-0.752658,0.0278635,0.796145,0.616803,0.304477,1.50222
4.72204e-06,0.000167727,-0.179506,-0.365001,-0.752712,0.0207673,0.792372,0.621772,0.299522,1.50325
4.73352e-06,0.00016777,-0.170485,-0.368424,-0.752697,0.0136693,0.788568,0.626718,0.294563,1.50427
4.74491e-06,0.000167813,-0.161372,-0.371648,-0.752615,0.00657009,0.784735,0.63164,0.289601,1.50526
4.75622e-06,0.000167857,-0.152171,-0.374671,-0.752466,-0.000529712,0.780871,0.636538,0.284636,1.50624
4.76743e-06,0.0001679,-0.142887,-0.377489,-0.752248,-0.00762945,0.776978,0.641412,0.279668,1.50721
4.77855e-06,0.000167943,-0.133525,-0.3801,-0.751962,-0.0147285,0.773056,0.646261,0.274696,1.50815
4.78959e-06,0.000167986,-0.124089,-0.382502,-0.751608,-0.0218262,0.769103,0.651086,0.269722,1.50908
4.80054e-06,0.000168029,-0.114585,-0.384691,-0.751187,-0.0289219,0.765122,0.655886,0.264745,1.51
4.81139e-06,0.000168073,-0.105017,-0.386666,-0.750697,-0.0360149,0.761112,0.660661,0.259765,1.51089
4.82216e-06,0.000168116,-0.0953896,-0.388424,-0.750139,-0.0431047,0.757072,0.665411,0.254782,1.51178
4.83284e-06,0.000168159,-0.0857088,-0.389964,-0.749514,-0.0501906,0.753004,0.670135,0.249797,1.51264
4.84343e-06,0.000168203,-0.0759795,-0.391283,-0.74882,-0.0572719,0.748907,0.674834,0.244808,1.51349
4.85394e-06,0.000168246,-0.0662071,-0.39238,-0.748059,-0.0643479,0.744782,0.679508,0.239817,1.51432
4.86436e-06,0.00016829,-0.0563969,-0.393252,-0.747229,-0.0714182,0.740629,0.684156,0.234824,1.51514
4.87469e-06,0.000168333,-0.0465543,-0.393899,-0.746332,-0.0784819,0.736447,0.688778,0.229828,1.51593
4.88494e-06,0.000168377,-0.0366849,-0.394319,-0.745366,-0.0855384,0.732238,0.693373,0.224829,1.51672
4.8951e-06,0.00016842,-0.0267942,-0.39451,-0.744333,-0.0925872,0.728,0.697943,0.219828,1.51748
4.90518e-06,0.000168464,-0.016888,-0.394473,-0.743232,-0.0996275,0.723735,0.702485,0.214824,1.51823
4.91517e-06,0.000168508,-0.00697193,-0.394205,-0.742063,-0.106659,0.719443,0.707002,0.209818,1.51896
4.92508e-06,0.000168551,0.00294823,-0.393705,-0.740827,-0.11368,0.715123,0.711491,0.20481,1.51968
4.9349e-06,0.000168595,0.0128667,-0.392975,-0.739523,-0.120691,0.710776,0.715954,0.1998,1.52038
4.94465e-06,0.000168639,0.0227775,-0.392012,-0.738151,-0.127691,0.706403,0.720389,0.194787,1.52106
4.95431e-06,0.000168682,0.0326748,-0.390816,-0.736712,-0.13468,0.702002,0.724797,0.189773,1.52173
4.96389e-06,0.000168726,0.0425527,-0.389388,-0.735205,-0.141656,0.697575,0.729178,0.184756,1.52238
4.97339e-06,0.00016877,0.0524052,-0.387728,-0.733631,-0.148619,0.693121,0.733531,0.179737,1.52301
4.98281e-06,0.000168814,0.0622264,-0.385835,-0.73199,-0.155568,0.688642,0.737856,0.174717,1.52363
4.99215e-06,0.000168857,0.0720101,-0.38371,-0.730281,-0.162503,0.684136,0.742153,0.169694,1.52423
5.00141e-06,0.000168901,0.0817505,-0.381355,-0.728506,-0.169423,0.679604,0.746422,0.164669,1.52481
5.01059e-06,0.000168945,0.0914415,-0.378768,-0.726664,-0.176328,0.675047,0.750663,0.159643,1.52538
5.0197e-06,0.000168989,0.101077,-0.375953,-0.724755,-0.183216,0.670464,0.754876,0.154615,1.52593
5.02873e-06,0.000169033,0.110651,-0.372908,-0.722779,-0.190088,0.665855,0.75906,0.149586,1.52646
5.03769e-06,0.000169077,0.120158,-0.369637,-0.720737,-0.196942,0.661222,0.763215,0.144554,1.52698
5.04657e-06,0.00016912,0.129592,-0.36614,-0.718628,-0.203777,0.656563,0.767342,0.139522,1.52748
5.05537e-06,0.000169164,0.138946,-0.362419,-0.716453,-0.210594,0.65188,0.771439,0.134487,1.52797
5.06411e-06,0.000169208,0.148216,-0.358477,-0.714212,-0.217392,0.647172,0.775508,0.129451,1.52843
5.07277e-06,0.000169252,0.157394,-0.354314,-0.711905,-0.224169,0.64244,0.779547,0.124414,1.52888
5.08136e-06,0.000169296,0.166476,-0.349933,-0.709532,-0.230926,0.637683,0.783556,0.119376,1.52932
5.08987e-06,0.00016934,0.175455,-0.345337,-0.707093,-0.237661,0.632902,0.787537,0.114336,1.52974
5.09832e-06,0.000169384,0.184326,-0.340528,-0.704589,-0.244375,0.628098,0.791487,0.109295,1.53014
5.1067e-06,0.000169428,0.193084,-0.335509,-0.70202,-0.251065,0.62327,0.795407,0.104252,1.53052
5.11501e-06,0.000169472,0.201722,-0.330283,-0.699385,-0.257733,0.618418,0.799298,0.0992088,1.53089
5.12325e-06,0.000169515,0.210236,-0.324853,-0.696686,-0.264376,0.613543,0.803158,0.0941642,1.53124
5.13143e-06,0.000169559,0.21862,-0.319222,-0.693922,-0.270995,0.608644,0.806989,0.0891187,1.53158
5.13954e-06,0.000169603,0.226869,-0.313394,-0.691094,-0.277589,0.603723,0.810788,0.0840722,1.53189
5.14758e-06,0.000169647,0.234978,-0.307372,-0.688201,-0.284156,0.598779,0.814557,0.0790247,1.53219
5.15556e-06,0.000169691,0.242941,-0.30116,-0.685244,-0.290698,0.593813,0.818296,0.0739765,1.53248
5.16348e-06,0.000169735,0.250754,-0.294762,-0.682223,-0.297212,0.588824,0.822004,0.0689274,1.53275
5.17133e-06,0.000169779,0.258413,-0.288181,-0.679139,-0.303699,0.583813,0.82568,0.0638775,1.533
5.17912e-06,0.000169823,0.265912,-0.281423,-0.675992,-0.310157,0.57878,0.829326,0.058827,1.53323
5.18684e-06,0.000169867,0.273247,-0.27449,-0.672781,-0.316586,0.573725,0.832941,0.0537758,1.53345
5.19451e-06,0.000169911,0.280413,-0.267389,-0.669507,-0.322985,0.568649,0.836524,0.0487241,1.53365
5.20212e-06,0.000169955,0.287407,-0.260123,-0.666171,-0.329355,0.563551,0.840075,0.0436718,1.53384
5.20967e-06,0.000169999,0.294224,-0.252697,-0.662772,-0.335693,0.558432,0.843596,0.038619,1.534
5.21716e-06,0.000170042,0.300861,-0.245115,-0.659312,-0.342,0.553292,0.847084,0.0335658,1.53416
5.22459e-06,0.000170086,0.307313,-0.237383,-0.655789,-0.348275,0.548132,0.85054,0.0285123,1.53429
5.23196e-06,0.00017013,0.313577,-0.229506,-0.652205,-0.354518,0.54295,0.853965,0.0234584,1.53441
5.23928e-06,0.000170174,0.31965,-0.221489,-0.64856,-0.360727,0.537749,0.857358,0.0184043,1.53451
5.24654e-06,0.000170218,0.325528,-0.213336,-0.644853,-0.366902,0.532527,0.860718,0.01335,1.53459
5.25374e-06,0.000170262,0.331208,-0.205054,-0.641086,-0.373042,0.527285,0.864046,0.00829557,1.53466
5.26089e-06,0.000170306,0.336687,-0.196647,-0.637259,-0.379148,0.522023,0.867342,0.00324103,1.53471
5.26799e-06,0.00017035,0.341962,-0.188121,-0.633372,-0.385217,0.516742,0.870605,-0.00181354,1.53475
5.27503e-06,0.000170394,0.347031,-0.179482,-0.629425,-0.391251,0.511441,0.873835,-0.0068681,1.53477
5.28202e-06,0.000170438,0.351891,-0.170735,-0.625418,-0.397247,0.506121,0.877033,-0.0119226,1.53477
5.28895e-06,0.000170481,0.356541,-0.161885,-0.621353,-0.403206,0.500783,0.880198,-0.0169769,1.53475
5.29584e-06,0.000170525,0.360977,-0.152938,-0.617229,-0.409126,0.495425,0.88333,-0.0220311,1.53472
5.30267e-06,0.000170569,0.365198,-0.1439,-0.613046,-0.415008,0.490049,0.886428,-0.027085,1.53467
5.30945e-06,0.000170613,0.369202,-0.134776,-0.608805,-0.420851,0.484654,0.889494,-0.0321387,1.53461
5.31618e-06,0.000170657,0.372988,-0.125573,-0.604507,-0.426654,0.479242,0.892526,-0.037192,1.53452
5.32287e-06,0.000170701,0.376554,-0.116295,-0.600152,-0.432416,0.473811,0.895525,-0.0422448,1.53443
5.3295e-06,0.000170745,0.379899,-0.106949,-0.595739,-0.438138,0.468363,0.89849,-0.0472973,1.53431
5.33608e-06,0.000170788,0.383022,-0.0975404,-0.59127,-0.443817,0.462897,0.901422,-0.0523492,1.53418
5.34261e-06,0.000170832,0.385921,-0.0880749,-0.586745,-0.449455,0.457414,0.90432,-0.0574005,1.53403
5.3491e-06,0.000170876,0.388597,-0.0785582,-0.582163,-0.45505,0.451914,0.907184,-0.0624512,1.53386
5.35554e-06,0.00017092,0.391049,-0.068996,-0.577527,-0.460601,0.446396,0.910015,-0.0675013,1.53368
5.36193e-06,0.000170964,0.393275,-0.0593941,-0.572835,-0.466109,0.440863,0.912811,-0.0725506,1.53348
5.36827e-06,0.000171007,0.395277,-0.0497581,-0.568089,-0.471572,0.435312,0.915573,-0.0775991,1.53327
5.37457e-06,0.000171051,0.397053,-0.0400936,-0.563289,-0.47699,0.429746,0.918301,-0.0826468,1.53304
5.38082e-06,0.000171095,0.398605,-0.0304064,-0.558435,-0.482362,0.424163,0.920994,-0.0876936,1.53279
5.38702e-06,0.000171139,0.399931,-0.0207019,-0.553527,-0.487688,0.418565,0.923654,-0.0927394,1.53252
5.39318e-06,0.000171183,0.401033,-0.0109856,-0.548567,-0.492968,0.41295,0.926279,-0.0977842,1.53224
5.3993e-06,0.000171226,0.401911,-0.00126316,-0.543554,-0.498201,0.407321,0.928869,-0.102828,1.53195
5.40536e-06,0.00017127,0.402566,0.0084601,-0.538489,-0.503385,0.401676,0.931424,-0.107871,1.53163
5.41139e-06,0.000171314,0.402998,0.0181788,-0.533372,-0.508522,0.396017,0.933945,-0.112912,1.5313
5.41737e-06,0.000171358,0.403209,0.0278876,-0.528204,-0.51361,0.390342,0.936431,-0.117952,1.53095
5.4233e-06,0.000171401,0.403199,0.0375812,-0.522986,-0.518648,0.384653,0.938882,-0.122991,1.53059
5.42919e-06,0.000171445,0.402969,0.0472544,-0.517717,-0.523637,0.37895,0.941298,-0.128029,1.53021
5.43504e-06,0.000171489,0.402522,0.0569022,-0.512398,-0.528575,0.373232,0.94368,-0.133065,1.52981
5.44085e-06,0.000171533,0.401858,0.0665195,-0.50703,-0.533462,0.367501,0.946025,-0.1381,1.52939
5.44661e-06,0.000171576,0.400978,0.0761012,-0.501614,-0.538298,0.361756,0.948336,-0.143133,1.52896
5.45232e-06,0.00017162,0.399886,0.0856426,-0.496149,-0.543082,0.355997,0.950612,-0.148165,1.52852
5.458e-06,0.000171664,0.398582,0.0951387,-0.490636,-0.547814,0.350226,0.952852,-0.153195,1.52805
5.46363e-06,0.000171707,0.397068,0.104585,-0.485075,-0.552492,0.344441,0.955056,-0.158224,1.52757
5.46922e-06,0.000171751,0.395346,0.113976,-0.479468,-0.557118,0.338643,0.957225,-0.163251,1.52707
5.47477e-06,0.000171795,0.393419,0.123309,-0.473815,-0.561689,0.332833,0.959359,-0.168276,1.52656
5.48028e-06,0.000171838,0.391288,0.132577,-0.468116,-0.566206,0.32701,0.961457,-0.173299,1.52603
5.48574e-06,0.000171882,0.388956,0.141778,-0.462371,-0.570669,0.321176,0.963519,-0.17832,1.52548
5.49117e-06,0.000171926,0.386425,0.150906,-0.456582,-0.575076,0.315329,0.965545,-0.18334,1.52492
5.49655e-06,0.000171969,0.383698,0.159957,-0.450748,-0.579427,0.309471,0.967535,-0.188357,1.52434
5.50189e-06,0.000172013,0.380777,0.168928,-0.444871,-0.583722,0.303601,0.96949,-0.193372,1.52374
5.50719e-06,0.000172056,0.377664,0.177814,-0.43895,-0.58796,0.297719,0.971408,-0.198386,1.52313
5.51245e-06,0.0001721,0.374363,0.186611,-0.432987,-0.592141,0.291827,0.973291,-0.203397,1.5225
5.51767e-06,0.000172144,0.370876,0.195316,-0.426981,-0.596265,0.285924,0.975137,-0.208406,1.52186
5.52285e-06,0.000172187,0.367206,0.203924,-0.420934,-0.60033,0.280011,0.976947,-0.213412,1.52119
5.52799e-06,0.000172231,0.363356,0.212433,-0.414847,-0.604337,0.274087,0.978721,-0.218417,1.52052
5.53309e-06,0.000172274,0.359328,0.220838,-0.408718,-0.608285,0.268152,0.980459,-0.223419,1.51982
5.53815e-06,0.000172318,0.355126,0.229135,-0.40255,-0.612174,0.262208,0.98216,-0.228418,1.51911
5.54317e-06,0.000172361,0.350753,0.237323,-0.396343,-0.616003,0.256254,0.983825,-0.233415,1.51838
5.54816e-06,0.000172405,0.346212,0.245396,-0.390097,-0.619772,0.250291,0.985454,-0.23841,1.51764
5.5531e-06,0.000172448,0.341506,0.253353,-0.383812,-0.62348,0.244318,0.987045,-0.243402,1.51688
5.558e-06,0.000172492,0.336638,0.26119,-0.37749,-0.627128,0.238337,0.988601,-0.248391,1.5161
5.56287e-06,0.000172535,0.331611,0.268904,-0.371132,-0.630714,0.232346,0.99012,-0.253378,1.5153
5.5677e-06,0.000172579,0.326429,0.276491,-0.364737,-0.634238,0.226347,0.991602,-0.258362,1.51449
5.57249e-06,0.000172622,0.321094,0.283951,-0.358306,-0.6377,0.22034,0.993048,-0.263343,1.51367
5.57724e-06,0.000172665,0.315611,0.291278,-0.35184,-0.641099,0.214324,0.994456,-0.268321,1.51283
5.58196e-06,0.000172709,0.309983,0.298472,-0.345339,-0.644436,0.208301,0.995828,-0.273297,1.51197
5.58663e-06,0.000172752,0.304212,0.305528,-0.338805,-0.647709,0.202269,0.997164,-0.278269,1.51109
5.59127e-06,0.000172795,0.298303,0.312446,-0.332237,-0.650919,0.196231,0.998462,-0.283238,1.5102
5.59588e-06,0.000172839,0.292259,0.319222,-0.325637,-0.654064,0.190185,0.999723,-0.288205,1.50929
5.60045e-06,0.000172882,0.286083,0.325854,-0.319005,-0.657146,0.184132,1.00095,-0.293168,1.50837
5.60498e-06,0.000172925,0.279778,0.33234,-0.312341,-0.660162,0.178072,1.00214,-0.298128,1.50742
5.60947e-06,0.000172969,0.273349,0.338678,-0.305646,-0.663114,0.172006,1.00329,-0.303085,1.50647
5.61393e-06,0.000173012,0.266799,0.344866,-0.298922,-0.666,0.165933,1.0044,-0.308038,1.50549
5.61836e-06,0.000173055,0.26013,0.350902,-0.292168,-0.66882,0.159854,1.00548,-0.312989,1.5045
5.62275e-06,0.000173098,0.253348,0.356784,-0.285385,-0.671575,0.153769,1.00652,-0.317935,1.5035
5.6271e-06,0.000173142,0.246455,0.362509,-0.278574,-0.674263,0.147679,1.00752,-0.322879,1.50248
5.63142e-06,0.000173185,0.239455,0.368078,-0.271735,-0.676884,0.141583,1.00848,-0.327819,1.50144
5.63571e-06,0.000173228,0.232351,0.373487,-0.264869,-0.679439,0.135482,1.00941,-0.332755,1.50038
5.63996e-06,0.000173271,0.225147,0.378735,-0.257978,-0.681926,0.129376,1.0103,-0.337688,1.49931
5.64418e-06,0.000173314,0.217846,0.383822,-0.25106,-0.684346,0.123265,1.01116,-0.342617,1.49822
5.64837e-06,0.000173357,0.210453,0.388744,-0.244118,-0.686697,0.11715,1.01197,-0.347542,1.49712
5.65252e-06,0.0001734,0.20297,0.393502,-0.237152,-0.688981,0.11103,1.01275,-0.352464,1.496
5.65665e-06,0.000173444,0.195402,0.398093,-0.230162,-0.691197,0.104906,1.01349,-0.357382,1.49487
5.66074e-06,0.000173487,0.187752,0.402518,-0.223149,-0.693344,0.0987788,1.0142,-0.362296,1.49371
5.6648e-06,0.00017353,0.180022,0.406773,-0.216115,-0.695422,0.0926475,1.01486,-0.367206,1.49255
5.66882e-06,0.000173573,0.172218,0.410859,-0.209058,-0.697431,0.0865129,1.01549,-0.372112,1.49136
5.67282e-06,0.000173616,0.164342,0.414775,-0.201981,-0.69937,0.080375,1.01609,-0.377014,1.49016
5.67679e-06,0.000173658,0.156399,0.418519,-0.194884,-0.701241,0.0742342,1.01664,-0.381912,1.48895
5.68072e-06,0.000173701,0.148391,0.422091,-0.187767,-0.703041,0.0680907,1.01716,-0.386806,1.48771
5.68463e-06,0.000173744,0.140322,0.42549,-0.180632,-0.704771,0.0619446,1.01764,-0.391696,1.48646
5.68851e-06,0.000173787,0.132195,0.428715,-0.173479,-0.706431,0.0557963,1.01808,-0.396581,1.4852
5.69236e-06,0.00017383,0.124015,0.431765,-0.166308,-0.708021,0.049646,1.01849,-0.401462,1.48392
5.69618e-06,0.000173873,0.115785,0.434641,-0.159121,-0.70954,0.0434938,1.01886,-0.406339,1.48262
5.69997e-06,0.000173916,0.107508,0.437341,-0.151918,-0.710988,0.03734,1.01919,-0.411212,1.48131
5.70374e-06,0.000173958,0.0991872,0.439865,-0.1447,-0.712365,0.0311848,1.01948,-0.41608,1.47998
5.70748e-06,0.000174001,0.090827,0.442213,-0.137467,-0.713671,0.0250285,1.01974,-0.420943,1.47864
5.71119e-06,0.000174044,0.0824305,0.444384,-0.130221,-0.714906,0.0188713,1.01996,-0.425802,1.47728
5.71488e-06,0.000174086,0.0740012,0.446378,-0.122962,-0.71607,0.0127134,1.02014,-0.430656,1.4759
5.71854e-06,0.000174129,0.0655424,0.448195,-0.11569,-0.717161,0.00655506,1.02028,-0.435506,1.47451
5.72218e-06,0.000174172,0.0570578,0.449835,-0.108407,-0.718181,0.000396449,1.02039,-0.440351,1.4731
5.72579e-06,0.000174214,0.0485505,0.451297,-0.101113,-0.719129,-0.00576218,1.02046,-0.445191,1.47167
5.72938e-06,0.000174257,0.0400242,0.452581,-0.0938084,-0.720005,-0.0119206,1.02049,-0.450027,1.47023
5.73295e-06,0.000174299,0.0314822,0.453688,-0.0864948,-0.720809,-0.0180786,1.02048,-0.454857,1.46878
5.73649e-06,0.000174342,0.0229279,0.454617,-0.0791725,-0.72154,-0.0242359,1.02044,-0.459683,1.46731
5.74001e-06,0.000174384,0.0143646,0.455369,-0.0718423,-0.722199,-0.0303923,1.02036,-0.464504,1.46582
5.74351e-06,0.000174427,0.00579567,0.455944,-0.0645048,-0.722786,-0.0365476,1.02024,-0.46932,1.46432
5.74699e-06,0.000174469,-0.00277547,0.456341,-0.0571609,-0.7233,-0.0427016,1.02009,-0.47413,1.4628
5.75045e-06,0.000174512,-0.0113455,0.456562,-0.0498112,-0.723742,-0.048854,1.01989,-0.478936,1.46126
5.75388e-06,0.000174554,-0.0199112,0.456606,-0.0424566,-0.72411,-0.0550046,1.01966,-0.483736,1.45971
5.7573e-06,0.000174596,-0.0284692,0.456474,-0.0350977,-0.724406,-0.0611533,1.0194,-0.488531,1.45814
5.7607e-06,0.000174639,-0.0370162,0.456166,-0.0277352,-0.724629,-0.0672996,1.01909,-0.493321,1.45656
5.76408e-06,0.000174681,-0.045549,0.455683,-0.0203699,-0.72478,-0.0734436,1.01875,-0.498106,1.45496
5.76745e-06,0.000174723,-0.0540643,0.455026,-0.0130027,-0.724857,-0.0795848,1.01837,-0.502885,1.45335
5.77079e-06,0.000174765,-0.0625589,0.454194,-0.00563405,-0.724861,-0.0857231,1.01796,-0.507659,1.45172
5.77412e-06,0.000174807,-0.0710296,0.453188,0.00173513,-0.724793,-0.0918583,1.0175,-0.512427,1.45007
5.77744e-06,0.000174849,-0.0794731,0.452009,0.00910413,-0.724651,-0.0979902,1.01701,-0.51719,1.44841
5.78073e-06,0.000174892,-0.0878863,0.450658,0.0164722,-0.724436,-0.104118,1.01649,-0.521947,1.44674
5.78402e-06,0.000174934,-0.0962661,0.449136,0.0238386,-0.724148,-0.110243,1.01592,-0.526698,1.44504
5.78729e-06,0.000174976,-0.104609,0.447442,0.0312027,-0.723788,-0.116363,1.01532,-0.531444,1.44334
5.79054e-06,0.000175018,-0.112913,0.445579,0.0385635,-0.723354,-0.12248,1.01468,-0.536184,1.44161
5.79379e-06,0.00017506,-0.121173,0.443547,0.0459205,-0.722847,-0.128591,1.01401,-0.540919,1.43988
5.79702e-06,0.000175101,-0.129388,0.441346,0.0532729,-0.722267,-0.134698,1.01329,-0.545647,1.43812
5.80024e-06,0.000175143,-0.137553,0.438978,0.0606198,-0.721614,-0.1408,1.01254,-0.55037,1.43635
5.80345e-06,0.000175185,-0.145666,0.436444,0.0679607,-0.720889,-0.146897,1.01176,-0.555086,1.43457
5.80665e-06,0.000175227,-0.153725,0.433745,0.0752947,-0.72009,-0.152989,1.01093,-0.559797,1.43277
5.80983e-06,0.000175269,-0.161725,0.430882,0.0826211,-0.719219,-0.159075,1.01007,-0.564502,1.43095
5.81301e-06,0.00017531,-0.169664,0.427856,0.0899391,-0.718275,-0.165155,1.00918,-0.5692,1.42912
5.81618e-06,0.000175352,-0.177538,0.424668,0.097248,-0.717259,-0.17123,1.00824,-0.573893,1.42727
5.81935e-06,0.000175394,-0.185346,0.42132,0.104547,-0.716169,-0.177298,1.00727,-0.578579,1.42541
5.8225e-06,0.000175435,-0.193084,0.417812,0.111836,-0.715008,-0.183359,1.00627,-0.583259,1.42353
5.82565e-06,0.000175477,-0.200748,0.414146,0.119113,-0.713774,-0.189414,1.00522,-0.587933,1.42164
5.8288e-06,0.000175519,-0.208337,0.410324,0.126378,-0.712468,-0.195462,1.00414,-0.5926,1.41973
5.83193e-06,0.00017556,-0.215846,0.406347,0.13363,-0.711089,-0.201503,1.00303,-0.597261,1.41781
5.83507e-06,0.000175602,-0.223274,0.402216,0.140869,-0.709639,-0.207537,1.00187,-0.601916,1.41587
5.8382e-06,0.000175643,-0.230618,0.397932,0.148094,-0.708117,-0.213563,1.00068,-0.606564,1.41391
5.84133e-06,0.000175684,-0.237874,0.393498,0.155303,-0.706523,-0.219581,0.999459,-0.611205,1.41194
5.84445e-06,0.000175726,-0.24504,0.388915,0.162497,-0.704857,-0.225591,0.998197,-0.61584,1.40996
5.84757e-06,0.000175767,-0.252112,0.384184,0.169675,-0.70312,-0.231593,0.996898,-0.620469,1.40796
5.85069e-06,0.000175809,-0.259089,0.379307,0.176835,-0.701312,-0.237587,0.995564,-0.62509,1.40594
5.85381e-06,0.00017585,-0.265968,0.374286,0.183977,-0.699433,-0.243572,0.994193,-0.629705,1.40391
5.85693e-06,0.000175891,-0.272745,0.369123,0.191101,-0.697483,-0.249548,0.992786,-0.634313,1.40187
5.86006e-06,0.000175932,-0.279418,0.363819,0.198205,-0.695462,-0.255515,0.991343,-0.638914,1.39981
5.86318e-06,0.000175973,-0.285985,0.358376,0.205289,-0.69337,-0.261473,0.989864,-0.643509,1.39773
5.8663e-06,0.000176014,-0.292442,0.352796,0.212352,-0.691208,-0.267422,0.98835,-0.648096,1.39564
5.86943e-06,0.000176056,-0.298787,0.347081,0.219394,-0.688976,-0.27336,0.986799,-0.652677,1.39354
5.87256e-06,0.000176097,-0.305018,0.341233,0.226414,-0.686675,-0.279289,0.985213,-0.65725,1.39142
5.8757e-06,0.000176138,-0.311131,0.335254,0.23341,-0.684303,-0.285208,0.983591,-0.661817,1.38928
5.87884e-06,0.000176179,-0.317125,0.329146,0.240383,-0.681862,-0.291116,0.981933,-0.666376,1.38713
5.88198e-06,0.00017622,-0.322996,0.322912,0.247332,-0.679352,-0.297014,0.980239,-0.670928,1.38496
5.88513e-06,0.00017626,-0.328743,0.316552,0.254255,-0.676773,-0.302901,0.978511,-0.675473,1.38278
5.88829e-06,0.000176301,-0.334362,0.31007,0.261153,-0.674125,-0.308777,0.976746,-0.68001,1.38059
5.89146e-06,0.000176342,-0.339851,0.303467,0.268024,-0.671408,-0.314642,0.974947,-0.684541,1.37838
5.89463e-06,0.000176383,-0.345208,0.296747,0.274868,-0.668624,-0.320495,0.973112,-0.689064,1.37615
5.89781e-06,0.000176424,-0.35043,0.28991,0.281684,-0.665772,-0.326337,0.971241,-0.693579,1.37391
5.901e-06,0.000176464,-0.355515,0.282961,0.288471,-0.662852,-0.332167,0.969336,-0.698087,1.37166
5.9042e-06,0.000176505,-0.360461,0.2759,0.295229,-0.659865,-0.337985,0.967396,-0.702588,1.36939
5.90742e-06,0.000176546,-0.365265,0.268731,0.301958,-0.65681,-0.343791,0.96542,-0.707081,1.36711
5.91064e-06,0.000176586,-0.369925,0.261456,0.308655,-0.653689,-0.349584,0.96341,-0.711566,1.36481
5.91388e-06,0.000176627,-0.374438,0.254078,0.315321,-0.650502,-0.355365,0.961365,-0.716043,1.36249
5.91712e-06,0.000176667,-0.378803,0.246599,0.321955,-0.647249,-0.361133,0.959285,-0.720513,1.36017
5.92038e-06,0.000176708,-0.383017,0.239021,0.328557,-0.64393,-0.366887,0.95717,-0.724976,1.35782
5.92366e-06,0.000176748,-0.387078,0.231349,0.335125,-0.640545,-0.372629,0.955021,-0.72943,1.35547
5.92695e-06,0.000176789,-0.390984,0.223584,0.341659,-0.637096,-0.378357,0.952837,-0.733877,1.35309
5.93025e-06,0.000176829,-0.394732,0.215728,0.348159,-0.633582,-0.384071,0.950619,-0.738315,1.35071
5.93357e-06,0.00017687,-0.398321,0.207786,0.354623,-0.630003,-0.389772,0.948366,-0.742746,1.34831
5.93691e-06,0.00017691,-0.401749,0.19976,0.361051,-0.626361,-0.395458,0.946079,-0.747169,1.34589
5.94026e-06,0.00017695,-0.405014,0.191652,0.367442,-0.622655,-0.40113,0.943758,-0.751583,1.34346
5.94363e-06,0.00017699,-0.408113,0.183467,0.373796,-0.618885,-0.406788,0.941403,-0.75599,1.34102
5.94702e-06,0.000177031,-0.411045,0.175206,0.380113,-0.615053,-0.412431,0.939014,-0.760388,1.33856
5.95043e-06,0.000177071,-0.413808,0.166873,0.38639,-0.611159,-0.418059,0.936592,-0.764779,1.33608
5.95386e-06,0.000177111,-0.416399,0.158472,0.392629,-0.607203,-0.423672,0.934135,-0.769161,1.3336
5.95731e-06,0.000177151,-0.418819,0.150005,0.398828,-0.603184,-0.42927,0.931644,-0.773535,1.33109
5.96078e-06,0.000177191,-0.421063,0.141475,0.404986,-0.599105,-0.434852,0.92912,-0.7779,1.32858
5.96427e-06,0.000177231,-0.423132,0.132886,0.411103,-0.594965,-0.440418,0.926563,-0.782257,1.32605
5.96778e-06,0.000177271,-0.425022,0.124242,0.417179,-0.590765,-0.445969,0.923972,-0.786606,1.3235
5.97132e-06,0.000177311,-0.426734,0.115545,0.423212,-0.586504,-0.451503,0.921348,-0.790946,1.32094
5.97488e-06,0.000177351,-0.428264,0.106799,0.429202,-0.582185,-0.457022,0.91869,-0.795278,1.31837
5.97846e-06,0.000177391,-0.429612,0.0980076,0.435149,-0.577806,-0.462524,0.916,-0.799601,1.31578
5.98207e-06,0.000177431,-0.430776,0.0891745,0.441051,-0.573368,-0.468009,0.913276,-0.803916,1.31318
5.9857e-06,0.000177471,-0.431755,0.0803031,0.446909,-0.568873,-0.473477,0.91052,-0.808222,1.31057
5.98936e-06,0.000177511,-0.432547,0.0713971,0.452722,-0.56432,-0.478928,0.907731,-0.812519,1.30794
5.99304e-06,0.00017755,-0.433151,0.0624601,0.458489,-0.55971,-0.484362,0.904909,-0.816807,1.30529
5.99676e-06,0.00017759,-0.433566,0.053496,0.46421,-0.555043,-0.489779,0.902054,-0.821087,1.30263
6.0005e-06,0.00017763,-0.433791,0.0445085,0.469883,-0.550319,-0.495177,0.899167,-0.825358,1.29996
6.00426e-06,0.00017767,-0.433825,0.0355014,0.475509,-0.54554,-0.500559,0.896248,-0.82962,1.29728
6.00806e-06,0.000177709,-0.433667,0.0264787,0.481087,-0.540706,-0.505922,0.893296,-0.833873,1.29458
6.01189e-06,0.000177749,-0.433315,0.0174442,0.486616,-0.535817,-0.511266,0.890313,-0.838117,1.29186
6.01574e-06,0.000177789,-0.432769,0.00840205,0.492096,-0.530874,-0.516593,0.887297,-0.842352,1.28914
6.01963e-06,0.000177828,-0.432029,-0.000643829,0.497526,-0.525878,-0.521901,0.884249,-0.846579,1.28639
6.02355e-06,0.000177868,-0.431092,-0.00968933,0.502906,-0.520828,-0.52719,0.88117,-0.850796,1.28364
6.0275e-06,0.000177907,-0.42996,-0.0187303,0.508235,-0.515725,-0.53246,0.878058,-0.855003,1.28087
6.03148e-06,0.000177947,-0.428631,-0.0277627,0.513512,-0.51057,-0.537711,0.874916,-0.859202,1.27809
6.0355e-06,0.000177986,-0.427104,-0.0367822,0.518738,-0.505364,-0.542942,0.871742,-0.863392,1.27529
6.03954e-06,0.000178025,-0.42538,-0.0457846,0.523912,-0.500106,-0.548154,0.868536,-0.867572,1.27248
6.04363e-06,0.000178065,-0.423458,-0.0547656,0.529032,-0.494799,-0.553347,0.865299,-0.871743,1.26966
6.04775e-06,0.000178104,-0.421338,-0.0637209,0.534099,-0.489441,-0.558519,0.862031,-0.875904,1.26682
6.0519e-06,0.000178144,-0.419019,-0.0726461,0.539112,-0.484033,-0.563672,0.858733,-0.880056,1.26397
6.05609e-06,0.000178183,-0.416502,-0.0815369,0.544071,-0.478577,-0.568804,0.855403,-0.884199,1.2611
6.06032e-06,0.000178222,-0.413787,-0.0903887,0.548975,-0.473073,-0.573916,0.852043,-0.888332,1.25823
6.06459e-06,0.000178261,-0.410874,-0.0991972,0.553824,-0.467521,-0.579007,0.848652,-0.892456,1.25533
6.06889e-06,0.000178301,-0.407763,-0.107958,0.558617,-0.461922,-0.584077,0.84523,-0.89657,1.25243
6.07323e-06,0.00017834,-0.404454,-0.116666,0.563353,-0.456276,-0.589127,0.841778,-0.900674,1.24951
6.07761e-06,0.000178379,-0.400948,-0.125317,0.568033,-0.450584,-0.594155,0.838296,-0.904769,1.24658
6.08204e-06,0.000178418,-0.397246,-0.133907,0.572656,-0.444847,-0.599162,0.834784,-0.908854,1.24363
6.0865e-06,0.000178457,-0.393347,-0.142431,0.577221,-0.439065,-0.604147,0.831242,-0.912929,1.24067
6.091e-06,0.000178496,-0.389254,-0.150884,0.581728,-0.433239,-0.609111,0.82767,-0.916994,1.2377
6.09555e-06,0.000178535,-0.384967,-0.159261,0.586177,-0.42737,-0.614053,0.824069,-0.92105,1.23472
6.10014e-06,0.000178574,-0.380486,-0.167559,0.590566,-0.421457,-0.618973,0.820438,-0.925096,1.23172
6.10477e-06,0.000178613,-0.375813,-0.175772,0.594897,-0.415502,-0.62387,0.816777,-0.929131,1.22871
6.10945e-06,0.000178652,-0.37095,-0.183896,0.599167,-0.409506,-0.628746,0.813087,-0.933157,1.22568
6.11417e-06,0.000178691,-0.365897,-0.191925,0.603378,-0.403468,-0.633598,0.809368,-0.937173,1.22264
6.11893e-06,0.00017873,-0.360657,-0.199856,0.607528,-0.39739,-0.638428,0.80562,-0.941179,1.21959
6.12375e-06,0.000178769,-0.35523,-0.207684,0.611617,-0.391272,-0.643235,0.801844,-0.945174,1.21653
6.12861e-06,0.000178808,-0.349618,-0.215404,0.615645,-0.385114,-0.648019,0.798038,-0.94916,1.21345
6.13351e-06,0.000178847,-0.343824,-0.223011,0.619611,-0.378918,-0.65278,0.794204,-0.953135,1.21036
6.13847e-06,0.000178886,-0.337849,-0.2305,0.623514,-0.372684,-0.657518,0.790341,-0.9571,1.20725
6.14347e-06,0.000178925,-0.331695,-0.237868,0.627356,-0.366413,-0.662231,0.78645,-0.961055,1.20414
6.14853e-06,0.000178964,-0.325365,-0.24511,0.631135,-0.360105,-0.666922,0.782531,-0.964999,1.20101
6.15363e-06,0.000179002,-0.318862,-0.25222,0.634851,-0.353761,-0.671588,0.778584,-0.968933,1.19787
6.15879e-06,0.000179041,-0.312186,-0.259194,0.638503,-0.347382,-0.67623,0.774609,-0.972857,1.19471
6.164e-06,0.00017908,-0.305342,-0.266029,0.642091,-0.340968,-0.680848,0.770606,-0.97677,1.19154
6.16926e-06,0.000179119,-0.298333,-0.272718,0.645615,-0.33452,-0.685441,0.766576,-0.980673,1.18836
6.17457e-06,0.000179157,-0.29116,-0.279259,0.649075,-0.328038,-0.69001,0.762518,-0.984565,1.18517
6.17994e-06,0.000179196,-0.283827,-0.285646,0.65247,-0.321524,-0.694555,0.758433,-0.988447,1.18196
6.18536e-06,0.000179235,-0.276338,-0.291875,0.6558,-0.314978,-0.699074,0.75432,-0.992318,1.17874
6.19084e-06,0.000179273,-0.268695,-0.297942,0.659065,-0.3084,-0.703569,0.750181,-0.996179,1.17551
6.19638e-06,0.000179312,-0.260902,-0.303843,0.662264,-0.301791,-0.708038,0.746015,-1.00003,1.17227
6.20197e-06,0.00017935,-0.252963,-0.309573,0.665397,-0.295153,-0.712482,0.741822,-1.00387,1.16901
6.20763e-06,0.000179389,-0.244881,-0.315129,0.668464,-0.288485,-0.7169,0.737603,-1.0077,1.16574
6.21334e-06,0.000179428,-0.236661,-0.320506,0.671465,-0.281788,-0.721293,0.733357,-1.01151,1.16246
6.21911e-06,0.000179466,-0.228306,-0.325701,0.674398,-0.275063,-0.72566,0.729085,-1.01532,1.15917
6.22494e-06,0.000179505,-0.21982,-0.330709,0.677265,-0.268311,-0.730001,0.724787,-1.01912,1.15586
6.23083e-06,0.000179543,-0.211208,-0.335528,0.680065,-0.261533,-0.734316,0.720463,-1.0229,1.15254
6.23679e-06,0.000179582,-0.202475,-0.340152,0.682797,-0.254728,-0.738604,0.716113,-1.02667,1.14921
6.24281e-06,0.00017962,-0.193624,-0.34458,0.685461,-0.247898,-0.742867,0.711738,-1.03044,1.14587
6.24889e-06,0.000179659,-0.18466,-0.348807,0.688057,-0.241044,-0.747102,0.707337,-1.03419,1.14251
6.25504e-06,0.000179697,-0.175589,-0.35283,0.690586,-0.234165,-0.751311,0.702911,-1.03793,1.13914
6.26126e-06,0.000179736,-0.166414,-0.356646,0.693045,-0.227264,-0.755493,0.69846,-1.04166,1.13576
6.26754e-06,0.000179774,-0.157142,-0.360252,0.695437,-0.22034,-0.759648,0.693984,-1.04538,1.13237
6.27389e-06,0.000179813,-0.147776,-0.363645,0.697759,-0.213394,-0.763776,0.689483,-1.04908,1.12896
6.28031e-06,0.000179851,-0.138323,-0.366822,0.700013,-0.206427,-0.767877,0.684957,-1.05278,1.12555
6.28679e-06,0.000179889,-0.128788,-0.36978,0.702197,-0.199439,-0.77195,0.680407,-1.05647,1.12212
6.29335e-06,0.000179928,-0.119176,-0.372517,0.704313,-0.192432,-0.775995,0.675833,-1.06014,1.11868
6.29998e-06,0.000179966,-0.109492,-0.375031,0.706358,-0.185406,-0.780013,0.671234,-1.0638,1.11522
6.30668e-06,0.000180005,-0.0997422,-0.37732,0.708334,-0.178362,-0.784003,0.666612,-1.06745,1.11176
6.31345e-06,0.000180043,-0.0899324,-0.379381,0.710241,-0.1713,-0.787965,0.661966,-1.07109,1.10828
6.3203e-06,0.000180081,-0.0800683,-0.381212,0.712077,-0.164221,-0.791899,0.657296,-1.07472,1.10479
6.32722e-06,0.00018012,-0.0701556,-0.382812,0.713844,-0.157126,-0.795804,0.652602,-1.07833,1.10129
6.33422e-06,0.000180158,-0.0602003,-0.38418,0.71554,-0.150015,-0.799682,0.647886,-1.08194,1.09778
6.3413e-06,0.000180197,-0.0502083,-0.385313,0.717166,-0.14289,-0.80353,0.643146,-1.08553,1.09426
6.34845e-06,0.000180235,-0.0401856,-0.386211,0.718721,-0.135751,-0.80735,0.638383,-1.08911,1.09072
6.35568e-06,0.000180273,-0.0301384,-0.386873,0.720206,-0.128598,-0.811141,0.633597,-1.09268,1.08717
6.36299e-06,0.000180312,-0.0200727,-0.387298,0.721621,-0.121433,-0.814903,0.628789,-1.09624,1.08361
6.37037e-06,0.00018035,-0.00999473,-0.387484,0.722964,-0.114256,-0.818636,0.623958,-1.09979,1.08004
6.37784e-06,0.000180388,8.94269e-05,-0.387433,0.724237,-0.107067,-0.82234,0.619105,-1.10332,1.07646
6.38539e-06,0.000180427,0.0101735,-0.387143,0.725439,-0.0998686,-0.826014,0.61423,-1.10684,1.07287
6.39303e-06,0.000180465,0.0202514,-0.386614,0.72657,-0.0926599,-0.829659,0.609333,-1.11035,1.06926
6.40074e-06,0.000180504,0.0303167,-0.385847,0.72763,-0.0854422,-0.833274,0.604415,-1.11385,1.06565
6.40854e-06,0.000180542,0.0403634,-0.384842,0.728619,-0.0782161,-0.836859,0.599474,-1.11734,1.06202
6.41643e-06,0.00018058,0.0503851,-0.383598,0.729537,-0.0709824,-0.840415,0.594513,-1.12082,1.05838
6.4244e-06,0.000180619,0.0603757,-0.382118,0.730384,-0.0637417,-0.843941,0.58953,-1.12428,1.05473
6.43245e-06,0.000180657,0.070329,-0.380401,0.73116,-0.0564948,-0.847436,0.584526,-1.12773,1.05106
6.44059e-06,0.000180696,0.0802388,-0.378449,0.731864,-0.0492423,-0.850901,0.579501,-1.13117,1.04739
6.44882e-06,0.000180734,0.0900991,-0.376263,0.732497,-0.0419851,-0.854336,0.574456,-1.13459,1.04371
6.45714e-06,0.000180773,0.0999036,-0.373845,0.733059,-0.0347238,-0.857741,0.56939,-1.13801,1.04001
6.46555e-06,0.000180811,0.109647,-0.371195,0.73355,-0.0274591,-0.861115,0.564304,-1.14141,1.0363
6.47404e-06,0.00018085,0.119322,-0.368317,0.73397,-0.0201917,-0.864458,0.559197,-1.1448,1.03259
6.48263e-06,0.000180888,0.128923,-0.365211,0.734318,-0.0129223,-0.86777,0.554071,-1.14818,1.02886
6.49131e-06,0.000180927,0.138446,-0.36188,0.734595,-0.00565161,-0.871051,0.548925,-1.15155,1.02512
6.50007e-06,0.000180966,0.147883,-0.358326,0.734801,0.00161961,-0.874301,0.543759,-1.1549,1.02137
6.50893e-06,0.000181004,0.157229,-0.354552,0.734936,0.00889069,-0.87752,0.538574,-1.15824,1.0176
6.51788e-06,0.000181043,0.166478,-0.35056,0.735,0.0161609,-0.880708,0.53337,-1.16157,1.01383
6.52693e-06,0.000181082,0.175626,-0.346353,0.734992,0.0234296,-0.883864,0.528147,-1.16488,1.01005
6.53606e-06,0.00018112,0.184666,-0.341934,0.734914,0.0306961,-0.886989,0.522905,-1.16819,1.00625
6.54529e-06,0.000181159,0.193594,-0.337307,0.734765,0.0379596,-0.890082,0.517644,-1.17148,1.00245
6.55461e-06,0.000181198,0.202404,-0.332474,0.734545,0.0452194,-0.893144,0.512365,-1.17476,0.99863
6.56403e-06,0.000181237,0.21109,-0.327439,0.734254,0.0524749,-0.896173,0.507067,-1.17802,0.994804
6.57354e-06,0.000181275,0.219649,-0.322205,0.733892,0.0597254,-0.899171,0.501752,-1.18128,0.990966
6.58315e-06,0.000181314,0.228075,-0.316776,0.73346,0.0669702,-0.902136,0.496418,-1.18452,0.987118
6.59285e-06,0.000181353,0.236364,-0.311157,0.732957,0.0742085,-0.905069,0.491067,-1.18775,0.983259
6.60264e-06,0.000181392,0.24451,-0.30535,0.732384,0.0814397,-0.90797,0.485698,-1.19096,0.97939
6.61253e-06,0.000181431,0.25251,-0.29936,0.731741,0.0886631,-0.910839,0.480312,-1.19416,0.975511
6.62252e-06,0.00018147,0.260359,-0.293192,0.731027,0.0958781,-0.913675,0.474909,-1.19735,0.971621
6.6326e-06,0.000181509,0.268053,-0.286848,0.730243,0.103084,-0.916479,0.469489,-1.20053,0.96772
6.64277e-06,0.000181549,0.275589,-0.280335,0.72939,0.11028,-0.91925,0.464053,-1.20369,0.963809
6.65304e-06,0.000181588,0.282961,-0.273655,0.728466,0.117465,-0.921988,0.458599,-1.20685,0.959888
6.66341e-06,0.000181627,0.290167,-0.266815,0.727473,0.124639,-0.924693,0.45313,-1.20998,0.955957
6.67387e-06,0.000181666,0.297202,-0.259817,0.726411,0.131801,-0.927365,0.447644,-1.21311,0.952015
6.68443e-06,0.000181706,0.304064,-0.252668,0.725279,0.138951,-0.930005,0.442142,-1.21622,0.948063
6.69508e-06,0.000181745,0.310749,-0.245372,0.724077,0.146088,-0.932611,0.436625,-1.21932,0.944101
6.70583e-06,0.000181785,0.317254,-0.237934,0.722807,0.15321,-0.935184,0.431092,-1.22241,0.940129
6.71667e-06,0.000181824,0.323577,-0.230358,0.721468,0.160318,-0.937723,0.425543,-1.22548,0.936147
6.7276e-06,0.000181864,0.329713,-0.22265,0.72006,0.167411,-0.940229,0.41998,-1.22854,0.932155
6.73863e-06,0.000181903,0.335661,-0.214815,0.718584,0.174488,-0.942702,0.414401,-1.23159,0.928153
6.74975e-06,0.000181943,0.341418,-0.206857,0.717039,0.181548,-0.94514,0.408808,-1.23462,0.924141
6.76097e-06,0.000181983,0.346982,-0.198782,0.715427,0.188591,-0.947546,0.4032,-1.23764,0.920119
6.77228e-06,0.000182023,0.35235,-0.190595,0.713746,0.195616,-0.949917,0.397578,-1.24065,0.916087
6.78368e-06,0.000182063,0.357521,-0.182302,0.711998,0.202623,-0.952255,0.391941,-1.24364,0.912046
6.79517e-06,0.000182103,0.362492,-0.173906,0.710182,0.20961,-0.954558,0.386291,-1.24662,0.907994
6.80676e-06,0.000182143,0.367263,-0.165414,0.7083,0.216578,-0.956828,0.380627,-1.24959,0.903933
6.81843e-06,0.000182183,0.37183,-0.15683,0.70635,0.223525,-0.959063,0.374949,-1.25255,0.899863
6.8302e-06,0.000182223,0.376194,-0.14816,0.704333,0.230451,-0.961264,0.369258,-1.25549,0.895782
6.84205e-06,0.000182264,0.380352,-0.139409,0.70225,0.237355,-0.963431,0.363554,-1.25841,0.891692
6.854e-06,0.000182304,0.384303,-0.130583,0.700101,0.244237,-0.965564,0.357836,-1.26133,0.887593
6.86603e-06,0.000182345,0.388047,-0.121685,0.697885,0.251096,-0.967662,0.352106,-1.26423,0.883484
6.87815e-06,0.000182385,0.391582,-0.112722,0.695604,0.257931,-0.969726,0.346364,-1.26712,0.879366
6.89036e-06,0.000182426,0.394908,-0.103699,0.693257,0.264742,-0.971755,0.340609,-1.26999,0.875238
6.90265e-06,0.000182467,0.398024,-0.0946207,0.690846,0.271528,-0.973749,0.334842,-1.27285,0.871101
6.91503e-06,0.000182508,0.40093,-0.0854922,0.688369,0.278289,-0.975709,0.329063,-1.27569,0.866954
6.92749e-06,0.000182549,0.403625,-0.0763187,0.685827,0.285023,-0.977634,0.323272,-1.27853,0.862799
6.94003e-06,0.00018259,0.40611,-0.0671053,0.683222,0.291731,-0.979524,0.31747,-1.28135,0.858634
6.95266e-06,0.000182631,0.408383,-0.0578569,0.680552,0.298412,-0.981379,0.311657,-1.28415,0.85446
6.96537e-06,0.000182672,0.410446,-0.0485786,0.677818,0.305064,-0.983199,0.305832,-1.28694,0.850276
6.97816e-06,0.000182714,0.412298,-0.0392752,0.675021,0.311688,-0.984985,0.299997,-1.28972,0.846084
6.99103e-06,0.000182755,0.413939,-0.0299517,0.672161,0.318283,-0.986734,0.29415,-1.29248,0.841883
7.00398e-06,0.000182797,0.415371,-0.0206128,0.669238,0.324848,-0.988449,0.288294,-1.29523,0.837672
7.017e-06,0.000182839,0.416593,-0.0112635,0.666253,0.331383,-0.990129,0.282427,-1.29797,0.833453
7.0301e-06,0.00018288,0.417606,-0.00190848,0.663205,0.337887,-0.991773,0.27655,-1.30069,0.829225
7.04328e-06,0.000182922,0.418411,0.00744761,0.660096,0.344359,-0.993382,0.270663,-1.3034,0.824987
7.05653e-06,0.000182964,0.419008,0.0168001,0.656925,0.350799,-0.994955,0.264766,-1.30609,0.820742
7.06986e-06,0.000183006,0.419399,0.0261444,0.653693,0.357207,-0.996493,0.258861,-1.30877,0.816487
7.08325e-06,0.000183049,0.419585,0.035476,0.6504,0.363582,-0.997995,0.252945,-1.31144,0.812223
7.09672e-06,0.000183091,0.419566,0.0447904,0.647046,0.369922,-0.999462,0.247021,-1.31409,0.807951
7.11025e-06,0.000183133,0.419344,0.0540832,0.643633,0.376229,-1.00089,0.241088,-1.31673,0.803671
7.12385e-06,0.000183176,0.41892,0.06335,0.64016,0.3825,-1.00229,0.235147,-1.31936,0.799381
7.13752e-06,0.000183219,0.418295,0.0725866,0.636627,0.388736,-1.00365,0.229197,-1.32197,0.795083
7.15126e-06,0.000183262,0.417472,0.0817888,0.633036,0.394936,-1.00497,0.223238,-1.32456,0.790777
7.16506e-06,0.000183305,0.416451,0.0909523,0.629386,0.4011,-1.00626,0.217272,-1.32714,0.786462
7.17892e-06,0.000183348,0.415234,0.100073,0.625677,0.407226,-1.00751,0.211298,-1.32971,0.782139
7.19284e-06,0.000183391,0.413823,0.109147,0.621911,0.413315,-1.00873,0.205317,-1.33227,0.777807
7.20682e-06,0.000183434,0.412219,0.118171,0.618087,0.419365,-1.00991,0.199328,-1.3348,0.773467
7.22086e-06,0.000183478,0.410425,0.12714,0.614207,0.425377,-1.01105,0.193332,-1.33733,0.769119
7.23496e-06,0.000183521,0.408442,0.13605,0.61027,0.43135,-1.01216,0.18733,-1.33984,0.764763
7.24911e-06,0.000183565,0.406271,0.144898,0.606276,0.437283,-1.01323,0.18132,-1.34234,0.760398
7.26332e-06,0.000183609,0.403917,0.153681,0.602227,0.443176,-1.01427,0.175305,-1.34482,0.756026
7.27758e-06,0.000183653,0.401379,0.162394,0.598122,0.449028,-1.01527,0.169282,-1.34729,0.751645
7.29189e-06,0.000183697,0.398661,0.171034,0.593962,0.454838,-1.01623,0.163254,-1.34974,0.747256
7.30625e-06,0.000183741,0.395764,0.179597,0.589748,0.460607,-1.01716,0.15722,-1.35218,0.742859
7.32066e-06,0.000183786,0.392691,0.188081,0.58548,0.466334,-1.01805,0.151181,-1.3546,0.738455
7.33512e-06,0.00018383,0.389444,0.196481,0.581157,0.472018,-1.0189,0.145136,-1.35701,0.734042
7.34962e-06,0.000183875,0.386025,0.204795,0.576782,0.477659,-1.01972,0.139086,-1.35941,0.729622
7.36416e-06,0.00018392,0.382437,0.213019,0.572354,0.483256,-1.0205,0.13303,-1.36179,0.725194
7.37874e-06,0.000183965,0.378682,0.22115,0.567873,0.488808,-1.02125,0.126971,-1.36416,0.720758
7.39337e-06,0.00018401,0.374763,0.229186,0.563341,0.494317,-1.02196,0.120906,-1.36651,0.716314
7.40803e-06,0.000184055,0.370682,0.237122,0.558757,0.499779,-1.02263,0.114838,-1.36884,0.711863
7.42273e-06,0.0001841,0.366442,0.244956,0.554122,0.505197,-1.02326,0.108765,-1.37117,0.707404
7.43747e-06,0.000184146,0.362045,0.252686,0.549436,0.510568,-1.02386,0.102688,-1.37348,0.702937
7.45224e-06,0.000184191,0.357493,0.260308,0.544701,0.515893,-1.02442,0.0966078,-1.37577,0.698463
7.46704e-06,0.000184237,0.35279,0.26782,0.539915,0.52117,-1.02495,0.090524,-1.37805,0.693982
7.48187e-06,0.000184283,0.347938,0.27522,0.535081,0.526401,-1.02544,0.084437,-1.38031,0.689493
7.49673e-06,0.000184329,0.34294,0.282503,0.530198,0.531583,-1.02589,0.078347,-1.38256,0.684997
7.51162e-06,0.000184376,0.337799,0.289668,0.525267,0.536717,-1.02631,0.0722542,-1.38479,0.680493
7.52653e-06,0.000184422,0.332517,0.296713,0.520288,0.541803,-1.02669,0.0661588,-1.38701,0.675982
7.54146e-06,0.000184469,0.327097,0.303635,0.515261,0.546839,-1.02703,0.0600611,-1.38922,0.671464
7.55642e-06,0.000184515,0.321542,0.310432,0.510188,0.551826,-1.02733,0.0539612,-1.39141,0.666939
7.5714e-06,0.000184562,0.315855,0.317101,0.505069,0.556762,-1.0276,0.0478594,-1.39358,0.662407
7.5864e-06,0.000184609,0.310038,0.32364,0.499904,0.561648,-1.02784,0.0417559,-1.39574,0.657868
7.60141e-06,0.000184656,0.304095,0.330047,0.494694,0.566484,-1.02803,0.0356509,-1.39789,0.653321
7.61643e-06,0.000184704,0.298028,0.33632,0.489439,0.571268,-1.02819,0.0295446,-1.40002,0.648768
7.63147e-06,0.000184751,0.291841,0.342457,0.48414,0.576001,-1.02831,0.0234373,-1.40213,0.644208
7.64653e-06,0.000184799,0.285535,0.348456,0.478797,0.580681,-1.0284,0.0173292,-1.40423,0.63964
7.66159e-06,0.000184846,0.279115,0.354315,0.473411,0.585309,-1.02845,0.0112204,-1.40632,0.635066
7.67666e-06,0.000184894,0.272583,0.360032,0.467982,0.589885,-1.02846,0.00511124,-1.40839,0.630486
7.69173e-06,0.000184942,0.265942,0.365605,0.462511,0.594407,-1.02843,-0.000998085,-1.41045,0.625898
7.70681e-06,0.000184991,0.259196,0.371033,0.456998,0.598876,-1.02837,-0.00710737,-1.41249,0.621304
7.72189e-06,0.000185039,0.252346,0.376313,0.451445,0.60329,-1.02827,-0.0132164,-1.41451,0.616703
7.73697e-06,0.000185088,0.245397,0.381445,0.44585,0.607651,-1.02814,-0.0193249,-1.41652,0.612096
7.75205e-06,0.000185136,0.238351,0.386426,0.440216,0.611957,-1.02796,-0.0254328,-1.41852,0.607482
7.76713e-06,0.000185185,0.231211,0.391256,0.434542,0.616208,-1.02775,-0.0315397,-1.4205,0.602861
7.7822e-06,0.000185234,0.223981,0.395932,0.428829,0.620404,-1.02751,-0.0376455,-1.42246,0.598234
7.79727e-06,0.000185284,0.216662,0.400453,0.423077,0.624544,-1.02722,-0.04375,-1.42441,0.593601
7.81233e-06,0.000185333,0.20926,0.404818,0.417288,0.628628,-1.02691,-0.0498528,-1.42634,0.588961
7.82737e-06,0.000185382,0.201776,0.409026,0.411461,0.632656,-1.02655,-0.0559539,-1.42826,0.584316
7.84241e-06,0.000185432,0.194213,0.413075,0.405597,0.636627,-1.02616,-0.062053,-1.43017,0.579663
7.85743e-06,0.000185482,0.186576,0.416964,0.399697,0.640541,-1.02573,-0.0681498,-1.43206,0.575005
7.87243e-06,0.000185532,0.178866,0.420692,0.393762,0.644398,-1.02526,-0.0742442,-1.43393,0.570341
7.88742e-06,0.000185582,0.171087,0.424257,0.387791,0.648197,-1.02476,-0.0803359,-1.43579,0.56567
7.90239e-06,0.000185632,0.163243,0.42766,0.381785,0.651939,-1.02422,-0.0864247,-1.43763,0.560994
7.91733e-06,0.000185683,0.155335,0.430898,0.375746,0.655622,-1.02364,-0.0925104,-1.43946,0.556311
7.93226e-06,0.000185734,0.147368,0.433971,0.369673,0.659247,-1.02303,-0.0985929,-1.44127,0.551623
7.94715e-06,0.000185784,0.139345,0.436878,0.363567,0.662813,-1.02238,-0.104672,-1.44306,0.546928
7.96203e-06,0.000185835,0.131269,0.439618,0.357428,0.666321,-1.02169,-0.110747,-1.44485,0.542228
7.97687e-06,0.000185887,0.123142,0.442191,0.351258,0.669768,-1.02096,-0.116818,-1.44661,0.537522
7.99168e-06,0.000185938,0.114968,0.444595,0.345056,0.673157,-1.0202,-0.122885,-1.44836,0.53281
8.00646e-06,0.000185989,0.106751,0.446829,0.338824,0.676485,-1.01941,-0.128947,-1.4501,0.528093
8.0212e-06,0.000186041,0.098493,0.448894,0.332562,0.679753,-1.01857,-0.135005,-1.45182,0.52337
8.03591e-06,0.000186093,0.0901976,0.450788,0.32627,0.682961,-1.0177,-0.141058,-1.45352,0.518641
8.05058e-06,0.000186145,0.081868,0.452512,0.319949,0.686108,-1.0168,-0.147106,-1.45521,0.513907
8.06521e-06,0.000186197,0.0735074,0.454063,0.3136,0.689195,-1.01586,-0.153149,-1.45688,0.509167
8.0798e-06,0.000186249,0.0651189,0.455443,0.307223,0.69222,-1.01488,-0.159186,-1.45854,0.504422
8.09435e-06,0.000186302,0.0567057,0.45665,0.300819,0.695184,-1.01386,-0.165218,-1.46018,0.499672
8.10884e-06,0.000186354,0.0482711,0.457685,0.294388,0.698087,-1.01281,-0.171243,-1.4618,0.494916
8.1233e-06,0.000186407,0.0398183,0.458546,0.287931,0.700927,-1.01172,-0.177262,-1.46342,0.490155
8.1377e-06,0.00018646,0.0313503,0.459235,0.281449,0.703706,-1.01059,-0.183275,-1.46501,0.485388
8.15205e-06,0.000186513,0.0228706,0.459749,0.274942,0.706423,-1.00943,-0.189282,-1.46659,0.480617
8.16635e-06,0.000186566,0.0143821,0.46009,0.26841,0.709077,-1.00824,-0.195281,-1.46815,0.47584
8.18059e-06,0.00018662,0.00588826,0.460257,0.261855,0.711668,-1.007,-0.201274,-1.4697,0.471059
8.19478e-06,0.000186673,-0.00260782,0.46025,0.255276,0.714197,-1.00573,-0.207259,-1.47123,0.466272
8.20891e-06,0.000186727,-0.0111029,0.460068,0.248675,0.716662,-1.00443,-0.213237,-1.47275,0.46148
8.22297e-06,0.000186781,-0.0195938,0.459713,0.242052,0.719065,-1.00308,-0.219207,-1.47425,0.456684
8.23698e-06,0.000186835,-0.0280773,0.459184,0.235408,0.721404,-1.00171,-0.22517,-1.47573,0.451882
8.25092e-06,0.000186889,-0.0365501,0.458481,0.228743,0.723679,-1.00029,-0.231124,-1.4772,0.447076
8.26479e-06,0.000186944,-0.0450091,0.457604,0.222058,0.725891,-0.998842,-0.23707,-1.47866,0.442265
8.2786e-06,0.000186998,-0.053451,0.456554,0.215354,0.728039,-0.997356,-0.243007,-1.48009,0.437449
8.29234e-06,0.000187053,-0.0618726,0.45533,0.20863,0.730123,-0.995834,-0.248936,-1.48152,0.432628
8.306e-06,0.000187108,-0.0702707,0.453934,0.201888,0.732143,-0.994276,-0.254855,-1.48292,0.427803
8.3196e-06,0.000187163,-0.078642,0.452365,0.195129,0.734098,-0.992683,-0.260766,-1.48431,0.422974
8.33311e-06,0.000187218,-0.0869834,0.450623,0.188352,0.735989,-0.991053,-0.266667,-1.48569,0.418139
8.34655e-06,0.000187273,-0.0952916,0.44871,0.181558,0.737816,-0.989388,-0.272558,-1.48705,0.413301
8.35991e-06,0.000187329,-0.103563,0.446626,0.174749,0.739577,-0.987688,-0.27844,-1.48839,0.408458
8.37319e-06,0.000187385,-0.111796,0.44437,0.167925,0.741274,-0.985952,-0.284311,-1.48972,0.40361
8.38639e-06,0.00018744,-0.119985,0.441945,0.161085,0.742906,-0.98418,-0.290173,-1.49103,0.398759
8.3995e-06,0.000187496,-0.128128,0.43935,0.154232,0.744472,-0.982373,-0.296024,-1.49232,0.393903
8.41252e-06,0.000187553,-0.136222,0.436586,0.147365,0.745974,-0.98053,-0.301864,-1.4936,0.389043
8.42546e-06,0.000187609,-0.144264,0.433655,0.140485,0.74741,-0.978652,-0.307693,-1.49486,0.384178
8.4383e-06,0.000187665,-0.15225,0.430555,0.133593,0.74878,-0.976739,-0.313512,-1.49611,0.37931
8.45106e-06,0.000187722,-0.160177,0.42729,0.126689,0.750086,-0.974791,-0.319318,-1.49734,0.374437
8.46372e-06,0.000187779,-0.168042,0.423859,0.119774,0.751325,-0.972807,-0.325114,-1.49856,0.369561
8.47628e-06,0.000187836,-0.175841,0.420263,0.112849,0.752499,-0.970789,-0.330898,-1.49976,0.364681
8.48875e-06,0.000187893,-0.183572,0.416503,0.105913,0.753607,-0.968735,-0.336669,-1.50094,0.359796
8.50112e-06,0.00018795,-0.191232,0.412581,0.0989689,0.75465,-0.966646,-0.342429,-1.50211,0.354908
8.51338e-06,0.000188007,-0.198816,0.408498,0.0920157,0.755626,-0.964523,-0.348176,-1.50326,0.350016
8.52555e-06,0.000188065,-0.206323,0.404254,0.0850545,0.756537,-0.962365,-0.353911,-1.50439,0.345121
8.53761e-06,0.000188122,-0.213748,0.399851,0.0780859,0.757381,-0.960172,-0.359633,-1.50551,0.340221
8.54956e-06,0.00018818,-0.221089,0.395291,0.0711105,0.758159,-0.957944,-0.365341,-1.50661,0.335319
8.5614e-06,0.000188238,-0.228342,0.390574,0.0641289,0.758872,-0.955682,-0.371037,-1.5077,0.330412
8.57314e-06,0.000188296,-0.235505,0.385701,0.0571417,0.759518,-0.953385,-0.376719,-1.50877,0.325502
8.58476e-06,0.000188355,-0.242574,0.380676,0.0501495,0.760098,-0.951054,-0.382388,-1.50983,0.320588
8.59627e-06,0.000188413,-0.249545,0.375498,0.0431529,0.760612,-0.948688,-0.388043,-1.51087,0.315672
8.60766e-06,0.000188472,-0.256417,0.370169,0.0361526,0.761059,-0.946288,-0.393684,-1.51189,0.310751
8.61893e-06,0.00018853,-0.263185,0.364692,0.0291492,0.761441,-0.943854,-0.39931,-1.51289,0.305828
8.63009e-06,0.000188589,-0.269847,0.359067,0.0221432,0.761756,-0.941386,-0.404922,-1.51389,0.300901
8.64112e-06,0.000188648,-0.2764,0.353296,0.0151352,0.762005,-0.938884,-0.41052,-1.51486,0.295971
8.65204e-06,0.000188707,-0.28284,0.347382,0.008126,0.762187,-0.936348,-0.416103,-1.51582,0.291037
8.66282e-06,0.000188767,-0.289164,0.341326,0.00111606,0.762304,-0.933778,-0.42167,-1.51676,0.286101
8.67349e-06,0.000188826,-0.29537,0.33513,-0.00589399,0.762354,-0.931174,-0.427222,-1.51768,0.281162
8.68402e-06,0.000188886,-0.301454,0.328797,-0.0129035,0.762337,-0.928536,-0.432759,-1.51859,0.276219
8.69442e-06,0.000188945,-0.307414,0.322327,-0.0199119,0.762255,-0.925865,-0.43828,-1.51949,0.271274
8.7047e-06,0.000189005,-0.313246,0.315723,-0.0269186,0.762106,-0.923161,-0.443786,-1.52036,0.266326
8.71484e-06,0.000189065,-0.318947,0.308988,-0.0339229,0.761892,-0.920422,-0.449275,-1.52122,0.261375
8.72484e-06,0.000189125,-0.324514,0.302124,-0.0409243,0.761611,-0.917651,-0.454748,-1.52207,0.256421
8.73471e-06,0.000189186,-0.329945,0.295132,-0.0479222,0.761264,-0.914846,-0.460204,-1.5229,0.251464
8.74444e-06,0.000189246,-0.335237,0.288016,-0.0549159,0.760851,-0.912009,-0.465644,-1.52371,0.246505
8.75403e-06,0.000189307,-0.340386,0.280777,-0.0619048,0.760372,-0.909138,-0.471067,-1.52451,0.241543
8.76348e-06,0.000189367,-0.34539,0.273419,-0.0688883,0.759827,-0.906234,-0.476473,-1.52529,0.236579
8.77279e-06,0.000189428,-0.350246,0.265944,-0.0758659,0.759216,-0.903297,-0.481861,-1.52605,0.231612
8.78195e-06,0.000189489,-0.354951,0.258354,-0.0828369,0.75854,-0.900328,-0.487232,-1.5268,0.226642
8.79097e-06,0.00018955,-0.359502,0.250653,-0.0898007,0.757797,-0.897326,-0.492586,-1.52753,0.22167
8.79984e-06,0.000189611,-0.363898,0.242842,-0.0967567,0.756989,-0.894291,-0.497921,-1.52824,0.216696
8.80855e-06,0.000189672,-0.368134,0.234926,-0.103704,0.756116,-0.891224,-0.503239,-1.52894,0.21172
8.81712e-06,0.000189734,-0.372208,0.226906,-0.110643,0.755176,-0.888125,-0.508538,-1.52962,0.206741
8.82553e-06,0.000189795,-0.376118,0.218787,-0.117572,0.754172,-0.884993,-0.513819,-1.53029,0.20176
8.83379e-06,0.000189857,-0.379861,0.21057,-0.124491,0.753102,-0.88183,-0.519081,-1.53093,0.196777
8.8419e-06,0.000189919,-0.383435,0.20226,-0.131399,0.751967,-0.878634,-0.524324,-1.53157,0.191792
8.84984e-06,0.000189981,-0.386836,0.193858,-0.138296,0.750767,-0.875406,-0.529548,-1.53218,0.186804
8.85763e-06,0.000190043,-0.390063,0.18537,-0.145181,0.749502,-0.872147,-0.534753,-1.53278,0.181815
8.86526e-06,0.000190105,-0.393113,0.176797,-0.152053,0.748172,-0.868855,-0.539938,-1.53337,0.176824
8.87272e-06,0.000190167,-0.395984,0.168144,-0.158912,0.746778,-0.865533,-0.545104,-1.53394,0.171831
8.88002e-06,0.000190229,-0.398674,0.159414,-0.165757,0.745319,-0.862178,-0.55025,-1.53449,0.166836
8.88716e-06,0.000190292,-0.40118,0.150611,-0.172588,0.743795,-0.858793,-0.555376,-1.53502,0.161839
8.89413e-06,0.000190354,-0.403499,0.141738,-0.179404,0.742207,-0.855376,-0.560482,-1.53554,0.156841
8.90093e-06,0.000190417,-0.405631,0.132799,-0.186205,0.740555,-0.851928,-0.565567,-1.53604,0.15184
8.90756e-06,0.00019048,-0.407572,0.123798,-0.192989,0.738839,-0.848449,-0.570632,-1.53653,0.146839
8.91403e-06,0.000190543,-0.409322,0.114738,-0.199757,0.737058,-0.844939,-0.575676,-1.537,0.141835
8.92032e-06,0.000190606,-0.410877,0.105624,-0.206507,0.735215,-0.841399,-0.580699,-1.53745,0.136831
8.92643e-06,0.000190669,-0.412236,0.0964601,-0.21324,0.733307,-0.837828,-0.585701,-1.53788,0.131824
8.93237e-06,0.000190732,-0.413398,0.0872498,-0.219954,0.731336,-0.834226,-0.590682,-1.5383,0.126817
8.93814e-06,0.000190795,-0.41436,0.0779976,-0.226649,0.729302,-0.830594,-0.595641,-1.53871,0.121808
8.94373e-06,0.000190858,-0.415121,0.0687075,-0.233324,0.727205,-0.826931,-0.600578,-1.5391,0.116797
8.94913e-06,0.000190922,-0.41568,0.059384,-0.23998,0.725046,-0.823239,-0.605494,-1.53947,0.111786
8.95436e-06,0.000190985,-0.416034,0.0500315,-0.246614,0.722823,-0.819516,-0.610387,-1.53982,0.106773
8.95941e-06,0.000191049,-0.416183,0.0406543,-0.253228,0.720538,-0.815764,-0.615258,-1.54016,0.101759
8.96428e-06,0.000191113,-0.416125,0.031257,-0.259819,0.718191,-0.811982,-0.620107,-1.54048,0.0967442
8.96896e-06,0.000191177,-0.415859,0.0218442,-0.266388,0.715781,-0.80817,-0.624933,-1.54078,0.0917282
8.97345e-06,0.000191241,-0.415384,0.0124206,-0.272934,0.71331,-0.804329,-0.629736,-1.54107,0.0867112
8.97776e-06,0.000191305,-0.4147,0.00299071,-0.279456,0.710777,-0.800458,-0.634516,-1.54134,0.0816933
8.98189e-06,0.000191369,-0.413804,-0.00644057,-0.285954,0.708183,-0.796558,-0.639273,-1.5416,0.0766746
8.98582e-06,0.000191433,-0.412697,-0.0158685,-0.292428,0.705527,-0.792629,-0.644007,-1.54184,0.071655
8.98957e-06,0.000191497,-0.411377,-0.0252881,-0.298876,0.702811,-0.788671,-0.648717,-1.54206,0.0666346
8.99312e-06,0.000191561,-0.409845,-0.0346945,-0.305298,0.700034,-0.784685,-0.653403,-1.54227,0.0616136
8.99649e-06,0.000191626,-0.408099,-0.0440828,-0.311694,0.697196,-0.780669,-0.658066,-1.54246,0.0565919
8.99966e-06,0.00019169,-0.406139,-0.0534479,-0.318063,0.694298,-0.776626,-0.662705,-1.54263,0.0515695
9.00264e-06,0.000191755,-0.403966,-0.0627848,-0.324404,0.69134,-0.772553,-0.667319,-1.54279,0.0465467
9.00542e-06,0.000191819,-0.401579,-0.0720883,-0.330718,0.688322,-0.768453,-0.671909,-1.54293,0.0415233
9.00801e-06,0.000191884,-0.398978,-0.0813534,-0.337003,0.685245,-0.764324,-0.676474,-1.54305,0.0364995
9.0104e-06,0.000191949,-0.396164,-0.0905747,-0.343258,0.682109,-0.760168,-0.681015,-1.54316,0.0314753
9.0126e-06,0.000192013,-0.393136,-0.0997473,-0.349484,0.678913,-0.755983,-0.68553,-1.54325,0.0264508
9.01459e-06,0.000192078,-0.389895,-0.108866,-0.35568,0.675659,-0.751771,-0.690021,-1.54333,0.021426
9.01639e-06,0.000192143,-0.386443,-0.117925,-0.361845,0.672346,-0.747531,-0.694486,-1.54338,0.016401
9.01799e-06,0.000192208,-0.382778,-0.126919,-0.367979,0.668976,-0.743264,-0.698926,-1.54343,0.0113758
9.0194e-06,0.000192273,-0.378903,-0.135844,-0.37408,0.665547,-0.73897,-0.70334,-1.54345,0.00635049
9.0206e-06,0.000192338,-0.374819,-0.144693,-0.38015,0.662061,-0.734649,-0.707729,-1.54346,0.0013251
9.02159e-06,0.000192403,-0.370526,-0.153462,-0.386186,0.658517,-0.730301,-0.712091,-1.54345,-0.00370029
9.02239e-06,0.000192468,-0.366026,-0.162144,-0.39219,0.654917,-0.725926,-0.716427,-1.54343,-0.00872565
9.02299e-06,0.000192534,-0.361321,-0.170736,-0.398159,0.65126,-0.721524,-0.720738,-1.54339,-0.0137509
9.02338e-06,0.000192599,-0.356411,-0.179231,-0.404093,0.647546,-0.717096,-0.725021,-1.54333,-0.018776
9.02356e-06,0.000192664,-0.3513,-0.187625,-0.409993,0.643777,-0.712642,-0.729278,-1.54326,-0.0238009
9.02355e-06,0.000192729,-0.345988,-0.195911,-0.415857,0.639951,-0.708161,-0.733509,-1.54317,-0.0288256
9.02333e-06,0.000192795,-0.340478,-0.204086,-0.421686,0.636071,-0.703655,-0.737712,-1.54306,-0.0338499
9.0229e-06,0.00019286,-0.334773,-0.212142,-0.427477,0.632135,-0.699122,-0.741888,-1.54294,-0.0388739
9.02227e-06,0.000192926,-0.328874,-0.220076,-0.433232,0.628144,-0.694564,-0.746037,-1.5428,-0.0438975
9.02144e-06,0.000192991,-0.322784,-0.227883,-0.438949,0.624099,-0.689981,-0.750159,-1.54264,-0.0489205
9.0204e-06,0.000193057,-0.316507,-0.235556,-0.444628,0.62,-0.685372,-0.754253,-1.54247,-0.0539431
9.01915e-06,0.000193122,-0.310044,-0.243092,-0.450268,0.615847,-0.680738,-0.758319,-1.54228,-0.0589651
9.0177e-06,0.000193188,-0.303399,-0.250484,-0.45587,0.611641,-0.676079,-0.762358,-1.54208,-0.0639865
9.01604e-06,0.000193253,-0.296575,-0.257729,-0.461432,0.607382,-0.671395,-0.766368,-1.54185,-0.0690071
9.01417e-06,0.000193319,-0.289575,-0.264821,-0.466953,0.60307,-0.666686,-0.77035,-1.54162,-0.0740271
9.0121e-06,0.000193384,-0.282404,-0.271756,-0.472435,0.598706,-0.661953,-0.774304,-1.54136,-0.0790462
9.00982e-06,0.00019345,-0.275064,-0.278529,-0.477875,0.59429,-0.657196,-0.77823,-1.54109,-0.0840645
9.00733e-06,0.000193515,-0.26756,-0.285135,-0.483274,0.589822,-0.652414,-0.782126,-1.5408,-0.0890819
9.00464e-06,0.000193581,-0.259896,-0.29157,-0.488631,0.585303,-0.647608,-0.785994,-1.5405,-0.0940984
9.00174e-06,0.000193647,-0.252074,-0.297829,-0.493945,0.580733,-0.642779,-0.789833,-1.54018,-0.0991138
8.99863e-06,0.000193712,-0.244101,-0.303909,-0.499217,0.576113,-0.637926,-0.793643,-1.53984,-0.104128
8.99532e-06,0.000193778,-0.23598,-0.309804,-0.504445,0.571443,-0.633049,-0.797424,-1.53949,-0.109141
8.9918e-06,0.000193844,-0.227716,-0.315512,-0.509629,0.566723,-0.628149,-0.801175,-1.53912,-0.114154
8.98807e-06,0.000193909,-0.219314,-0.321027,-0.514769,0.561953,-0.623225,-0.804897,-1.53873,-0.119164
8.98414e-06,0.000193975,-0.210778,-0.326347,-0.519864,0.557135,-0.618279,-0.808589,-1.53833,-0.124174
8.98e-06,0.00019404,-0.202113,-0.331467,-0.524914,0.552269,-0.61331,-0.812251,-1.53791,-0.129182
8.97566e-06,0.000194106,-0.193324,-0.336384,-0.529918,0.547354,-0.608319,-0.815883,-1.53747,-0.134189
8.97111e-06,0.000194172,-0.184417,-0.341095,-0.534876,0.542392,-0.603305,-0.819485,-1.53702,-0.139195
8.96635e-06,0.000194237,-0.175397,-0.345597,-0.539788,0.537383,-0.598268,-0.823057,-1.53655,-0.144199
8.9614e-06,0.000194303,-0.166268,-0.349885,-0.544652,0.532326,-0.59321,-0.826599,-1.53607,-0.149201
8.95623e-06,0.000194368,-0.157038,-0.353959,-0.549469,0.527224,-0.588129,-0.830109,-1.53557,-0.154202
8.95087e-06,0.000194434,-0.14771,-0.357814,-0.554238,0.522075,-0.583027,-0.83359,-1.53505,-0.159201
8.9453e-06,0.0001945,-0.138292,-0.361448,-0.558959,0.516881,-0.577904,-0.837039,-1.53452,-0.164199
8.93953e-06,0.000194565,-0.128788,-0.364859,-0.563631,0.511642,-0.572759,-0.840458,-1.53397,-0.169194
8.93355e-06,0.000194631,-0.119204,-0.368044,-0.568254,0.506358,-0.567593,-0.843845,-1.5334,-0.174188
8.92737e-06,0.000194696,-0.109547,-0.371002,-0.572827,0.50103,-0.562406,-0.847201,-1.53282,-0.17918
8.921e-06,0.000194762,-0.0998222,-0.37373,-0.57735,0.495658,-0.557198,-0.850526,-1.53222,-0.184171
8.91442e-06,0.000194827,-0.0900357,-0.376227,-0.581823,0.490243,-0.551969,-0.85382,-1.5316,-0.189159
8.90764e-06,0.000194892,-0.0801934,-0.378492,-0.586245,0.484785,-0.54672,-0.857081,-1.53097,-0.194145
8.90066e-06,0.000194958,-0.0703017,-0.380523,-0.590615,0.479285,-0.541451,-0.860311,-1.53032,-0.199129
8.89348e-06,0.000195023,-0.0603665,-0.382318,-0.594934,0.473743,-0.536162,-0.86351,-1.52966,-0.204111
8.8861e-06,0.000195088,-0.0503941,-0.383878,-0.599201,0.468159,-0.530852,-0.866676,-1.52898,-0.209091
8.87853e-06,0.000195154,-0.0403905,-0.3852,-0.603415,0.462535,-0.525524,-0.86981,-1.52828,-0.214068
8.87076e-06,0.000195219,-0.0303621,-0.386286,-0.607577,0.45687,-0.520175,-0.872912,-1.52757,-0.219044
8.86279e-06,0.000195284,-0.0203151,-0.387133,-0.611685,0.451165,-0.514808,-0.875981,-1.52684,-0.224016
8.85463e-06,0.000195349,-0.0102555,-0.387743,-0.61574,0.44542,-0.509421,-0.879018,-1.52609,-0.228987
8.84627e-06,0.000195414,-0.000189636,-0.388115,-0.619741,0.439636,-0.504016,-0.882022,-1.52533,-0.233955
8.83771e-06,0.000195479,0.00987635,-0.388249,-0.623687,0.433814,-0.498591,-0.884994,-1.52455,-0.238921
8.82897e-06,0.000195544,0.0199363,-0.388145,-0.627578,0.427954,-0.493149,-0.887933,-1.52375,-0.243884
8.82003e-06,0.000195609,0.0299841,-0.387805,-0.631415,0.422056,-0.487688,-0.890839,-1.52294,-0.248844
8.81089e-06,0.000195674,0.0400136,-0.387228,-0.635196,0.416121,-0.482208,-0.893712,-1.52211,-0.253802
8.80157e-06,0.000195739,0.0500189,-0.386417,-0.638921,0.41015,-0.476711,-0.896551,-1.52127,-0.258757
8.79205e-06,0.000195804,0.0599939,-0.385371,-0.64259,0.404142,-0.471197,-0.899357,-1.52041,-0.263709
8.78235e-06,0.000195869,0.0699326,-0.384092,-0.646202,0.398099,-0.465664,-0.90213,-1.51953,-0.268659
8.77245e-06,0.000195933,0.0798293,-0.382582,-0.649758,0.392021,-0.460115,-0.904869,-1.51864,-0.273605
8.76237e-06,0.000195998,0.089678,-0.380842,-0.653256,0.385909,-0.454548,-0.907575,-1.51773,-0.278549
8.7521e-06,0.000196062,0.099473,-0.378874,-0.656697,0.379762,-0.448965,-0.910247,-1.51681,-0.28349
8.74164e-06,0.000196127,0.109209,-0.376679,-0.66008,0.373582,-0.443364,-0.912885,-1.51587,-0.288427
8.731e-06,0.000196191,0.118879,-0.374261,-0.663404,0.367369,-0.437748,-0.915489,-1.51491,-0.293362
8.72017e-06,0.000196256,0.12848,-0.37162,-0.666671,0.361124,-0.432114,-0.918059,-1.51394,-0.298293
8.70915e-06,0.00019632,0.138004,-0.368761,-0.669878,0.354847,-0.426465,-0.920595,-1.51295,-0.303222
8.69795e-06,0.000196384,0.147447,-0.365684,-0.673026,0.348538,-0.4208,-0.923096,-1.51194,-0.308147
8.68657e-06,0.000196449,0.156804,-0.362393,-0.676114,0.342199,-0.41512,-0.925563,-1.51092,-0.313068
8.675e-06,0.000196513,0.16607,-0.35889,-0.679143,0.335829,-0.409423,-0.927996,-1.50988,-0.317987
8.66326e-06,0.000196577,0.175239,-0.355179,-0.682112,0.32943,-0.403712,-0.930394,-1.50883,-0.322902
8.65133e-06,0.000196641,0.184306,-0.351262,-0.68502,0.323001,-0.397985,-0.932757,-1.50776,-0.327813
8.63922e-06,0.000196705,0.193268,-0.347142,-0.687868,0.316544,-0.392244,-0.935086,-1.50667,-0.332721
8.62693e-06,0.000196769,0.202119,-0.342824,-0.690654,0.310059,-0.386488,-0.93738,-1.50557,-0.337626
8.61446e-06,0.000196833,0.210854,-0.33831,-0.69338,0.303547,-0.380718,-0.939638,-1.50445,-0.342527
8.60181e-06,0.000196896,0.219469,-0.333603,-0.696044,0.297007,-0.374933,-0.941862,-1.50331,-0.347424
8.58899e-06,0.00019696,0.227961,-0.328708,-0.698646,0.290441,-0.369135,-0.94405,-1.50216,-0.352318
8.57598e-06,0.000197024,0.236324,-0.323628,-0.701186,0.28385,-0.363322,-0.946203,-1.501,-0.357207
8.5628e-06,0.000197087,0.244555,-0.318366,-0.703663,0.277233,-0.357496,-0.948321,-1.49981,-0.362093
8.54945e-06,0.000197151,0.25265,-0.312927,-0.706079,0.270592,-0.351657,-0.950404,-1.49862,-0.366975
8.53592e-06,0.000197214,0.260605,-0.307315,-0.708431,0.263926,-0.345805,-0.952451,-1.4974,-0.371853
8.52222e-06,0.000197277,0.268416,-0.301533,-0.71072,0.257237,-0.339939,-0.954462,-1.49617,-0.376728
8.50834e-06,0.00019734,0.27608,-0.295586,-0.712946,0.250525,-0.334061,-0.956438,-1.49492,-0.381598
8.49429e-06,0.000197403,0.283593,-0.289477,-0.715108,0.243791,-0.328171,-0.958377,-1.49366,-0.386464
8.48006e-06,0.000197467,0.290953,-0.283212,-0.717207,0.237035,-0.322268,-0.960281,-1.49238,-0.391326
8.46567e-06,0.000197529,0.298156,-0.276793,-0.719241,0.230258,-0.316353,-0.962149,-1.49109,-0.396183
8.4511e-06,0.000197592,0.305199,-0.270226,-0.721211,0.22346,-0.310426,-0.963981,-1.48978,-0.401037
8.43636e-06,0.000197655,0.312079,-0.263515,-0.723117,0.216643,-0.304488,-0.965777,-1.48845,-0.405886
8.42145e-06,0.000197718,0.318793,-0.256663,-0.724958,0.209806,-0.298538,-0.967537,-1.48711,-0.410731
8.40638e-06,0.00019778,0.325339,-0.249677,-0.726735,0.20295,-0.292577,-0.96926,-1.48575,-0.415572
8.39113e-06,0.000197843,0.331715,-0.242559,-0.728446,0.196076,-0.286605,-0.970948,-1.48437,-0.420408
8.37572e-06,0.000197905,0.337918,-0.235314,-0.730092,0.189185,-0.280622,-0.972598,-1.48298,-0.425239
8.36013e-06,0.000197968,0.343945,-0.227948,-0.731672,0.182276,-0.274629,-0.974213,-1.48158,-0.430066
8.34438e-06,0.00019803,0.349796,-0.220464,-0.733187,0.175352,-0.268626,-0.97579,-1.48016,-0.434889
8.32847e-06,0.000198092,0.355467,-0.212866,-0.734636,0.168411,-0.262612,-0.977331,-1.47872,-0.439706
8.31239e-06,0.000198154,0.360956,-0.205161,-0.736019,0.161456,-0.256589,-0.978836,-1.47727,-0.444519
8.29614e-06,0.000198216,0.366263,-0.197351,-0.737335,0.154486,-0.250556,-0.980304,-1.4758,-0.449328
8.27972e-06,0.000198278,0.371386,-0.189442,-0.738586,0.147502,-0.244513,-0.981735,-1.47431,-0.454131
8.26315e-06,0.00019834,0.376323,-0.181437,-0.73977,0.140505,-0.238462,-0.983129,-1.47281,-0.45893
8.24641e-06,0.000198402,0.381072,-0.173343,-0.740887,0.133495,-0.232401,-0.984486,-1.4713,-0.463724
8.2295e-06,0.000198463,0.385633,-0.165162,-0.741938,0.126473,-0.226332,-0.985806,-1.46976,-0.468513
8.21243e-06,0.000198525,0.390004,-0.1569,-0.742921,0.11944,-0.220254,-0.987089,-1.46822,-0.473296
8.1952e-06,0.000198586,0.394184,-0.148562,-0.743838,0.112396,-0.214168,-0.988335,-1.46665,-0.478075
8.17781e-06,0.000198647,0.398173,-0.140151,-0.744687,0.105342,-0.208074,-0.989544,-1.46507,-0.482849
8.16026e-06,0.000198708,0.401969,-0.131672,-0.745469,0.0982782,-0.201972,-0.990715,-1.46348,-0.487617
8.14254e-06,0.00019877,0.405572,-0.12313,-0.746184,0.0912057,-0.195862,-0.99185,-1.46187,-0.49238
8.12467e-06,0.000198831,0.408981,-0.114528,-0.746831,0.084125,-0.189745,-0.992946,-1.46024,-0.497138
8.10664e-06,0.000198891,0.412196,-0.105873,-0.74741,0.0770366,-0.183621,-0.994006,-1.4586,-0.501891
8.08844e-06,0.000198952,0.415216,-0.097167,-0.747922,0.0699413,-0.17749,-0.995028,-1.45694,-0.506638
8.07009e-06,0.000199013,0.418041,-0.0884154,-0.748366,0.0628397,-0.171353,-0.996013,-1.45527,-0.51138
8.05158e-06,0.000199073,0.420671,-0.0796225,-0.748742,0.0557324,-0.165209,-0.99696,-1.45358,-0.516117
8.03291e-06,0.000199134,0.423106,-0.0707926,-0.749049,0.0486201,-0.159058,-0.99787,-1.45188,-0.520848
8.01409e-06,0.000199194,0.425345,-0.0619298,-0.749289,0.0415033,-0.152902,-0.998742,-1.45016,-0.525573
7.99511e-06,0.000199254,0.427389,-0.0530385,-0.749461,0.0343828,-0.14674,-0.999576,-1.44842,-0.530293
7.97597e-06,0.000199315,0.429237,-0.0441229,-0.749564,0.0272592,-0.140572,-1.00037,-1.44667,-0.535007
7.95667e-06,0.000199375,0.430891,-0.0351871,-0.749599,0.0201331,-0.134399,-1.00113,-1.44491,-0.539715
7.93723e-06,0.000199434,0.43235,-0.0262354,-0.749566,0.0130052,-0.128221,-1.00185,-1.44313,-0.544418
7.91762e-06,0.000199494,0.433615,-0.0172718,-0.749464,0.0058761,-0.122038,-1.00254,-1.44133,-0.549114
7.89787e-06,0.000199554,0.434686,-0.00830036,-0.749294,-0.0012535,-0.115851,-1.00318,-1.43952,-0.553805
7.87795e-06,0.000199613,0.435563,0.000674838,-0.749055,-0.00838296,-0.109659,-1.00379,-1.43769,-0.55849
7.85789e-06,0.000199673,0.436248,0.00964983,-0.748748,-0.0155116,-0.103463,-1.00436,-1.43585,-0.563169
7.83767e-06,0.000199732,0.436741,0.0186207,-0.748372,-0.0226389,-0.0972632,-1.00489,-1.43399,-0.567842
7.81731e-06,0.000199791,0.437043,0.0275834,-0.747928,-0.029764,-0.0910596,-1.00538,-1.43212,-0.572509
7.79679e-06,0.00019985,0.437154,0.0365343,-0.747415,-0.0368864,-0.0848526,-1.00584,-1.43023,-0.57717
7.77612e-06,0.000199909,0.437076,0.0454694,-0.746834,-0.0440054,-0.0786424,-1.00626,-1.42832,-0.581824
7.75529e-06,0.000199968,0.436809,0.0543849,-0.746184,-0.0511204,-0.0724292,-1.00664,-1.4264,-0.586473
7.73432e-06,0.000200027,0.436355,0.0632772,-0.745465,-0.0582306,-0.0662133,-1.00698,-1.42447,-0.591115
7.7132e-06,0.000200086,0.435714,0.0721426,-0.744678,-0.0653355,-0.0599949,-1.00728,-1.42252,-0.59575
7.69194e-06,0.000200144,0.434888,0.0809773,-0.743823,-0.0724343,-0.0537742,-1.00755,-1.42055,-0.60038
7.67052e-06,0.000200202,0.433878,0.0897779,-0.742899,-0.0795264,-0.0475515,-1.00777,-1.41857,-0.605003
7.64895e-06,0.00020026,0.432685,0.0985407,-0.741906,-0.0866112,-0.0413269,-1.00796,-1.41658,-0.609619
7.62724e-06,0.000200319,0.43131,0.107262,-0.740845,-0.093688,-0.0351008,-1.00811,-1.41457,-0.614229
7.60539e-06,0.000200376,0.429756,0.115939,-0.739716,-0.100756,-0.0288734,-1.00823,-1.41254,-0.618833
7.58338e-06,0.000200434,0.428022,0.124568,-0.738518,-0.107815,-0.0226449,-1.0083,-1.4105,-0.623429
7.56124e-06,0.000200492,0.426112,0.133145,-0.737253,-0.114864,-0.0164155,-1.00834,-1.40844,-0.628019
7.53894e-06,0.000200549,0.424025,0.141667,-0.735918,-0.121902,-0.0101855,-1.00834,-1.40637,-0.632603
7.51651e-06,0.000200607,0.421764,0.150131,-0.734516,-0.128929,-0.00395507,-1.00829,-1.40429,-0.637179
7.49393e-06,0.000200664,0.419331,0.158534,-0.733046,-0.135944,0.00227547,-1.00822,-1.40219,-0.641749
7.47121e-06,0.000200721,0.416727,0.166873,-0.731507,-0.142946,0.00850593,-1.0081,-1.40007,-0.646312
7.44834e-06,0.000200778,0.413954,0.175143,-0.729901,-0.149935,0.0147361,-1.00794,-1.39794,-0.650868
7.42534e-06,0.000200835,0.411013,0.183343,-0.728227,-0.15691,0.0209656,-1.00775,-1.39579,-0.655417
7.40219e-06,0.000200892,0.407907,0.191469,-0.726486,-0.16387,0.0271944,-1.00752,-1.39363,-0.659959
7.37891e-06,0.000200948,0.404636,0.199518,-0.724676,-0.170815,0.0334222,-1.00725,-1.39146,-0.664494
7.35548e-06,0.000201005,0.401204,0.207488,-0.7228,-0.177745,0.0396486,-1.00694,-1.38926,-0.669022
7.33192e-06,0.000201061,0.397611,0.215375,-0.720855,-0.184657,0.0458736,-1.0066,-1.38706,-0.673543
7.30822e-06,0.000201117,0.393861,0.223176,-0.718844,-0.191553,0.0520968,-1.00621,-1.38484,-0.678056
7.28438e-06,0.000201173,0.389954,0.230888,-0.716766,-0.19843,0.0583181,-1.00579,-1.3826,-0.682562
7.2604e-06,0.000201229,0.385894,0.23851,-0.71462,-0.205289,0.0645371,-1.00533,-1.38035,-0.687061
7.23629e-06,0.000201285,0.381681,0.246038,-0.712408,-0.212129,0.0707537,-1.00483,-1.37809,-0.691553
7.21205e-06,0.00020134,0.377318,0.253469,-0.710129,-0.218949,0.0769676,-1.00429,-1.37581,-0.696037
7.18767e-06,0.000201396,0.372807,0.260801,-0.707784,-0.225748,0.0831785,-1.00371,-1.37351,-0.700514
7.16316e-06,0.000201451,0.368151,0.268031,-0.705373,-0.232527,0.0893863,-1.0031,-1.37121,-0.704983
7.13851e-06,0.000201506,0.363351,0.275156,-0.702895,-0.239283,0.0955907,-1.00245,-1.36888,-0.709445
7.11374e-06,0.000201561,0.35841,0.282175,-0.700351,-0.246017,0.101791,-1.00176,-1.36654,-0.713899
7.08883e-06,0.000201616,0.353329,0.289084,-0.697742,-0.252728,0.107988,-1.00103,-1.36419,-0.718345
7.06379e-06,0.00020167,0.348112,0.295881,-0.695067,-0.259415,0.114181,-1.00026,-1.36182,-0.722784
7.03863e-06,0.000201725,0.342761,0.302565,-0.692326,-0.266077,0.12037,-0.999457,-1.35944,-0.727215
7.01333e-06,0.000201779,0.337277,0.309131,-0.68952,-0.272715,0.126553,-0.998614,-1.35704,-0.731638
6.98791e-06,0.000201833,0.331664,0.315579,-0.68665,-0.279327,0.132732,-0.997733,-1.35463,-0.736054
6.96236e-06,0.000201887,0.325923,0.321906,-0.683714,-0.285912,0.138906,-0.996814,-1.35221,-0.740461
6.93668e-06,0.000201941,0.320057,0.328109,-0.680715,-0.292471,0.145075,-0.995857,-1.34977,-0.744861
6.91088e-06,0.000201995,0.314069,0.334187,-0.67765,-0.299001,0.151238,-0.994862,-1.34731,-0.749252
6.88496e-06,0.000202048,0.307961,0.340137,-0.674522,-0.305504,0.157395,-0.993829,-1.34484,-0.753636
6.85891e-06,0.000202102,0.301736,0.345958,-0.67133,-0.311978,0.163547,-0.992758,-1.34236,-0.758011
6.83274e-06,0.000202155,0.295395,0.351647,-0.668075,-0.318422,0.169692,-0.991649,-1.33986,-0.762379
6.80645e-06,0.000202208,0.288942,0.357202,-0.664756,-0.324835,0.17583,-0.990503,-1.33735,-0.766738
6.78004e-06,0.000202261,0.282379,0.362621,-0.661374,-0.331218,0.181962,-0.989318,-1.33482,-0.771089
6.7535e-06,0.000202313,0.275709,0.367903,-0.657929,-0.33757,0.188087,-0.988096,-1.33228,-0.775432
6.72685e-06,0.000202366,0.268934,0.373045,-0.654422,-0.34389,0.194205,-0.986836,-1.32973,-0.779766
6.70009e-06,0.000202418,0.262058,0.378046,-0.650852,-0.350176,0.200315,-0.985538,-1.32716,-0.784092
6.6732e-06,0.00020247,0.255082,0.382903,-0.647221,-0.35643,0.206418,-0.984202,-1.32457,-0.78841
6.6462e-06,0.000202522,0.248009,0.387616,-0.643528,-0.362649,0.212513,-0.982829,-1.32198,-0.792719
6.61909e-06,0.000202574,0.240843,0.392182,-0.639774,-0.368834,0.2186,-0.981418,-1.31937,-0.79702
6.59186e-06,0.000202625,0.233585,0.3966,-0.635959,-0.374984,0.224678,-0.97997,-1.31674,-0.801312
6.56452e-06,0.000202677,0.226239,0.400868,-0.632083,-0.381098,0.230748,-0.978484,-1.3141,-0.805596
6.53707e-06,0.000202728,0.218808,0.404984,-0.628146,-0.387176,0.236808,-0.976961,-1.31145,-0.809871
6.50951e-06,0.000202779,0.211294,0.408948,-0.62415,-0.393216,0.24286,-0.975401,-1.30878,-0.814137
6.48183e-06,0.00020283,0.2037,0.412756,-0.620094,-0.399219,0.248903,-0.973803,-1.30609,-0.818395
6.45405e-06,0.000202881,0.196028,0.416409,-0.615979,-0.405184,0.254936,-0.972167,-1.3034,-0.822644
6.42617e-06,0.000202931,0.188283,0.419904,-0.611804,-0.411109,0.260959,-0.970495,-1.30069,-0.826884
6.39817e-06,0.000202982,0.180467,0.423241,-0.607571,-0.416996,0.266972,-0.968785,-1.29796,-0.831115
6.37007e-06,0.000203032,0.172582,0.426417,-0.60328,-0.422842,0.272975,-0.967038,-1.29523,-0.835337
6.34187e-06,0.000203082,0.164632,0.429432,-0.59893,-0.428648,0.278968,-0.965255,-1.29247,-0.839551
6.31356e-06,0.000203132,0.156619,0.432284,-0.594524,-0.434413,0.28495,-0.963434,-1.28971,-0.843755
6.28516e-06,0.000203181,0.148547,0.434972,-0.59006,-0.440135,0.290921,-0.961576,-1.28693,-0.84795
6.25665e-06,0.000203231,0.140418,0.437495,-0.585539,-0.445816,0.29688,-0.959681,-1.28414,-0.852136
6.22804e-06,0.00020328,0.132237,0.439852,-0.580962,-0.451453,0.302829,-0.95775,-1.28133,-0.856314
6.19934e-06,0.000203329,0.124004,0.442041,-0.576328,-0.457047,0.308766,-0.955782,-1.27851,-0.860481
6.17053e-06,0.000203378,0.115725,0.444062,-0.57164,-0.462597,0.31469,-0.953777,-1.27567,-0.86464
6.14164e-06,0.000203426,0.107401,0.445914,-0.566896,-0.468102,0.320603,-0.951735,-1.27283,-0.868789
6.11264e-06,0.000203475,0.0990369,0.447596,-0.562097,-0.473562,0.326504,-0.949657,-1.26996,-0.87293
6.08356e-06,0.000203523,0.0906344,0.449106,-0.557244,-0.478976,0.332392,-0.947543,-1.26709,-0.87706
6.05438e-06,0.000203571,0.0821972,0.450444,-0.552337,-0.484343,0.338267,-0.945392,-1.2642,-0.881182
6.02511e-06,0.000203619,0.0737284,0.451609,-0.547376,-0.489664,0.344129,-0.943204,-1.2613,-0.885293
5.99575e-06,0.000203666,0.0652312,0.452601,-0.542363,-0.494937,0.349978,-0.940981,-1.25838,-0.889396
5.9663e-06,0.000203714,0.0567089,0.453418,-0.537297,-0.500163,0.355814,-0.938721,-1.25545,-0.893489
5.93677e-06,0.000203761,0.0481648,0.454061,-0.532178,-0.505339,0.361636,-0.936426,-1.25251,-0.897572
5.90715e-06,0.000203808,0.0396019,0.454527,-0.527009,-0.510467,0.367444,-0.934094,-1.24955,-0.901646
5.87744e-06,0.000203855,0.0310237,0.454818,-0.521787,-0.515545,0.373238,-0.931726,-1.24658,-0.90571
5.84765e-06,0.000203902,0.0224335,0.454931,-0.516515,-0.520573,0.379018,-0.929323,-1.2436,-0.909764
5.81778e-06,0.000203948,0.0138345,0.454868,-0.511193,-0.52555,0.384782,-0.926884,-1.2406,-0.913808
5.78783e-06,0.000203994,0.00523012,0.454626,-0.505821,-0.530476,0.390533,-0.924409,-1.23759,-0.917843
5.7578e-06,0.00020404,-0.00337632,0.454207,-0.5004,-0.53535,0.396268,-0.921899,-1.23457,-0.921868
5.72769e-06,0.000204086,-0.0119814,0.453609,-0.49493,-0.540172,0.401988,-0.919353,-1.23153,-0.925883
5.6975e-06,0.000204132,-0.0205818,0.452833,-0.489412,-0.544942,0.407692,-0.916771,-1.22848,-0.929888
5.66724e-06,0.000204177,-0.0291741,0.451877,-0.483846,-0.549658,0.413381,-0.914155,-1.22542,-0.933883
5.63691e-06,0.000204222,-0.0377548,0.450743,-0.478232,-0.55432,0.419054,-0.911503,-1.22234,-0.937868
5.6065e-06,0.000204267,-0.0463204,0.44943,-0.472572,-0.558928,0.42471,-0.908816,-1.21925,-0.941843
5.57602e-06,0.000204312,-0.0548676,0.447937,-0.466866,-0.563481,0.430351,-0.906094,-1.21615,-0.945808
5.54547e-06,0.000204356,-0.0633928,0.446265,-0.461114,-0.56798,0.435975,-0.903338,-1.21304,-0.949763
5.51485e-06,0.000204401,-0.0718926,0.444414,-0.455316,-0.572422,0.441582,-0.900546,-1.20991,-0.953707
5.48417e-06,0.000204445,-0.0803634,0.442384,-0.449474,-0.576808,0.447172,-0.89772,-1.20677,-0.957642
5.45342e-06,0.000204489,-0.0888017,0.440175,-0.443588,-0.581138,0.452744,-0.894859,-1.20361,-0.961566
5.4226e-06,0.000204532,-0.0972039,0.437787,-0.437658,-0.585411,0.4583,-0.891963,-1.20045,-0.965479
5.39172e-06,0.000204576,-0.105567,0.435222,-0.431686,-0.589626,0.463837,-0.889034,-1.19727,-0.969383
5.36078e-06,0.000204619,-0.113886,0.432478,-0.425671,-0.593783,0.469357,-0.886069,-1.19407,-0.973276
5.32978e-06,0.000204662,-0.122159,0.429556,-0.419614,-0.597882,0.474859,-0.883071,-1.19087,-0.977158
5.29873e-06,0.000204705,-0.130381,0.426458,-0.413515,-0.601921,0.480342,-0.880039,-1.18765,-0.98103
5.26761e-06,0.000204748,-0.138549,0.423183,-0.407376,-0.605902,0.485807,-0.876973,-1.18442,-0.984892
5.23644e-06,0.00020479,-0.14666,0.419732,-0.401197,-0.609823,0.491253,-0.873872,-1.18118,-0.988743
5.20521e-06,0.000204832,-0.154709,0.416106,-0.394978,-0.613683,0.49668,-0.870739,-1.17792,-0.992583
5.17394e-06,0.000204874,-0.162694,0.412305,-0.388721,-0.617483,0.502088,-0.867571,-1.17465,-0.996413
5.14261e-06,0.000204916,-0.17061,0.408331,-0.382425,-0.621222,0.507476,-0.86437,-1.17137,-1.00023
5.11123e-06,0.000204957,-0.178453,0.404184,-0.376091,-0.6249,0.512845,-0.861136,-1.16807,-1.00404
5.0798e-06,0.000204998,-0.186221,0.399866,-0.36972,-0.628515,0.518194,-0.857868,-1.16477,-1.00784
5.04833e-06,0.000205039,-0.19391,0.395376,-0.363312,-0.632069,0.523523,-0.854568,-1.16145,-1.01162
5.01681e-06,0.00020508,-0.201515,0.390717,-0.356868,-0.63556,0.528832,-0.851234,-1.15812,-1.0154
4.98525e-06,0.000205121,-0.209033,0.38589,-0.350389,-0.638988,0.534121,-0.847867,-1.15477,-1.01916
4.95365e-06,0.000205161,-0.21646,0.380895,-0.343875,-0.642352,0.539389,-0.844468,-1.15142,-1.02292
4.922e-06,0.000205201,-0.223794,0.375735,-0.337327,-0.645653,0.544636,-0.841036,-1.14805,-1.02666
4.89032e-06,0.000205241,-0.231029,0.37041,-0.330746,-0.64889,0.549862,-0.837571,-1.14467,-1.03039
4.8586e-06,0.000205281,-0.238163,0.364923,-0.324132,-0.652062,0.555066,-0.834074,-1.14127,-1.03411
4.82684e-06,0.00020532,-0.245191,0.359274,-0.317486,-0.65517,0.56025,-0.830545,-1.13787,-1.03782
4.79505e-06,0.000205359,-0.25211,0.353465,-0.310808,-0.658212,0.565411,-0.826984,-1.13445,-1.04152
4.76323e-06,0.000205398,-0.258917,0.347499,-0.304099,-0.661189,0.570551,-0.823391,-1.13102,-1.04521
4.73137e-06,0.000205437,-0.265607,0.341376,-0.29736,-0.6641,0.575669,-0.819765,-1.12758,-1.04889
4.69949e-06,0.000205475,-0.272178,0.3351,-0.290591,-0.666945,0.580764,-0.816109,-1.12412,-1.05255
4.66758e-06,0.000205513,-0.278625,0.328671,-0.283793,-0.669723,0.585837,-0.81242,-1.12066,-1.05621
4.63564e-06,0.000205551,-0.284944,0.322092,-0.276967,-0.672435,0.590887,-0.8087,-1.11718,-1.05985
4.60368e-06,0.000205589,-0.291133,0.315366,-0.270114,-0.67508,0.595915,-0.804949,-1.11369,-1.06348
4.57169e-06,0.000205627,-0.297187,0.308494,-0.263233,-0.677657,0.600919,-0.801167,-1.11018,-1.0671
