x_soleil,y_soleil,x_terre,y_terre
0,0,0.8,0
9.04005e-11,0,0.79997,0.0076953
3.61591e-10,1.7391e-12,0.799879,0.01539
8.13536e-10,6.95602e-12,0.799729,0.0230836
1.44618e-09,1.73887e-11,0.799518,0.0307754
2.25944e-09,3.47738e-11,0.799247,0.0384649
3.25322e-09,6.08465e-11,0.798916,0.0461515
4.42739e-09,9.73399e-11,0.798524,0.0538346
5.78181e-09,1.45985e-10,0.798073,0.0615137
7.31629e-09,2.0851e-10,0.797561,0.0691882
9.03066e-09,2.86639e-10,0.79699,0.0768574
1.09247e-08,3.82094e-10,0.796358,0.0845209
1.29981e-08,4.96592e-10,0.795667,0.0921781
1.52508e-08,6.31847e-10,0.794916,0.0998283
1.76823e-08,7.89567e-10,0.794106,0.107471
2.02924e-08,9.71455e-10,0.793236,0.115106
2.30807e-08,1.17921e-09,0.792306,0.122732
2.6047e-08,1.41452e-09,0.791318,0.130349
2.91908e-08,1.67908e-09,0.79027,0.137956
3.25117e-08,1.97456e-09,0.789163,0.145552
3.60093e-08,2.30264e-09,0.787997,0.153138
3.96833e-08,2.66498e-09,0.786772,0.160713
4.35331e-08,3.06324e-09,0.785489,0.168275
4.75583e-08,3.49907e-09,0.784147,0.175826
5.17583e-08,3.97411e-09,0.782747,0.183362
5.61328e-08,4.48999e-09,0.781289,0.190886
6.0681e-08,5.04834e-09,0.779773,0.198395
6.54025e-08,5.65077e-09,0.778199,0.205889
7.02966e-08,6.29889e-09,0.776568,0.213369
7.53629e-08,6.99429e-09,0.774879,0.220832
8.06006e-08,7.73856e-09,0.773133,0.228279
8.60091e-08,8.53326e-09,0.77133,0.23571
9.15879e-08,9.37998e-09,0.769471,0.243123
9.73361e-08,1.02802e-08,0.767555,0.250518
1.03253e-07,1.12356e-08,0.765582,0.257895
1.09338e-07,1.22476e-08,0.763554,0.265253
1.15591e-07,1.33177e-08,0.76147,0.272592
1.2201e-07,1.44475e-08,0.75933,0.27991
1.28595e-07,1.56385e-08,0.757135,0.287209
1.35345e-07,1.6892e-08,0.754885,0.294486
1.42259e-07,1.82096e-08,0.75258,0.301742
1.49337e-07,1.95928e-08,0.750221,0.308976
1.56578e-07,2.1043e-08,0.747807,0.316188
1.6398e-07,2.25615e-08,0.74534,0.323377
1.71543e-07,2.41499e-08,0.742819,0.330543
1.79266e-07,2.58095e-08,0.740245,0.337685
1.87149e-07,2.75417e-08,0.737617,0.344803
1.95189e-07,2.93479e-08,0.734937,0.351896
2.03387e-07,3.12294e-08,0.732204,0.358965
2.11742e-07,3.31876e-08,0.729419,0.366007
2.20251e-07,3.52237e-08,0.726583,0.373024
2.28916e-07,3.73392e-08,0.723695,0.380014
2.37733e-07,3.95352e-08,0.720756,0.386977
2.46703e-07,4.18132e-08,0.717766,0.393913
2.55825e-07,4.41742e-08,0.714725,0.400821
2.65097e-07,4.66196e-08,0.711634,0.407702
2.74519e-07,4.91507e-08,0.708494,0.414553
2.84089e-07,5.17686e-08,0.705304,0.421376
2.93806e-07,5.44745e-08,0.702065,0.428169
3.03669e-07,5.72696e-08,0.698777,0.434933
3.13678e-07,6.0155e-08,0.695441,0.441666
3.23831e-07,6.3132e-08,0.692056,0.448369
3.34127e-07,6.62017e-08,0.688624,0.455041
3.44565e-07,6.93651e-08,0.685145,0.461682
3.55143e-07,7.26234e-08,0.681619,0.468291
3.65861e-07,7.59776e-08,0.678046,0.474869
3.76718e-07,7.94289e-08,0.674427,0.481413
3.87712e-07,8.29782e-08,0.670763,0.487926
3.98843e-07,8.66266e-08,0.667052,0.494405
4.10108e-07,9.03752e-08,0.663297,0.500851
4.21507e-07,9.42248e-08,0.659498,0.507263
4.3304e-07,9.81765e-08,0.655653,0.513641
4.44703e-07,1.02231e-07,0.651766,0.519984
4.56497e-07,1.0639e-07,0.647834,0.526293
4.6842e-07,1.10654e-07,0.64386,0.532568
4.80471e-07,1.15023e-07,0.639843,0.538806
4.92649e-07,1.195e-07,0.635784,0.54501
5.04952e-07,1.24083e-07,0.631683,0.551177
5.1738e-07,1.28776e-07,0.62754,0.557308
5.29931e-07,1.33577e-07,0.623356,0.563403
5.42603e-07,1.38489e-07,0.619132,0.569461
5.55397e-07,1.43512e-07,0.614868,0.575482
5.68309e-07,1.48646e-07,0.610564,0.581466
5.8134e-07,1.53893e-07,0.60622,0.587412
5.94488e-07,1.59254e-07,0.601837,0.593321
6.07751e-07,1.64728e-07,0.597416,0.599191
6.21128e-07,1.70317e-07,0.592957,0.605023
6.34619e-07,1.76021e-07,0.58846,0.610817
6.48222e-07,1.81842e-07,0.583926,0.616572
6.61935e-07,1.87779e-07,0.579355,0.622288
6.75758e-07,1.93834e-07,0.574747,0.627965
6.89689e-07,2.00007e-07,0.570104,0.633603
7.03726e-07,2.06299e-07,0.565425,0.639201
7.1787e-07,2.1271e-07,0.56071,0.644759
7.32117e-07,2.19241e-07,0.555961,0.650278
7.46468e-07,2.25892e-07,0.551177,0.655756
7.6092e-07,2.32665e-07,0.54636,0.661194
7.75473e-07,2.39559e-07,0.541509,0.666591
7.90125e-07,2.46575e-07,0.536625,0.671947
8.04875e-07,2.53714e-07,0.531708,0.677263
8.19721e-07,2.60977e-07,0.52676,0.682538
8.34663e-07,2.68362e-07,0.521779,0.687771
8.49699e-07,2.75872e-07,0.516767,0.692963
8.64828e-07,2.83506e-07,0.511724,0.698114
8.80049e-07,2.91266e-07,0.50665,0.703222
8.9536e-07,2.99151e-07,0.501547,0.70829
9.1076e-07,3.07161e-07,0.496413,0.713315
9.26248e-07,3.15298e-07,0.491251,0.718298
9.41823e-07,3.23561e-07,0.486059,0.723239
9.57483e-07,3.31952e-07,0.480839,0.728137
9.73226e-07,3.40469e-07,0.475591,0.732993
9.89053e-07,3.49114e-07,0.470316,0.737807
1.00496e-06,3.57887e-07,0.465013,0.742578
1.02095e-06,3.66789e-07,0.459683,0.747306
1.03702e-06,3.75819e-07,0.454328,0.751991
1.05316e-06,3.84978e-07,0.448946,0.756634
1.06938e-06,3.94265e-07,0.443538,0.761233
1.08568e-06,4.03682e-07,0.438106,0.765789
1.10205e-06,4.13229e-07,0.432649,0.770302
1.1185e-06,4.22906e-07,0.427167,0.774772
1.13501e-06,4.32712e-07,0.421662,0.779198
1.1516e-06,4.42649e-07,0.416133,0.783582
1.16826e-06,4.52716e-07,0.410581,0.787921
1.18498e-06,4.62914e-07,0.405007,0.792217
1.20177e-06,4.73242e-07,0.39941,0.79647
1.21863e-06,4.83701e-07,0.393791,0.800679
1.23555e-06,4.94292e-07,0.388151,0.804844
1.25253e-06,5.05013e-07,0.382489,0.808965
1.26958e-06,5.15866e-07,0.376807,0.813043
1.28668e-06,5.2685e-07,0.371105,0.817077
1.30385e-06,5.37965e-07,0.365383,0.821067
1.32108e-06,5.49212e-07,0.359641,0.825013
1.33836e-06,5.60591e-07,0.35388,0.828916
1.3557e-06,5.72101e-07,0.348101,0.832774
1.37309e-06,5.83743e-07,0.342303,0.836589
1.39054e-06,5.95517e-07,0.336487,0.84036
1.40804e-06,6.07422e-07,0.330653,0.844087
1.42559e-06,6.19459e-07,0.324803,0.84777
1.44319e-06,6.31628e-07,0.318935,0.851409
1.46085e-06,6.43929e-07,0.313051,0.855004
1.47855e-06,6.56361e-07,0.307151,0.858555
1.49629e-06,6.68926e-07,0.301236,0.862062
1.51409e-06,6.81622e-07,0.295305,0.865525
1.53192e-06,6.94449e-07,0.289358,0.868945
1.54981e-06,7.07408e-07,0.283398,0.87232
1.56773e-06,7.20499e-07,0.277423,0.875652
1.5857e-06,7.33721e-07,0.271434,0.87894
1.6037e-06,7.47075e-07,0.265432,0.882184
1.62175e-06,7.6056e-07,0.259416,0.885384
1.63984e-06,7.74176e-07,0.253388,0.888541
1.65796e-06,7.87923e-07,0.247347,0.891654
1.67612e-06,8.01801e-07,0.241294,0.894723
1.69431e-06,8.1581e-07,0.23523,0.897749
1.71254e-06,8.2995e-07,0.229154,0.900731
1.7308e-06,8.44221e-07,0.223066,0.903669
1.74909e-06,8.58622e-07,0.216969,0.906564
1.76742e-06,8.73153e-07,0.21086,0.909416
1.78577e-06,8.87814e-07,0.204742,0.912224
1.80416e-06,9.02605e-07,0.198614,0.914989
1.82257e-06,9.17526e-07,0.192477,0.91771
1.84101e-06,9.32577e-07,0.18633,0.920389
1.85948e-06,9.47757e-07,0.180175,0.923024
1.87797e-06,9.63067e-07,0.174011,0.925616
1.89648e-06,9.78505e-07,0.167839,0.928165
1.91502e-06,9.94072e-07,0.16166,0.930672
1.93358e-06,1.00977e-06,0.155473,0.933135
1.95216e-06,1.02559e-06,0.149279,0.935556
1.97077e-06,1.04154e-06,0.143078,0.937933
1.98939e-06,1.05762e-06,0.136871,0.940269
2.00803e-06,1.07383e-06,0.130657,0.942561
2.02669e-06,1.09017e-06,0.124438,0.944811
2.04536e-06,1.10663e-06,0.118213,0.947019
2.06405e-06,1.12322e-06,0.111982,0.949185
2.08276e-06,1.13994e-06,0.105747,0.951308
2.10148e-06,1.15678e-06,0.0995069,0.953389
2.12021e-06,1.17375e-06,0.0932625,0.955428
2.13896e-06,1.19084e-06,0.087014,0.957425
2.15771e-06,1.20806e-06,0.0807617,0.95938
2.17648e-06,1.22541e-06,0.0745059,0.961294
2.19526e-06,1.24288e-06,0.0682469,0.963166
2.21405e-06,1.26047e-06,0.0619849,0.964996
2.23284e-06,1.27819e-06,0.0557202,0.966785
2.25164e-06,1.29604e-06,0.0494532,0.968532
2.27045e-06,1.314e-06,0.0431841,0.970238
2.28926e-06,1.3321e-06,0.0369131,0.971903
2.30808e-06,1.35031e-06,0.0306406,0.973527
2.3269e-06,1.36865e-06,0.0243668,0.97511
2.34572e-06,1.38711e-06,0.0180919,0.976652
2.36455e-06,1.40569e-06,0.0118163,0.978154
2.38338e-06,1.42439e-06,0.00554027,0.979615
2.40221e-06,1.44322e-06,-0.000736039,0.981035
2.42104e-06,1.46216e-06,-0.00701232,0.982415
2.43986e-06,1.48123e-06,-0.0132883,0.983755
2.45869e-06,1.50042e-06,-0.0195638,0.985054
2.47752e-06,1.51972e-06,-0.0258384,0.986314
2.49634e-06,1.53915e-06,-0.032112,0.987533
2.51515e-06,1.5587e-06,-0.0383843,0.988713
2.53397e-06,1.57836e-06,-0.0446551,0.989853
2.55277e-06,1.59815e-06,-0.0509241,0.990953
2.57157e-06,1.61805e-06,-0.0571911,0.992014
2.59037e-06,1.63807e-06,-0.0634557,0.993036
2.60915e-06,1.65821e-06,-0.0697179,0.994019
2.62793e-06,1.67846e-06,-0.0759774,0.994962
2.6467e-06,1.69884e-06,-0.0822339,0.995867
2.66546e-06,1.71933e-06,-0.0884871,0.996732
2.68421e-06,1.73993e-06,-0.094737,0.997559
2.70295e-06,1.76065e-06,-0.100983,0.998348
2.72168e-06,1.78149e-06,-0.107225,0.999098
2.74039e-06,1.80244e-06,-0.113464,0.999809
2.75909e-06,1.8235e-06,-0.119697,1.00048
2.77778e-06,1.84468e-06,-0.125927,1.00112
2.79645e-06,1.86598e-06,-0.132151,1.00172
2.81511e-06,1.88738e-06,-0.138371,1.00228
2.83376e-06,1.9089e-06,-0.144585,1.0028
2.85238e-06,1.93053e-06,-0.150794,1.00328
2.87099e-06,1.95228e-06,-0.156997,1.00373
2.88958e-06,1.97413e-06,-0.163195,1.00414
2.90816e-06,1.9961e-06,-0.169386,1.00451
2.92671e-06,2.01818e-06,-0.175571,1.00485
2.94525e-06,2.04037e-06,-0.18175,1.00515
2.96377e-06,2.06267e-06,-0.187922,1.00541
2.98226e-06,2.08508e-06,-0.194088,1.00564
3.00074e-06,2.10759e-06,-0.200246,1.00583
3.01919e-06,2.13022e-06,-0.206397,1.00598
3.03762e-06,2.15296e-06,-0.212541,1.0061
3.05603e-06,2.1758e-06,-0.218677,1.00618
3.07441e-06,2.19875e-06,-0.224805,1.00622
3.09278e-06,2.22181e-06,-0.230925,1.00623
3.11111e-06,2.24497e-06,-0.237037,1.0062
3.12942e-06,2.26824e-06,-0.243141,1.00614
3.14771e-06,2.29162e-06,-0.249236,1.00604
3.16597e-06,2.3151e-06,-0.255323,1.00591
3.1842e-06,2.33869e-06,-0.2614,1.00575
3.20241e-06,2.36238e-06,-0.267469,1.00554
3.22058e-06,2.38618e-06,-0.273528,1.00531
3.23873e-06,2.41008e-06,-0.279578,1.00503
3.25685e-06,2.43409e-06,-0.285618,1.00473
3.27495e-06,2.45819e-06,-0.291648,1.00439
3.29301e-06,2.4824e-06,-0.297669,1.00401
3.31104e-06,2.50671e-06,-0.303679,1.0036
3.32904e-06,2.53113e-06,-0.30968,1.00316
3.34701e-06,2.55564e-06,-0.315669,1.00269
3.36495e-06,2.58026e-06,-0.321649,1.00218
3.38285e-06,2.60497e-06,-0.327617,1.00163
3.40072e-06,2.62979e-06,-0.333575,1.00106
3.41856e-06,2.65471e-06,-0.339521,1.00045
3.43637e-06,2.67972e-06,-0.345456,0.999803
3.45414e-06,2.70484e-06,-0.35138,0.999127
3.47188e-06,2.73005e-06,-0.357293,0.998419
3.48958e-06,2.75536e-06,-0.363193,0.997677
3.50725e-06,2.78076e-06,-0.369082,0.996903
3.52488e-06,2.80627e-06,-0.374959,0.996097
3.54247e-06,2.83187e-06,-0.380824,0.995259
3.56003e-06,2.85757e-06,-0.386677,0.994389
3.57755e-06,2.88336e-06,-0.392517,0.993487
3.59503e-06,2.90925e-06,-0.398344,0.992553
3.61248e-06,2.93523e-06,-0.404159,0.991587
3.62988e-06,2.96131e-06,-0.409961,0.99059
3.64725e-06,2.98748e-06,-0.41575,0.989562
3.66458e-06,3.01374e-06,-0.421526,0.988502
3.68187e-06,3.0401e-06,-0.427289,0.987411
3.69912e-06,3.06655e-06,-0.433039,0.98629
3.71632e-06,3.09309e-06,-0.438774,0.985138
3.73349e-06,3.11973e-06,-0.444497,0.983955
3.75062e-06,3.14645e-06,-0.450205,0.982741
3.7677e-06,3.17327e-06,-0.4559,0.981498
3.78474e-06,3.20018e-06,-0.46158,0.980224
3.80174e-06,3.22717e-06,-0.467247,0.97892
3.8187e-06,3.25426e-06,-0.472899,0.977586
3.83561e-06,3.28144e-06,-0.478537,0.976223
3.85248e-06,3.3087e-06,-0.48416,0.97483
3.86931e-06,3.33606e-06,-0.489769,0.973407
3.88609e-06,3.3635e-06,-0.495362,0.971955
3.90282e-06,3.39103e-06,-0.500941,0.970474
3.91952e-06,3.41864e-06,-0.506505,0.968964
3.93616e-06,3.44635e-06,-0.512054,0.967425
3.95276e-06,3.47414e-06,-0.517588,0.965857
3.96932e-06,3.50201e-06,-0.523106,0.96426
3.98583e-06,3.52997e-06,-0.528609,0.962635
4.00229e-06,3.55802e-06,-0.534096,0.960982
4.0187e-06,3.58615e-06,-0.539568,0.9593
4.03507e-06,3.61436e-06,-0.545024,0.957591
4.05139e-06,3.64266e-06,-0.550464,0.955853
4.06766e-06,3.67104e-06,-0.555888,0.954088
4.08389e-06,3.69951e-06,-0.561296,0.952295
4.10006e-06,3.72806e-06,-0.566687,0.950475
4.11619e-06,3.75669e-06,-0.572063,0.948627
4.13226e-06,3.7854e-06,-0.577422,0.946752
4.14829e-06,3.81419e-06,-0.582764,0.94485
4.16427e-06,3.84306e-06,-0.58809,0.942921
4.1802e-06,3.87201e-06,-0.593399,0.940965
4.19607e-06,3.90105e-06,-0.598691,0.938983
4.2119e-06,3.93016e-06,-0.603967,0.936974
4.22767e-06,3.95935e-06,-0.609225,0.934939
4.2434e-06,3.98862e-06,-0.614466,0.932877
4.25907e-06,4.01797e-06,-0.61969,0.93079
4.27469e-06,4.0474e-06,-0.624897,0.928676
4.29026e-06,4.0769e-06,-0.630086,0.926536
4.30578e-06,4.10648e-06,-0.635258,0.924371
4.32124e-06,4.13614e-06,-0.640413,0.922181
4.33665e-06,4.16588e-06,-0.645549,0.919964
4.35201e-06,4.19569e-06,-0.650668,0.917723
4.36731e-06,4.22557e-06,-0.65577,0.915456
4.38256e-06,4.25553e-06,-0.660853,0.913165
4.39775e-06,4.28557e-06,-0.665918,0.910848
4.4129e-06,4.31568e-06,-0.670965,0.908507
4.42798e-06,4.34586e-06,-0.675994,0.906141
4.44301e-06,4.37612e-06,-0.681005,0.903751
4.45799e-06,4.40645e-06,-0.685997,0.901336
4.47291e-06,4.43685e-06,-0.690971,0.898898
4.48778e-06,4.46732e-06,-0.695926,0.896435
4.50259e-06,4.49787e-06,-0.700863,0.893948
4.51734e-06,4.52849e-06,-0.705781,0.891437
4.53204e-06,4.55918e-06,-0.710681,0.888903
4.54668e-06,4.58994e-06,-0.715562,0.886345
4.56127e-06,4.62077e-06,-0.720423,0.883764
4.5758e-06,4.65167e-06,-0.725266,0.881159
4.59027e-06,4.68263e-06,-0.73009,0.878532
4.60468e-06,4.71367e-06,-0.734894,0.875881
4.61904e-06,4.74478e-06,-0.73968,0.873208
4.63334e-06,4.77595e-06,-0.744446,0.870511
4.64758e-06,4.8072e-06,-0.749193,0.867792
4.66176e-06,4.83851e-06,-0.75392,0.865051
4.67588e-06,4.86988e-06,-0.758628,0.862287
4.68995e-06,4.90133e-06,-0.763317,0.859502
4.70396e-06,4.93284e-06,-0.767985,0.856694
4.7179e-06,4.96441e-06,-0.772635,0.853864
4.73179e-06,4.99605e-06,-0.777264,0.851012
4.74562e-06,5.02776e-06,-0.781873,0.848138
4.75939e-06,5.05953e-06,-0.786463,0.845243
4.7731e-06,5.09137e-06,-0.791033,0.842327
4.78675e-06,5.12326e-06,-0.795582,0.839389
4.80034e-06,5.15523e-06,-0.800112,0.83643
4.81386e-06,5.18725e-06,-0.804622,0.83345
4.82733e-06,5.21934e-06,-0.809111,0.830449
4.84074e-06,5.25149e-06,-0.81358,0.827427
4.85409e-06,5.28371e-06,-0.818028,0.824385
4.86737e-06,5.31598e-06,-0.822457,0.821322
4.88059e-06,5.34832e-06,-0.826865,0.818238
4.89376e-06,5.38071e-06,-0.831252,0.815135
4.90686e-06,5.41317e-06,-0.835619,0.812011
4.91989e-06,5.44569e-06,-0.839965,0.808867
4.93287e-06,5.47827e-06,-0.84429,0.805703
4.94578e-06,5.5109e-06,-0.848595,0.80252
4.95864e-06,5.5436e-06,-0.852879,0.799316
4.97143e-06,5.57635e-06,-0.857142,0.796093
4.98415e-06,5.60917e-06,-0.861384,0.792851
4.99682e-06,5.64204e-06,-0.865605,0.78959
5.00942e-06,5.67497e-06,-0.869805,0.786309
5.02195e-06,5.70795e-06,-0.873984,0.783009
5.03443e-06,5.74099e-06,-0.878142,0.77969
5.04684e-06,5.77409e-06,-0.882279,0.776353
5.05918e-06,5.80725e-06,-0.886395,0.772997
5.07147e-06,5.84046e-06,-0.890489,0.769622
5.08369e-06,5.87372e-06,-0.894562,0.766229
5.09584e-06,5.90704e-06,-0.898613,0.762817
5.10793e-06,5.94042e-06,-0.902643,0.759388
5.11996e-06,5.97385e-06,-0.906652,0.75594
5.13192e-06,6.00733e-06,-0.910639,0.752474
5.14381e-06,6.04087e-06,-0.914605,0.748991
5.15565e-06,6.07445e-06,-0.918549,0.745489
5.16741e-06,6.1081e-06,-0.922471,0.741971
5.17911e-06,6.14179e-06,-0.926372,0.738434
5.19075e-06,6.17554e-06,-0.93025,0.734881
5.20232e-06,6.20934e-06,-0.934107,0.73131
5.21383e-06,6.24319e-06,-0.937942,0.727722
5.22527e-06,6.27709e-06,-0.941756,0.724117
5.23664e-06,6.31104e-06,-0.945547,0.720495
5.24795e-06,6.34504e-06,-0.949316,0.716856
5.25919e-06,6.37909e-06,-0.953063,0.713201
5.27037e-06,6.41319e-06,-0.956789,0.709529
5.28147e-06,6.44734e-06,-0.960492,0.705841
5.29252e-06,6.48154e-06,-0.964173,0.702137
5.30349e-06,6.51579e-06,-0.967831,0.698416
5.3144e-06,6.55009e-06,-0.971468,0.69468
5.32525e-06,6.58443e-06,-0.975082,0.690927
5.33602e-06,6.61882e-06,-0.978674,0.687159
5.34673e-06,6.65326e-06,-0.982243,0.683375
5.35737e-06,6.68774e-06,-0.98579,0.679575
5.36795e-06,6.72228e-06,-0.989315,0.67576
5.37845e-06,6.75685e-06,-0.992817,0.671929
5.38889e-06,6.79148e-06,-0.996297,0.668084
5.39926e-06,6.82614e-06,-0.999754,0.664223
5.40957e-06,6.86086e-06,-1.00319,0.660347
5.4198e-06,6.89562e-06,-1.0066,0.656456
5.42997e-06,6.93042e-06,-1.00999,0.652551
5.44007e-06,6.96526e-06,-1.01336,0.648631
5.4501e-06,7.00015e-06,-1.0167,0.644696
5.46006e-06,7.03509e-06,-1.02002,0.640747
5.46996e-06,7.07006e-06,-1.02332,0.636783
5.47978e-06,7.10508e-06,-1.02659,0.632805
5.48954e-06,7.14014e-06,-1.02985,0.628814
5.49923e-06,7.17525e-06,-1.03308,0.624808
5.50885e-06,7.21039e-06,-1.03628,0.620788
5.5184e-06,7.24558e-06,-1.03947,0.616755
5.52788e-06,7.28081e-06,-1.04263,0.612708
5.5373e-06,7.31607e-06,-1.04577,0.608647
5.54664e-06,7.35138e-06,-1.04888,0.604573
5.55592e-06,7.38673e-06,-1.05197,0.600486
5.56512e-06,7.42212e-06,-1.05504,0.596385
5.57426e-06,7.45754e-06,-1.05809,0.592271
5.58332e-06,7.49301e-06,-1.06111,0.588145
5.59232e-06,7.52851e-06,-1.06411,0.584005
5.60125e-06,7.56406e-06,-1.06708,0.579853
5.6101e-06,7.59964e-06,-1.07003,0.575688
5.61889e-06,7.63526e-06,-1.07296,0.571511
5.62761e-06,7.67091e-06,-1.07587,0.567321
5.63625e-06,7.7066e-06,-1.07875,0.563119
5.64483e-06,7.74233e-06,-1.08161,0.558904
5.65334e-06,7.7781e-06,-1.08445,0.554678
5.66177e-06,7.8139e-06,-1.08726,0.550439
5.67014e-06,7.84974e-06,-1.09005,0.546189
5.67843e-06,7.88561e-06,-1.09281,0.541927
5.68666e-06,7.92152e-06,-1.09555,0.537653
5.69481e-06,7.95746e-06,-1.09827,0.533367
5.70289e-06,7.99344e-06,-1.10096,0.52907
5.71091e-06,8.02945e-06,-1.10364,0.524762
5.71885e-06,8.06549e-06,-1.10628,0.520443
5.72672e-06,8.10157e-06,-1.10891,0.516112
5.73452e-06,8.13768e-06,-1.11151,0.511771
5.74225e-06,8.17382e-06,-1.11408,0.507418
5.7499e-06,8.21e-06,-1.11663,0.503055
5.75749e-06,8.24621e-06,-1.11916,0.498681
5.765e-06,8.28245e-06,-1.12167,0.494296
5.77244e-06,8.31872e-06,-1.12415,0.489901
5.77982e-06,8.35502e-06,-1.12661,0.485495
5.78712e-06,8.39135e-06,-1.12904,0.48108
5.79434e-06,8.42772e-06,-1.13145,0.476654
5.8015e-06,8.46411e-06,-1.13383,0.472218
5.80859e-06,8.50054e-06,-1.1362,0.467772
5.8156e-06,8.53699e-06,-1.13853,0.463316
5.82254e-06,8.57347e-06,-1.14085,0.45885
5.82941e-06,8.60998e-06,-1.14314,0.454375
5.83621e-06,8.64652e-06,-1.1454,0.44989
5.84293e-06,8.68309e-06,-1.14764,0.445396
5.84958e-06,8.71969e-06,-1.14986,0.440892
5.85616e-06,8.75631e-06,-1.15205,0.436379
5.86267e-06,8.79296e-06,-1.15422,0.431858
5.86911e-06,8.82964e-06,-1.15637,0.427327
5.87547e-06,8.86635e-06,-1.15849,0.422787
5.88176e-06,8.90308e-06,-1.16059,0.418238
5.88798e-06,8.93984e-06,-1.16266,0.413681
5.89413e-06,8.97662e-06,-1.16471,0.409115
5.9002e-06,9.01343e-06,-1.16673,0.40454
5.9062e-06,9.05027e-06,-1.16873,0.399957
5.91213e-06,9.08713e-06,-1.17071,0.395366
5.91799e-06,9.12401e-06,-1.17266,0.390767
5.92377e-06,9.16092e-06,-1.17459,0.386159
5.92948e-06,9.19785e-06,-1.17649,0.381544
5.93511e-06,9.23481e-06,-1.17837,0.376921
5.94068e-06,9.27178e-06,-1.18023,0.37229
5.94617e-06,9.30879e-06,-1.18206,0.367651
5.95159e-06,9.34581e-06,-1.18386,0.363004
5.95693e-06,9.38286e-06,-1.18564,0.358351
5.9622e-06,9.41993e-06,-1.1874,0.353689
5.9674e-06,9.45702e-06,-1.18913,0.349021
5.97252e-06,9.49413e-06,-1.19084,0.344345
5.97758e-06,9.53127e-06,-1.19253,0.339663
5.98255e-06,9.56842e-06,-1.19418,0.334973
5.98746e-06,9.6056e-06,-1.19582,0.330276
5.99229e-06,9.64279e-06,-1.19743,0.325573
5.99705e-06,9.68001e-06,-1.19902,0.320863
6.00173e-06,9.71724e-06,-1.20058,0.316147
6.00634e-06,9.7545e-06,-1.20211,0.311424
6.01088e-06,9.79177e-06,-1.20363,0.306694
6.01534e-06,9.82907e-06,-1.20511,0.301959
6.01973e-06,9.86638e-06,-1.20658,0.297217
6.02405e-06,9.90371e-06,-1.20802,0.292469
6.02829e-06,9.94105e-06,-1.20943,0.287715
6.03246e-06,9.97842e-06,-1.21082,0.282956
6.03655e-06,1.00158e-05,-1.21218,0.27819
6.04057e-06,1.00532e-05,-1.21352,0.273419
6.04452e-06,1.00906e-05,-1.21484,0.268643
6.04839e-06,1.0128e-05,-1.21613,0.263861
6.05219e-06,1.01655e-05,-1.2174,0.259073
6.05592e-06,1.0203e-05,-1.21864,0.254281
6.05957e-06,1.02404e-05,-1.21986,0.249483
6.06314e-06,1.02779e-05,-1.22105,0.24468
6.06664e-06,1.03154e-05,-1.22221,0.239872
6.07007e-06,1.0353e-05,-1.22336,0.23506
6.07343e-06,1.03905e-05,-1.22448,0.230242
6.0767e-06,1.04281e-05,-1.22557,0.22542
6.07991e-06,1.04656e-05,-1.22664,0.220594
6.08304e-06,1.05032e-05,-1.22768,0.215763
6.0861e-06,1.05408e-05,-1.2287,0.210927
6.08908e-06,1.05784e-05,-1.22969,0.206087
6.09199e-06,1.0616e-05,-1.23066,0.201244
6.09482e-06,1.06536e-05,-1.23161,0.196396
6.09758e-06,1.06913e-05,-1.23253,0.191544
6.10026e-06,1.07289e-05,-1.23342,0.186688
6.10287e-06,1.07666e-05,-1.23429,0.181829
6.10541e-06,1.08043e-05,-1.23514,0.176965
6.10787e-06,1.0842e-05,-1.23596,0.172099
6.11025e-06,1.08797e-05,-1.23675,0.167229
6.11256e-06,1.09174e-05,-1.23752,0.162355
6.1148e-06,1.09551e-05,-1.23827,0.157478
6.11696e-06,1.09928e-05,-1.23899,0.152598
6.11905e-06,1.10305e-05,-1.23968,0.147715
6.12106e-06,1.10683e-05,-1.24035,0.142829
6.123e-06,1.1106e-05,-1.241,0.13794
6.12486e-06,1.11438e-05,-1.24162,0.133049
6.12665e-06,1.11816e-05,-1.24222,0.128155
6.12836e-06,1.12193e-05,-1.24279,0.123258
6.13e-06,1.12571e-05,-1.24333,0.118358
6.13157e-06,1.12949e-05,-1.24386,0.113457
6.13306e-06,1.13327e-05,-1.24435,0.108553
6.13447e-06,1.13705e-05,-1.24482,0.103646
6.13581e-06,1.14083e-05,-1.24527,0.0987382
6.13707e-06,1.14462e-05,-1.24569,0.093828
6.13826e-06,1.1484e-05,-1.24609,0.0889158
6.13938e-06,1.15218e-05,-1.24646,0.0840019
6.14041e-06,1.15596e-05,-1.2468,0.0790864
6.14138e-06,1.15975e-05,-1.24713,0.0741692
6.14227e-06,1.16353e-05,-1.24742,0.0692505
6.14308e-06,1.16732e-05,-1.24769,0.0643305
6.14382e-06,1.1711e-05,-1.24794,0.0594092
6.14448e-06,1.17489e-05,-1.24816,0.0544866
6.14507e-06,1.17867e-05,-1.24836,0.049563
6.14559e-06,1.18246e-05,-1.24853,0.0446384
6.14603e-06,1.18624e-05,-1.24868,0.0397129
6.14639e-06,1.19003e-05,-1.2488,0.0347866
6.14668e-06,1.19382e-05,-1.24889,0.0298596
6.14689e-06,1.1976e-05,-1.24896,0.024932
6.14703e-06,1.20139e-05,-1.24901,0.0200039
6.14709e-06,1.20518e-05,-1.24903,0.0150754
6.14708e-06,1.20897e-05,-1.24903,0.0101466
6.14699e-06,1.21275e-05,-1.249,0.00521758
6.14683e-06,1.21654e-05,-1.24894,0.000288467
6.14659e-06,1.22033e-05,-1.24886,-0.00464065
6.14628e-06,1.22411e-05,-1.24876,-0.00956967
6.14589e-06,1.2279e-05,-1.24863,-0.0144985
6.14543e-06,1.23169e-05,-1.24848,-0.019427
6.14489e-06,1.23548e-05,-1.2483,-0.0243552
6.14427e-06,1.23926e-05,-1.24809,-0.0292828
6.14358e-06,1.24305e-05,-1.24786,-0.0342099
6.14282e-06,1.24684e-05,-1.24761,-0.0391363
6.14198e-06,1.25062e-05,-1.24733,-0.0440619
6.14106e-06,1.25441e-05,-1.24702,-0.0489866
6.14007e-06,1.25819e-05,-1.24669,-0.0539103
6.13901e-06,1.26198e-05,-1.24634,-0.058833
6.13787e-06,1.26576e-05,-1.24596,-0.0637544
6.13665e-06,1.26955e-05,-1.24555,-0.0686746
6.13536e-06,1.27333e-05,-1.24512,-0.0735934
6.13399e-06,1.27712e-05,-1.24466,-0.0785107
6.13255e-06,1.2809e-05,-1.24418,-0.0834264
6.13103e-06,1.28468e-05,-1.24368,-0.0883404
6.12944e-06,1.28847e-05,-1.24315,-0.0932527
6.12777e-06,1.29225e-05,-1.24259,-0.0981631
6.12603e-06,1.29603e-05,-1.24201,-0.103071
6.12421e-06,1.29981e-05,-1.2414,-0.107978
6.12232e-06,1.30359e-05,-1.24077,-0.112882
6.12035e-06,1.30737e-05,-1.24012,-0.117784
6.11831e-06,1.31115e-05,-1.23944,-0.122683
6.11619e-06,1.31492e-05,-1.23873,-0.12758
6.11399e-06,1.3187e-05,-1.238,-0.132475
6.11172e-06,1.32248e-05,-1.23724,-0.137366
6.10938e-06,1.32625e-05,-1.23646,-0.142255
6.10696e-06,1.33003e-05,-1.23565,-0.147141
6.10446e-06,1.3338e-05,-1.23482,-0.152024
6.10189e-06,1.33757e-05,-1.23396,-0.156904
6.09925e-06,1.34134e-05,-1.23308,-0.161781
6.09653e-06,1.34512e-05,-1.23218,-0.166655
6.09373e-06,1.34888e-05,-1.23124,-0.171525
6.09086e-06,1.35265e-05,-1.23029,-0.176391
6.08791e-06,1.35642e-05,-1.2293,-0.181254
6.08489e-06,1.36019e-05,-1.2283,-0.186114
6.08179e-06,1.36395e-05,-1.22726,-0.190969
6.07862e-06,1.36772e-05,-1.22621,-0.195821
6.07537e-06,1.37148e-05,-1.22512,-0.200668
6.07205e-06,1.37524e-05,-1.22402,-0.205512
6.06865e-06,1.379e-05,-1.22288,-0.210351
6.06518e-06,1.38276e-05,-1.22173,-0.215186
6.06164e-06,1.38652e-05,-1.22055,-0.220017
6.05801e-06,1.39027e-05,-1.21934,-0.224843
6.05432e-06,1.39403e-05,-1.21811,-0.229665
6.05054e-06,1.39778e-05,-1.21685,-0.234481
6.0467e-06,1.40154e-05,-1.21557,-0.239293
6.04277e-06,1.40529e-05,-1.21426,-0.2441
6.03878e-06,1.40904e-05,-1.21293,-0.248902
6.0347e-06,1.41278e-05,-1.21157,-0.253699
6.03056e-06,1.41653e-05,-1.21019,-0.258491
6.02633e-06,1.42027e-05,-1.20878,-0.263277
6.02204e-06,1.42402e-05,-1.20735,-0.268058
6.01767e-06,1.42776e-05,-1.20589,-0.272833
6.01322e-06,1.4315e-05,-1.20441,-0.277603
6.0087e-06,1.43524e-05,-1.2029,-0.282367
6.0041e-06,1.43897e-05,-1.20137,-0.287125
5.99943e-06,1.44271e-05,-1.19981,-0.291877
5.99468e-06,1.44644e-05,-1.19823,-0.296624
5.98986e-06,1.45017e-05,-1.19662,-0.301363
5.98497e-06,1.4539e-05,-1.19499,-0.306097
5.98e-06,1.45762e-05,-1.19333,-0.310824
5.97495e-06,1.46135e-05,-1.19165,-0.315545
5.96984e-06,1.46507e-05,-1.18995,-0.320259
5.96464e-06,1.46879e-05,-1.18821,-0.324967
5.95937e-06,1.47251e-05,-1.18646,-0.329668
5.95403e-06,1.47623e-05,-1.18468,-0.334362
5.94861e-06,1.47994e-05,-1.18287,-0.339048
5.94312e-06,1.48366e-05,-1.18104,-0.343728
5.93756e-06,1.48737e-05,-1.17919,-0.348401
5.93192e-06,1.49107e-05,-1.17731,-0.353066
5.9262e-06,1.49478e-05,-1.1754,-0.357723
5.92041e-06,1.49848e-05,-1.17347,-0.362374
5.91455e-06,1.50218e-05,-1.17152,-0.367016
5.90861e-06,1.50588e-05,-1.16954,-0.371651
5.9026e-06,1.50958e-05,-1.16753,-0.376278
5.89651e-06,1.51327e-05,-1.1655,-0.380897
5.89035e-06,1.51697e-05,-1.16345,-0.385508
5.88412e-06,1.52066e-05,-1.16137,-0.39011
5.87781e-06,1.52434e-05,-1.15927,-0.394705
5.87143e-06,1.52803e-05,-1.15714,-0.399291
5.86497e-06,1.53171e-05,-1.15499,-0.403868
5.85844e-06,1.53539e-05,-1.15281,-0.408437
5.85184e-06,1.53906e-05,-1.15061,-0.412997
5.84516e-06,1.54274e-05,-1.14839,-0.417549
5.83841e-06,1.54641e-05,-1.14614,-0.422091
5.83158e-06,1.55008e-05,-1.14386,-0.426624
5.82468e-06,1.55374e-05,-1.14156,-0.431149
5.81771e-06,1.55741e-05,-1.13924,-0.435663
5.81066e-06,1.56107e-05,-1.13689,-0.440169
5.80354e-06,1.56473e-05,-1.13451,-0.444665
5.79635e-06,1.56838e-05,-1.13212,-0.449151
5.78908e-06,1.57203e-05,-1.12969,-0.453628
5.78174e-06,1.57568e-05,-1.12725,-0.458095
5.77433e-06,1.57933e-05,-1.12478,-0.462552
5.76684e-06,1.58297e-05,-1.12228,-0.466999
5.75928e-06,1.58661e-05,-1.11976,-0.471435
5.75165e-06,1.59024e-05,-1.11722,-0.475862
5.74394e-06,1.59388e-05,-1.11465,-0.480278
5.73616e-06,1.59751e-05,-1.11205,-0.484683
5.72831e-06,1.60114e-05,-1.10944,-0.489078
5.72038e-06,1.60476e-05,-1.10679,-0.493463
5.71238e-06,1.60838e-05,-1.10413,-0.497836
5.70431e-06,1.612e-05,-1.10144,-0.502198
5.69617e-06,1.61561e-05,-1.09872,-0.50655
5.68795e-06,1.61922e-05,-1.09598,-0.51089
5.67966e-06,1.62283e-05,-1.09322,-0.515219
5.6713e-06,1.62643e-05,-1.09043,-0.519536
5.66286e-06,1.63003e-05,-1.08762,-0.523842
5.65436e-06,1.63363e-05,-1.08479,-0.528137
5.64578e-06,1.63722e-05,-1.08193,-0.532419
5.63712e-06,1.64081e-05,-1.07904,-0.53669
5.6284e-06,1.6444e-05,-1.07613,-0.540949
5.6196e-06,1.64798e-05,-1.0732,-0.545195
5.61073e-06,1.65156e-05,-1.07024,-0.54943
5.60179e-06,1.65514e-05,-1.06726,-0.553652
5.59278e-06,1.65871e-05,-1.06426,-0.557862
5.5837e-06,1.66228e-05,-1.06123,-0.562059
5.57454e-06,1.66584e-05,-1.05818,-0.566243
5.56531e-06,1.6694e-05,-1.0551,-0.570415
5.55601e-06,1.67296e-05,-1.052,-0.574573
5.54664e-06,1.67651e-05,-1.04888,-0.578719
5.5372e-06,1.68006e-05,-1.04573,-0.582852
5.52768e-06,1.6836e-05,-1.04256,-0.586971
5.5181e-06,1.68714e-05,-1.03937,-0.591077
5.50844e-06,1.69068e-05,-1.03615,-0.595169
5.49871e-06,1.69421e-05,-1.0329,-0.599248
5.48891e-06,1.69774e-05,-1.02964,-0.603313
5.47904e-06,1.70126e-05,-1.02635,-0.607364
5.4691e-06,1.70478e-05,-1.02303,-0.611401
5.45909e-06,1.7083e-05,-1.0197,-0.615424
5.44901e-06,1.71181e-05,-1.01634,-0.619433
5.43885e-06,1.71531e-05,-1.01295,-0.623427
5.42863e-06,1.71882e-05,-1.00954,-0.627407
5.41833e-06,1.72232e-05,-1.00611,-0.631372
5.40797e-06,1.72581e-05,-1.00266,-0.635323
5.39753e-06,1.7293e-05,-0.999178,-0.639259
5.38703e-06,1.73278e-05,-0.995677,-0.64318
5.37645e-06,1.73626e-05,-0.992151,-0.647086
5.36581e-06,1.73974e-05,-0.988603,-0.650976
5.35509e-06,1.74321e-05,-0.985031,-0.654851
5.34431e-06,1.74668e-05,-0.981437,-0.658711
5.33346e-06,1.75014e-05,-0.977818,-0.662555
5.32253e-06,1.7536e-05,-0.974177,-0.666384
5.31154e-06,1.75705e-05,-0.970513,-0.670196
5.30048e-06,1.7605e-05,-0.966825,-0.673993
5.28934e-06,1.76394e-05,-0.963115,-0.677774
5.27814e-06,1.76738e-05,-0.959381,-0.681538
5.26687e-06,1.77081e-05,-0.955624,-0.685286
5.25553e-06,1.77424e-05,-0.951845,-0.689018
5.24413e-06,1.77766e-05,-0.948042,-0.692733
5.23265e-06,1.78108e-05,-0.944217,-0.696431
5.22111e-06,1.78449e-05,-0.940369,-0.700113
5.20949e-06,1.7879e-05,-0.936498,-0.703777
5.19781e-06,1.7913e-05,-0.932604,-0.707425
5.18606e-06,1.7947e-05,-0.928688,-0.711055
5.17425e-06,1.79809e-05,-0.924749,-0.714668
5.16236e-06,1.80148e-05,-0.920787,-0.718263
5.15041e-06,1.80486e-05,-0.916803,-0.721841
5.13839e-06,1.80824e-05,-0.912796,-0.725401
5.1263e-06,1.81161e-05,-0.908766,-0.728943
5.11414e-06,1.81498e-05,-0.904715,-0.732467
5.10192e-06,1.81834e-05,-0.900641,-0.735973
5.08963e-06,1.82169e-05,-0.896544,-0.739461
5.07728e-06,1.82504e-05,-0.892425,-0.74293
5.06485e-06,1.82838e-05,-0.888284,-0.746381
5.05236e-06,1.83172e-05,-0.884121,-0.749813
5.03981e-06,1.83505e-05,-0.879936,-0.753226
5.02718e-06,1.83838e-05,-0.875728,-0.756621
5.0145e-06,1.8417e-05,-0.871499,-0.759996
5.00174e-06,1.84502e-05,-0.867247,-0.763353
4.98892e-06,1.84833e-05,-0.862973,-0.766689
4.97603e-06,1.85163e-05,-0.858678,-0.770007
4.96308e-06,1.85493e-05,-0.854361,-0.773305
4.95007e-06,1.85822e-05,-0.850022,-0.776583
4.93698e-06,1.86151e-05,-0.845661,-0.779841
4.92384e-06,1.86479e-05,-0.841278,-0.783079
4.91062e-06,1.86806e-05,-0.836874,-0.786297
4.89735e-06,1.87133e-05,-0.832449,-0.789495
4.884e-06,1.87459e-05,-0.828001,-0.792673
4.8706e-06,1.87785e-05,-0.823533,-0.79583
4.85713e-06,1.8811e-05,-0.819043,-0.798966
4.84359e-06,1.88434e-05,-0.814531,-0.802081
4.83e-06,1.88758e-05,-0.809999,-0.805176
4.81633e-06,1.89081e-05,-0.805445,-0.808249
4.80261e-06,1.89403e-05,-0.80087,-0.811301
4.78882e-06,1.89725e-05,-0.796274,-0.814332
4.77497e-06,1.90046e-05,-0.791656,-0.817341
4.76105e-06,1.90367e-05,-0.787018,-0.820329
4.74708e-06,1.90686e-05,-0.782359,-0.823295
4.73304e-06,1.91006e-05,-0.777679,-0.826239
4.71894e-06,1.91324e-05,-0.772979,-0.82916
4.70477e-06,1.91642e-05,-0.768257,-0.83206
4.69055e-06,1.91959e-05,-0.763515,-0.834937
4.67626e-06,1.92276e-05,-0.758753,-0.837792
4.66191e-06,1.92591e-05,-0.75397,-0.840624
4.6475e-06,1.92907e-05,-0.749166,-0.843433
4.63303e-06,1.93221e-05,-0.744342,-0.84622
4.61849e-06,1.93535e-05,-0.739498,-0.848983
4.6039e-06,1.93848e-05,-0.734634,-0.851723
4.58925e-06,1.9416e-05,-0.729749,-0.85444
4.57453e-06,1.94472e-05,-0.724845,-0.857133
4.55976e-06,1.94783e-05,-0.71992,-0.859803
4.54493e-06,1.95093e-05,-0.714975,-0.862449
4.53003e-06,1.95403e-05,-0.710011,-0.865071
4.51508e-06,1.95711e-05,-0.705027,-0.867669
4.50007e-06,1.96019e-05,-0.700023,-0.870242
4.485e-06,1.96327e-05,-0.695,-0.872791
4.46987e-06,1.96633e-05,-0.689957,-0.875316
4.45468e-06,1.96939e-05,-0.684895,-0.877816
4.43944e-06,1.97244e-05,-0.679813,-0.880292
4.42414e-06,1.97549e-05,-0.674712,-0.882742
4.40878e-06,1.97852e-05,-0.669592,-0.885167
4.39336e-06,1.98155e-05,-0.664453,-0.887567
4.37788e-06,1.98457e-05,-0.659294,-0.889942
4.36235e-06,1.98759e-05,-0.654117,-0.892291
4.34676e-06,1.99059e-05,-0.648921,-0.894614
4.33112e-06,1.99359e-05,-0.643707,-0.896912
4.31542e-06,1.99658e-05,-0.638473,-0.899183
4.29966e-06,1.99956e-05,-0.633221,-0.901428
4.28385e-06,2.00254e-05,-0.627951,-0.903648
4.26799e-06,2.0055e-05,-0.622662,-0.90584
4.25206e-06,2.00846e-05,-0.617355,-0.908006
4.23609e-06,2.01141e-05,-0.612029,-0.910145
4.22006e-06,2.01435e-05,-0.606686,-0.912258
4.20397e-06,2.01729e-05,-0.601325,-0.914343
4.18784e-06,2.02021e-05,-0.595945,-0.916401
4.17165e-06,2.02313e-05,-0.590548,-0.918432
4.1554e-06,2.02604e-05,-0.585134,-0.920435
4.1391e-06,2.02894e-05,-0.579701,-0.922411
4.12275e-06,2.03184e-05,-0.574252,-0.924359
4.10635e-06,2.03472e-05,-0.568784,-0.926279
4.0899e-06,2.0376e-05,-0.5633,-0.92817
4.0734e-06,2.04046e-05,-0.557799,-0.930034
4.05684e-06,2.04332e-05,-0.55228,-0.931869
4.04023e-06,2.04617e-05,-0.546744,-0.933675
4.02358e-06,2.04902e-05,-0.541192,-0.935453
4.00687e-06,2.05185e-05,-0.535623,-0.937202
3.99011e-06,2.05467e-05,-0.530037,-0.938922
3.97331e-06,2.05749e-05,-0.524435,-0.940612
3.95645e-06,2.0603e-05,-0.518817,-0.942274
3.93955e-06,2.06309e-05,-0.513182,-0.943906
3.92259e-06,2.06588e-05,-0.507531,-0.945508
3.90559e-06,2.06866e-05,-0.501864,-0.94708
3.88854e-06,2.07144e-05,-0.496181,-0.948622
3.87145e-06,2.0742e-05,-0.490483,-0.950134
3.85431e-06,2.07695e-05,-0.484768,-0.951616
3.83712e-06,2.07969e-05,-0.479039,-0.953068
3.81988e-06,2.08243e-05,-0.473294,-0.954489
3.8026e-06,2.08516e-05,-0.467533,-0.955879
3.78527e-06,2.08787e-05,-0.461758,-0.957238
3.7679e-06,2.09058e-05,-0.455968,-0.958566
3.75049e-06,2.09328e-05,-0.450162,-0.959863
3.73303e-06,2.09596e-05,-0.444342,-0.961129
3.71552e-06,2.09864e-05,-0.438508,-0.962363
3.69798e-06,2.10131e-05,-0.432659,-0.963565
3.68039e-06,2.10397e-05,-0.426795,-0.964735
3.66275e-06,2.10662e-05,-0.420918,-0.965874
3.64508e-06,2.10926e-05,-0.415027,-0.96698
3.62736e-06,2.11189e-05,-0.409121,-0.968054
3.60961e-06,2.11451e-05,-0.403202,-0.969096
3.59181e-06,2.11713e-05,-0.397269,-0.970105
3.57397e-06,2.11973e-05,-0.391323,-0.971081
3.55609e-06,2.12232e-05,-0.385364,-0.972024
3.53817e-06,2.1249e-05,-0.379392,-0.972934
3.52022e-06,2.12747e-05,-0.373406,-0.97381
3.50222e-06,2.13003e-05,-0.367408,-0.974654
3.48419e-06,2.13259e-05,-0.361397,-0.975464
3.46612e-06,2.13513e-05,-0.355373,-0.976239
3.44801e-06,2.13766e-05,-0.349338,-0.976982
3.42987e-06,2.14018e-05,-0.34329,-0.97769
3.41169e-06,2.14269e-05,-0.33723,-0.978363
3.39347e-06,2.14519e-05,-0.331158,-0.979003
3.37522e-06,2.14768e-05,-0.325074,-0.979608
3.35694e-06,2.15016e-05,-0.318979,-0.980178
3.33862e-06,2.15263e-05,-0.312873,-0.980713
3.32027e-06,2.15509e-05,-0.306756,-0.981214
3.30188e-06,2.15754e-05,-0.300627,-0.981679
3.28346e-06,2.15997e-05,-0.294488,-0.982109
3.26501e-06,2.1624e-05,-0.288338,-0.982504
3.24653e-06,2.16482e-05,-0.282177,-0.982862
3.22802e-06,2.16722e-05,-0.276007,-0.983186
3.20948e-06,2.16962e-05,-0.269826,-0.983473
3.19091e-06,2.172e-05,-0.263635,-0.983724
3.17231e-06,2.17437e-05,-0.257435,-0.983939
3.15368e-06,2.17674e-05,-0.251225,-0.984117
3.13502e-06,2.17909e-05,-0.245006,-0.984259
3.11633e-06,2.18143e-05,-0.238778,-0.984364
3.09762e-06,2.18376e-05,-0.23254,-0.984433
3.07888e-06,2.18607e-05,-0.226294,-0.984464
3.06012e-06,2.18838e-05,-0.22004,-0.984458
3.04133e-06,2.19068e-05,-0.213777,-0.984415
3.02252e-06,2.19296e-05,-0.207506,-0.984335
3.00368e-06,2.19523e-05,-0.201227,-0.984216
2.98482e-06,2.1975e-05,-0.19494,-0.98406
2.96594e-06,2.19975e-05,-0.188646,-0.983867
2.94703e-06,2.20199e-05,-0.182345,-0.983635
2.92811e-06,2.20421e-05,-0.176036,-0.983365
2.90916e-06,2.20643e-05,-0.169721,-0.983056
2.8902e-06,2.20863e-05,-0.163398,-0.982709
2.87121e-06,2.21083e-05,-0.15707,-0.982323
2.85221e-06,2.21301e-05,-0.150735,-0.981899
2.83318e-06,2.21518e-05,-0.144395,-0.981436
2.81414e-06,2.21734e-05,-0.138048,-0.980933
2.79509e-06,2.21948e-05,-0.131696,-0.980391
2.77602e-06,2.22162e-05,-0.125339,-0.97981
2.75693e-06,2.22374e-05,-0.118976,-0.97919
2.73783e-06,2.22585e-05,-0.112609,-0.978529
2.71871e-06,2.22795e-05,-0.106238,-0.977829
2.69958e-06,2.23003e-05,-0.0998616,-0.977089
2.68044e-06,2.23211e-05,-0.0934814,-0.976309
2.66129e-06,2.23417e-05,-0.0870974,-0.975489
2.64213e-06,2.23622e-05,-0.0807098,-0.974628
2.62296e-06,2.23826e-05,-0.0743188,-0.973727
2.60377e-06,2.24029e-05,-0.0679248,-0.972785
2.58458e-06,2.2423e-05,-0.0615279,-0.971802
2.56539e-06,2.2443e-05,-0.0551284,-0.970779
2.54618e-06,2.24629e-05,-0.0487265,-0.969714
2.52697e-06,2.24827e-05,-0.0423226,-0.968609
2.50775e-06,2.25023e-05,-0.0359169,-0.967462
2.48853e-06,2.25218e-05,-0.0295097,-0.966273
2.4693e-06,2.25412e-05,-0.0231012,-0.965043
2.45007e-06,2.25605e-05,-0.0166916,-0.963772
2.43084e-06,2.25796e-05,-0.0102814,-0.962458
2.41161e-06,2.25987e-05,-0.00387073,-0.961103
2.39238e-06,2.26176e-05,0.00254012,-0.959705
2.37315e-06,2.26363e-05,0.00895086,-0.958266
2.35392e-06,2.2655e-05,0.0153612,-0.956784
2.33469e-06,2.26735e-05,0.0217709,-0.95526
2.31546e-06,2.26919e-05,0.0281796,-0.953693
2.29624e-06,2.27101e-05,0.034587,-0.952083
2.27702e-06,2.27283e-05,0.0409929,-0.950431
2.25781e-06,2.27463e-05,0.0473969,-0.948736
2.2386e-06,2.27641e-05,0.0537988,-0.946998
2.21941e-06,2.27819e-05,0.0601983,-0.945217
2.20022e-06,2.27995e-05,0.0665949,-0.943392
2.18103e-06,2.2817e-05,0.0729886,-0.941525
2.16186e-06,2.28343e-05,0.0793788,-0.939613
2.1427e-06,2.28515e-05,0.0857654,-0.937659
2.12356e-06,2.28686e-05,0.092148,-0.935661
2.10442e-06,2.28856e-05,0.0985263,-0.933619
2.0853e-06,2.29024e-05,0.1049,-0.931533
2.06619e-06,2.29191e-05,0.111269,-0.929404
2.0471e-06,2.29357e-05,0.117632,-0.92723
2.02803e-06,2.29521e-05,0.12399,-0.925012
2.00897e-06,2.29684e-05,0.130342,-0.922751
1.98994e-06,2.29846e-05,0.136688,-0.920445
1.97092e-06,2.30006e-05,0.143027,-0.918094
1.95192e-06,2.30165e-05,0.149359,-0.9157
1.93295e-06,2.30323e-05,0.155684,-0.91326
1.914e-06,2.30479e-05,0.162001,-0.910777
1.89507e-06,2.30634e-05,0.168311,-0.908248
1.87616e-06,2.30788e-05,0.174612,-0.905675
1.85729e-06,2.3094e-05,0.180905,-0.903057
1.83844e-06,2.31091e-05,0.187188,-0.900394
1.81961e-06,2.31241e-05,0.193462,-0.897687
1.80082e-06,2.31389e-05,0.199727,-0.894934
1.78206e-06,2.31536e-05,0.205981,-0.892137
1.76332e-06,2.31682e-05,0.212225,-0.889294
1.74462e-06,2.31826e-05,0.218459,-0.886406
1.72596e-06,2.31969e-05,0.224681,-0.883473
1.70733e-06,2.3211e-05,0.230891,-0.880495
1.68873e-06,2.3225e-05,0.23709,-0.877471
1.67017e-06,2.32389e-05,0.243277,-0.874403
1.65165e-06,2.32527e-05,0.249451,-0.871289
1.63317e-06,2.32663e-05,0.255612,-0.868129
1.61472e-06,2.32797e-05,0.261759,-0.864924
1.59632e-06,2.32931e-05,0.267893,-0.861674
1.57796e-06,2.33063e-05,0.274013,-0.858378
1.55965e-06,2.33193e-05,0.280118,-0.855037
1.54138e-06,2.33323e-05,0.286208,-0.85165
1.52315e-06,2.3345e-05,0.292283,-0.848218
1.50497e-06,2.33577e-05,0.298342,-0.84474
1.48684e-06,2.33702e-05,0.304385,-0.841217
1.46876e-06,2.33826e-05,0.310412,-0.837648
1.45073e-06,2.33948e-05,0.316422,-0.834033
1.43276e-06,2.34069e-05,0.322415,-0.830374
1.41483e-06,2.34189e-05,0.32839,-0.826668
1.39696e-06,2.34307e-05,0.334346,-0.822917
1.37915e-06,2.34424e-05,0.340285,-0.819121
1.36139e-06,2.3454e-05,0.346204,-0.815279
1.34369e-06,2.34654e-05,0.352104,-0.811392
1.32605e-06,2.34767e-05,0.357985,-0.807459
1.30846e-06,2.34879e-05,0.363845,-0.803481
1.29094e-06,2.34989e-05,0.369685,-0.799457
1.27349e-06,2.35098e-05,0.375504,-0.795389
1.2561e-06,2.35205e-05,0.381301,-0.791275
1.23877e-06,2.35311e-05,0.387077,-0.787115
1.22151e-06,2.35416e-05,0.392831,-0.782911
1.20432e-06,2.35519e-05,0.398562,-0.778661
1.18719e-06,2.35621e-05,0.404269,-0.774367
1.17014e-06,2.35722e-05,0.409954,-0.770027
1.15316e-06,2.35821e-05,0.415614,-0.765643
1.13625e-06,2.35919e-05,0.42125,-0.761214
1.11942e-06,2.36016e-05,0.426862,-0.75674
1.10266e-06,2.36111e-05,0.432448,-0.752221
1.08597e-06,2.36205e-05,0.438008,-0.747658
1.06937e-06,2.36298e-05,0.443543,-0.74305
1.05285e-06,2.36389e-05,0.449051,-0.738398
1.0364e-06,2.36479e-05,0.454532,-0.733702
1.02004e-06,2.36568e-05,0.459986,-0.728961
1.00377e-06,2.36655e-05,0.465412,-0.724177
9.87572e-07,2.36741e-05,0.470809,-0.719348
9.71465e-07,2.36826e-05,0.476178,-0.714476
9.55445e-07,2.36909e-05,0.481518,-0.70956
9.39514e-07,2.36991e-05,0.486829,-0.704601
9.23673e-07,2.37072e-05,0.492109,-0.699598
9.07923e-07,2.37151e-05,0.497359,-0.694552
8.92266e-07,2.3723e-05,0.502578,-0.689463
8.76702e-07,2.37306e-05,0.507766,-0.68433
8.61234e-07,2.37382e-05,0.512922,-0.679156
8.45862e-07,2.37456e-05,0.518046,-0.673938
8.30588e-07,2.37529e-05,0.523137,-0.668678
8.15413e-07,2.37601e-05,0.528196,-0.663376
8.00339e-07,2.37672e-05,0.53322,-0.658032
7.85366e-07,2.37741e-05,0.538211,-0.652646
7.70497e-07,2.37809e-05,0.543168,-0.647218
7.55732e-07,2.37876e-05,0.548089,-0.641748
7.41073e-07,2.37941e-05,0.552976,-0.636238
7.26521e-07,2.38006e-05,0.557826,-0.630686
7.12077e-07,2.38069e-05,0.562641,-0.625094
6.97743e-07,2.38131e-05,0.567419,-0.619461
6.8352e-07,2.38191e-05,0.57216,-0.613787
6.69409e-07,2.38251e-05,0.576864,-0.608074
6.55412e-07,2.38309e-05,0.581529,-0.60232
6.4153e-07,2.38366e-05,0.586157,-0.596527
6.27764e-07,2.38422e-05,0.590745,-0.590694
6.14115e-07,2.38477e-05,0.595295,-0.584822
6.00585e-07,2.3853e-05,0.599805,-0.578912
5.87175e-07,2.38583e-05,0.604275,-0.572962
5.73886e-07,2.38634e-05,0.608705,-0.566975
5.6072e-07,2.38684e-05,0.613093,-0.560949
5.47678e-07,2.38733e-05,0.617441,-0.554886
5.34761e-07,2.38781e-05,0.621746,-0.548785
5.2197e-07,2.38827e-05,0.62601,-0.542647
5.09307e-07,2.38873e-05,0.630231,-0.536472
4.96773e-07,2.38918e-05,0.634409,-0.53026
4.84368e-07,2.38961e-05,0.638544,-0.524012
4.72095e-07,2.39003e-05,0.642635,-0.517729
4.59955e-07,2.39045e-05,0.646682,-0.511409
4.47948e-07,2.39085e-05,0.650684,-0.505055
4.36076e-07,2.39124e-05,0.654641,-0.498666
4.2434e-07,2.39162e-05,0.658553,-0.492242
4.12741e-07,2.39199e-05,0.66242,-0.485783
4.01281e-07,2.39235e-05,0.66624,-0.479291
3.89961e-07,2.3927e-05,0.670013,-0.472766
3.78781e-07,2.39305e-05,0.67374,-0.466207
3.67743e-07,2.39338e-05,0.677419,-0.459616
3.56848e-07,2.3937e-05,0.681051,-0.452992
3.46097e-07,2.39401e-05,0.684634,-0.446337
3.35492e-07,2.39431e-05,0.688169,-0.43965
3.25032e-07,2.39461e-05,0.691656,-0.432931
3.14721e-07,2.39489e-05,0.695093,-0.426182
3.04558e-07,2.39516e-05,0.698481,-0.419403
2.94544e-07,2.39543e-05,0.701819,-0.412593
2.84681e-07,2.39569e-05,0.705106,-0.405754
2.7497e-07,2.39594e-05,0.708343,-0.398886
2.65411e-07,2.39617e-05,0.71153,-0.39199
2.56006e-07,2.39641e-05,0.714665,-0.385065
2.46755e-07,2.39663e-05,0.717748,-0.378112
2.37661e-07,2.39684e-05,0.72078,-0.371132
2.28723e-07,2.39705e-05,0.723759,-0.364125
2.19942e-07,2.39725e-05,0.726686,-0.357092
2.1132e-07,2.39744e-05,0.72956,-0.350033
2.02857e-07,2.39762e-05,0.732381,-0.342948
1.94555e-07,2.3978e-05,0.735148,-0.335838
1.86414e-07,2.39797e-05,0.737862,-0.328704
1.78435e-07,2.39813e-05,0.740522,-0.321545
1.70619e-07,2.39828e-05,0.743127,-0.314363
1.62966e-07,2.39843e-05,0.745678,-0.307158
1.55479e-07,2.39857e-05,0.748174,-0.29993
1.48156e-07,2.3987e-05,0.750615,-0.292681
1.41e-07,2.39883e-05,0.753,-0.285409
1.3401e-07,2.39895e-05,0.75533,-0.278117
1.27188e-07,2.39907e-05,0.757604,-0.270804
1.20535e-07,2.39917e-05,0.759822,-0.263471
1.14051e-07,2.39928e-05,0.761983,-0.256118
1.07736e-07,2.39937e-05,0.764088,-0.248746
1.01592e-07,2.39947e-05,0.766136,-0.241356
9.56188e-08,2.39955e-05,0.768127,-0.233948
8.98174e-08,2.39963e-05,0.770061,-0.226522
8.41883e-08,2.39971e-05,0.771937,-0.21908
7.87322e-08,2.39978e-05,0.773756,-0.211621
7.34495e-08,2.39985e-05,0.775517,-0.204146
6.83408e-08,2.39991e-05,0.77722,-0.196657
6.34067e-08,2.39996e-05,0.778864,-0.189152
5.86476e-08,2.40002e-05,0.780451,-0.181633
5.4064e-08,2.40007e-05,0.781979,-0.174101
4.96565e-08,2.40011e-05,0.783448,-0.166555
4.54253e-08,2.40015e-05,0.784858,-0.158997
4.13711e-08,2.40019e-05,0.78621,-0.151427
3.7494e-08,2.40022e-05,0.787502,-0.143846
3.37946e-08,2.40025e-05,0.788735,-0.136254
3.02732e-08,2.40028e-05,0.789909,-0.128651
2.69301e-08,2.40031e-05,0.791023,-0.121039
2.37656e-08,2.40033e-05,0.792078,-0.113418
2.078e-08,2.40035e-05,0.793073,-0.105788
1.79736e-08,2.40037e-05,0.794009,-0.0981506
1.53466e-08,2.40038e-05,0.794884,-0.0905055
1.28992e-08,2.40039e-05,0.7957,-0.0828536
1.06316e-08,2.40041e-05,0.796456,-0.0751955
8.54406e-09,2.40042e-05,0.797152,-0.0675316
6.63665e-09,2.40042e-05,0.797788,-0.0598627
4.90953e-09,2.40043e-05,0.798363,-0.0521893
3.36279e-09,2.40044e-05,0.798879,-0.0445119
1.99651e-09,2.40044e-05,0.799334,-0.0368312
8.10766e-10,2.40044e-05,0.79973,-0.0291478
-1.94414e-10,2.40045e-05,0.800065,-0.0214621
-1.01901e-09,2.40045e-05,0.80034,-0.0137748
-1.66304e-09,2.40045e-05,0.800554,-0.00608646
-2.12653e-09,2.40045e-05,0.800709,0.00160234
-2.40953e-09,2.40045e-05,0.800803,0.00929101
-2.51212e-09,2.40046e-05,0.800837,0.016979
-2.43439e-09,2.40046e-05,0.800811,0.0246657
-2.17648e-09,2.40046e-05,0.800725,0.0323505
-1.73851e-09,2.40047e-05,0.80058,0.040033
-1.12067e-09,2.40047e-05,0.800374,0.0477124
-3.23133e-10,2.40048e-05,0.800108,0.0553883
6.53888e-10,2.40048e-05,0.799782,0.06306
1.81016e-09,2.40049e-05,0.799397,0.070727
3.14542e-09,2.4005e-05,0.798952,0.0783888
4.65941e-09,2.40051e-05,0.798447,0.0860447
6.35182e-09,2.40053e-05,0.797883,0.0936942
8.22233e-09,2.40054e-05,0.797259,0.101337
1.02706e-08,2.40056e-05,0.796576,0.108972
1.24963e-08,2.40058e-05,0.795835,0.116599
1.4899e-08,2.40061e-05,0.795034,0.124217
1.74783e-08,2.40063e-05,0.794174,0.131826
2.02337e-08,2.40066e-05,0.793255,0.139425
2.3165e-08,2.40069e-05,0.792278,0.147014
2.62715e-08,2.40073e-05,0.791243,0.154592
2.95528e-08,2.40077e-05,0.790149,0.162159
3.30083e-08,2.40081e-05,0.788997,0.169714
3.66377e-08,2.40085e-05,0.787787,0.177257
4.04402e-08,2.4009e-05,0.78652,0.184786
4.44154e-08,2.40096e-05,0.785195,0.192302
4.85627e-08,2.40102e-05,0.783812,0.199804
5.28814e-08,2.40108e-05,0.782373,0.207291
5.7371e-08,2.40114e-05,0.780876,0.214763
6.20308e-08,2.40122e-05,0.779323,0.22222
6.68601e-08,2.40129e-05,0.777713,0.22966
7.18583e-08,2.40137e-05,0.776047,0.237084
7.70247e-08,2.40146e-05,0.774325,0.244491
8.23585e-08,2.40155e-05,0.772547,0.25188
8.78591e-08,2.40165e-05,0.770714,0.259251
9.35257e-08,2.40175e-05,0.768825,0.266604
9.93575e-08,2.40186e-05,0.766881,0.273937
1.05354e-07,2.40198e-05,0.764882,0.281251
1.11514e-07,2.4021e-05,0.762829,0.288544
1.17837e-07,2.40222e-05,0.760721,0.295817
1.24321e-07,2.40236e-05,0.75856,0.30307
1.30967e-07,2.4025e-05,0.756344,0.3103
1.37774e-07,2.40264e-05,0.754075,0.317509
1.4474e-07,2.40279e-05,0.751753,0.324695
1.51864e-07,2.40295e-05,0.749379,0.331859
1.59146e-07,2.40312e-05,0.746951,0.338999
1.66585e-07,2.40329e-05,0.744472,0.346116
1.7418e-07,2.40347e-05,0.74194,0.353208
1.81929e-07,2.40366e-05,0.739357,0.360276
1.89833e-07,2.40386e-05,0.736722,0.367319
1.9789e-07,2.40406e-05,0.734037,0.374336
2.06098e-07,2.40427e-05,0.731301,0.381327
2.14458e-07,2.40449e-05,0.728514,0.388293
2.22968e-07,2.40472e-05,0.725677,0.395231
2.31627e-07,2.40495e-05,0.722791,0.402143
2.40434e-07,2.4052e-05,0.719855,0.409027
2.49387e-07,2.40545e-05,0.716871,0.415883
2.58487e-07,2.40571e-05,0.713838,0.422711
2.67732e-07,2.40598e-05,0.710756,0.429511
2.77121e-07,2.40626e-05,0.707626,0.436281
2.86652e-07,2.40654e-05,0.704449,0.443022
2.96325e-07,2.40684e-05,0.701225,0.449734
3.06139e-07,2.40714e-05,0.697954,0.456415
3.16092e-07,2.40745e-05,0.694636,0.463066
3.26183e-07,2.40778e-05,0.691272,0.469686
3.36412e-07,2.40811e-05,0.687863,0.476275
3.46777e-07,2.40845e-05,0.684408,0.482833
3.57277e-07,2.4088e-05,0.680908,0.489359
3.67911e-07,2.40916e-05,0.677363,0.495853
3.78678e-07,2.40953e-05,0.673774,0.502314
3.89577e-07,2.40991e-05,0.670141,0.508743
4.00606e-07,2.4103e-05,0.666465,0.515139
4.11764e-07,2.4107e-05,0.662745,0.521501
4.2305e-07,2.41111e-05,0.658983,0.52783
4.34464e-07,2.41153e-05,0.655179,0.534125
4.46003e-07,2.41196e-05,0.651332,0.540385
4.57667e-07,2.4124e-05,0.647444,0.546612
4.69454e-07,2.41285e-05,0.643515,0.552803
4.81364e-07,2.41332e-05,0.639545,0.55896
4.93395e-07,2.41379e-05,0.635535,0.565081
5.05545e-07,2.41427e-05,0.631485,0.571166
5.17815e-07,2.41476e-05,0.627395,0.577216
5.30202e-07,2.41527e-05,0.623266,0.58323
5.42705e-07,2.41578e-05,0.619098,0.589208
5.55323e-07,2.41631e-05,0.614892,0.595149
5.68055e-07,2.41685e-05,0.610648,0.601053
5.809e-07,2.4174e-05,0.606367,0.60692
5.93856e-07,2.41796e-05,0.602048,0.61275
6.06922e-07,2.41853e-05,0.597693,0.618543
6.20098e-07,2.41911e-05,0.593301,0.624298
6.33381e-07,2.4197e-05,0.588873,0.630016
6.46771e-07,2.42031e-05,0.58441,0.635695
6.60266e-07,2.42092e-05,0.579911,0.641336
6.73866e-07,2.42155e-05,0.575378,0.646939
6.87568e-07,2.42219e-05,0.570811,0.652503
7.01372e-07,2.42284e-05,0.566209,0.658028
7.15277e-07,2.4235e-05,0.561574,0.663515
7.29281e-07,2.42418e-05,0.556906,0.668962
7.43383e-07,2.42486e-05,0.552206,0.67437
7.57582e-07,2.42556e-05,0.547473,0.679739
7.71876e-07,2.42627e-05,0.542708,0.685068
7.86265e-07,2.42699e-05,0.537912,0.690357
8.00747e-07,2.42773e-05,0.533084,0.695607
8.15321e-07,2.42847e-05,0.528226,0.700816
8.29986e-07,2.42923e-05,0.523338,0.705986
8.4474e-07,2.43e-05,0.51842,0.711115
8.59583e-07,2.43078e-05,0.513472,0.716203
8.74513e-07,2.43158e-05,0.508496,0.721251
8.89529e-07,2.43238e-05,0.50349,0.726259
9.0463e-07,2.4332e-05,0.498457,0.731225
9.19814e-07,2.43403e-05,0.493395,0.736151
9.35081e-07,2.43488e-05,0.488306,0.741036
9.50429e-07,2.43573e-05,0.48319,0.74588
9.65857e-07,2.4366e-05,0.478048,0.750682
9.81364e-07,2.43748e-05,0.472879,0.755444
9.96948e-07,2.43837e-05,0.467684,0.760164
1.01261e-06,2.43928e-05,0.462464,0.764842
1.02835e-06,2.44019e-05,0.457218,0.769479
1.04416e-06,2.44112e-05,0.451948,0.774075
1.06004e-06,2.44207e-05,0.446654,0.778628
1.07599e-06,2.44302e-05,0.441335,0.783141
1.09202e-06,2.44399e-05,0.435993,0.787611
1.10811e-06,2.44497e-05,0.430628,0.792039
1.12428e-06,2.44596e-05,0.42524,0.796426
1.14051e-06,2.44697e-05,0.41983,0.80077
1.15681e-06,2.44799e-05,0.414398,0.805073
1.17317e-06,2.44902e-05,0.408944,0.809334
1.18959e-06,2.45006e-05,0.403469,0.813552
1.20608e-06,2.45111e-05,0.397973,0.817728
1.22263e-06,2.45218e-05,0.392456,0.821863
1.23924e-06,2.45326e-05,0.386919,0.825955
1.25591e-06,2.45436e-05,0.381363,0.830004
1.27264e-06,2.45546e-05,0.375787,0.834012
1.28942e-06,2.45658e-05,0.370192,0.837977
1.30626e-06,2.45771e-05,0.364578,0.8419
1.32316e-06,2.45886e-05,0.358946,0.845781
1.34011e-06,2.46002e-05,0.353297,0.84962
1.35711e-06,2.46119e-05,0.347629,0.853416
1.37417e-06,2.46237e-05,0.341944,0.85717
1.39127e-06,2.46356e-05,0.336243,0.860881
1.40843e-06,2.46477e-05,0.330525,0.86455
1.42563e-06,2.46599e-05,0.32479,0.868177
1.44288e-06,2.46722e-05,0.31904,0.871762
1.46018e-06,2.46847e-05,0.313275,0.875304
1.47752e-06,2.46973e-05,0.307494,0.878804
1.4949e-06,2.471e-05,0.301698,0.882262
1.51233e-06,2.47228e-05,0.295888,0.885678
1.52981e-06,2.47358e-05,0.290064,0.889051
1.54732e-06,2.47489e-05,0.284227,0.892382
1.56487e-06,2.47621e-05,0.278375,0.895671
1.58247e-06,2.47755e-05,0.272511,0.898918
1.6001e-06,2.47889e-05,0.266634,0.902123
1.61777e-06,2.48025e-05,0.260744,0.905285
1.63547e-06,2.48163e-05,0.254843,0.908406
1.65321e-06,2.48301e-05,0.248929,0.911485
1.67099e-06,2.48441e-05,0.243004,0.914521
1.6888e-06,2.48582e-05,0.237068,0.917516
1.70664e-06,2.48724e-05,0.231121,0.920469
1.72451e-06,2.48868e-05,0.225164,0.92338
1.74241e-06,2.49012e-05,0.219197,0.92625
1.76034e-06,2.49158e-05,0.213219,0.929077
1.7783e-06,2.49306e-05,0.207232,0.931863
1.79629e-06,2.49454e-05,0.201236,0.934608
1.81431e-06,2.49604e-05,0.195231,0.937311
1.83235e-06,2.49755e-05,0.189217,0.939972
1.85042e-06,2.49907e-05,0.183195,0.942592
1.86851e-06,2.50061e-05,0.177165,0.94517
1.88662e-06,2.50216e-05,0.171127,0.947708
1.90476e-06,2.50372e-05,0.165081,0.950204
1.92291e-06,2.50529e-05,0.159029,0.952659
1.94109e-06,2.50687e-05,0.15297,0.955072
1.95929e-06,2.50847e-05,0.146904,0.957445
1.97751e-06,2.51008e-05,0.140831,0.959777
1.99574e-06,2.5117e-05,0.134753,0.962068
2.01399e-06,2.51333e-05,0.128669,0.964318
2.03226e-06,2.51498e-05,0.12258,0.966528
2.05054e-06,2.51664e-05,0.116485,0.968697
2.06884e-06,2.51831e-05,0.110386,0.970825
2.08715e-06,2.51999e-05,0.104282,0.972913
2.10548e-06,2.52168e-05,0.0981736,0.974961
2.12382e-06,2.52339e-05,0.0920613,0.976968
2.14216e-06,2.52511e-05,0.0859451,0.978935
2.16052e-06,2.52684e-05,0.0798254,0.980862
2.17889e-06,2.52858e-05,0.0737025,0.982749
2.19727e-06,2.53033e-05,0.0675766,0.984596
2.21566e-06,2.5321e-05,0.0614479,0.986403
2.23405e-06,2.53388e-05,0.0553168,0.988171
2.25245e-06,2.53567e-05,0.0491834,0.989899
2.27086e-06,2.53747e-05,0.0430481,0.991587
2.28927e-06,2.53929e-05,0.0369111,0.993236
2.30768e-06,2.54111e-05,0.0307726,0.994846
2.3261e-06,2.54295e-05,0.0246329,0.996416
2.34452e-06,2.5448e-05,0.0184922,0.997947
2.36295e-06,2.54666e-05,0.0123508,0.999439
2.38137e-06,2.54853e-05,0.00620897,1.00089
2.3998e-06,2.55042e-05,6.68488e-05,1.00231
2.41823e-06,2.55231e-05,-0.00607527,1.00368
2.43665e-06,2.55422e-05,-0.0122172,1.00502
2.45508e-06,2.55614e-05,-0.0183586,1.00632
2.4735e-06,2.55807e-05,-0.0244993,1.00758
2.49192e-06,2.56001e-05,-0.0306391,1.0088
2.51033e-06,2.56196e-05,-0.0367777,1.00998
2.52874e-06,2.56393e-05,-0.0429149,1.01113
2.54715e-06,2.56591e-05,-0.0490506,1.01224
2.56555e-06,2.56789e-05,-0.0551844,1.01331
2.58395e-06,2.56989e-05,-0.0613161,1.01434
2.60234e-06,2.5719e-05,-0.0674456,1.01533
2.62072e-06,2.57392e-05,-0.0735725,1.01629
2.63909e-06,2.57596e-05,-0.0796968,1.01721
2.65745e-06,2.578e-05,-0.0858182,1.01809
2.67581e-06,2.58006e-05,-0.0919364,1.01894
2.69415e-06,2.58212e-05,-0.0980512,1.01975
2.71249e-06,2.5842e-05,-0.104163,1.02052
2.73081e-06,2.58629e-05,-0.11027,1.02125
2.74912e-06,2.58839e-05,-0.116374,1.02195
2.76742e-06,2.5905e-05,-0.122473,1.02261
2.7857e-06,2.59262e-05,-0.128568,1.02324
2.80398e-06,2.59475e-05,-0.134659,1.02382
2.82223e-06,2.59689e-05,-0.140745,1.02438
2.84048e-06,2.59905e-05,-0.146825,1.02489
2.8587e-06,2.60121e-05,-0.152901,1.02537
2.87691e-06,2.60339e-05,-0.158971,1.02582
2.89511e-06,2.60557e-05,-0.165036,1.02623
2.91329e-06,2.60777e-05,-0.171095,1.0266
2.93144e-06,2.60998e-05,-0.177148,1.02694
2.94959e-06,2.61219e-05,-0.183195,1.02724
2.96771e-06,2.61442e-05,-0.189236,1.02751
2.98581e-06,2.61666e-05,-0.19527,1.02774
3.00389e-06,2.61891e-05,-0.201298,1.02793
3.02196e-06,2.62117e-05,-0.207319,1.0281
3.04e-06,2.62344e-05,-0.213333,1.02822
3.05802e-06,2.62572e-05,-0.219339,1.02832
3.07602e-06,2.62801e-05,-0.225339,1.02838
3.09399e-06,2.63031e-05,-0.23133,1.0284
3.11194e-06,2.63263e-05,-0.237315,1.02839
3.12987e-06,2.63495e-05,-0.243291,1.02835
3.14778e-06,2.63728e-05,-0.249259,1.02827
3.16566e-06,2.63962e-05,-0.255219,1.02816
3.18351e-06,2.64197e-05,-0.261171,1.02801
3.20134e-06,2.64434e-05,-0.267114,1.02783
3.21914e-06,2.64671e-05,-0.273048,1.02762
3.23692e-06,2.64909e-05,-0.278974,1.02737
3.25467e-06,2.65148e-05,-0.28489,1.02709
3.27239e-06,2.65389e-05,-0.290798,1.02678
3.29009e-06,2.6563e-05,-0.296696,1.02644
3.30775e-06,2.65872e-05,-0.302584,1.02606
3.32539e-06,2.66115e-05,-0.308463,1.02565
3.343e-06,2.66359e-05,-0.314332,1.0252
3.36057e-06,2.66604e-05,-0.320192,1.02473
3.37812e-06,2.66851e-05,-0.326041,1.02422
3.39564e-06,2.67098e-05,-0.33188,1.02368
3.41312e-06,2.67346e-05,-0.337708,1.02311
3.43058e-06,2.67595e-05,-0.343526,1.02251
3.448e-06,2.67845e-05,-0.349334,1.02187
3.46539e-06,2.68095e-05,-0.35513,1.0212
3.48275e-06,2.68347e-05,-0.360916,1.0205
3.50007e-06,2.686e-05,-0.36669,1.01977
3.51736e-06,2.68854e-05,-0.372453,1.01901
3.53462e-06,2.69108e-05,-0.378205,1.01822
3.55184e-06,2.69364e-05,-0.383946,1.0174
3.56902e-06,2.6962e-05,-0.389674,1.01654
3.58617e-06,2.69878e-05,-0.395391,1.01566
3.60329e-06,2.70136e-05,-0.401097,1.01474
3.62037e-06,2.70395e-05,-0.40679,1.0138
3.63741e-06,2.70655e-05,-0.41247,1.01282
3.65442e-06,2.70917e-05,-0.418139,1.01181
3.67139e-06,2.71178e-05,-0.423795,1.01078
3.68832e-06,2.71441e-05,-0.429439,1.00971
3.70521e-06,2.71705e-05,-0.43507,1.00862
3.72206e-06,2.7197e-05,-0.440688,1.00749
3.73888e-06,2.72235e-05,-0.446293,1.00633
3.75566e-06,2.72502e-05,-0.451885,1.00515
3.77239e-06,2.72769e-05,-0.457464,1.00393
3.78909e-06,2.73037e-05,-0.46303,1.00269
3.80575e-06,2.73306e-05,-0.468582,1.00142
3.82236e-06,2.73576e-05,-0.474121,1.00012
3.83894e-06,2.73847e-05,-0.479646,0.998788
3.85547e-06,2.74118e-05,-0.485157,0.997429
3.87196e-06,2.74391e-05,-0.490655,0.996042
3.88841e-06,2.74664e-05,-0.496138,0.994627
3.90482e-06,2.74938e-05,-0.501608,0.993183
3.92119e-06,2.75213e-05,-0.507063,0.991711
3.93751e-06,2.75489e-05,-0.512504,0.990211
3.95379e-06,2.75766e-05,-0.51793,0.988683
3.97003e-06,2.76043e-05,-0.523342,0.987128
3.98622e-06,2.76322e-05,-0.528739,0.985545
4.00237e-06,2.76601e-05,-0.534122,0.983934
4.01847e-06,2.76881e-05,-0.53949,0.982296
4.03453e-06,2.77162e-05,-0.544843,0.980631
4.05054e-06,2.77443e-05,-0.55018,0.978939
4.06651e-06,2.77726e-05,-0.555503,0.977219
4.08243e-06,2.78009e-05,-0.56081,0.975473
4.09831e-06,2.78293e-05,-0.566102,0.9737
4.11414e-06,2.78578e-05,-0.571378,0.971901
4.12992e-06,2.78864e-05,-0.576639,0.970075
4.14565e-06,2.7915e-05,-0.581885,0.968223
4.16134e-06,2.79437e-05,-0.587114,0.966345
4.17698e-06,2.79725e-05,-0.592328,0.96444
4.19258e-06,2.80014e-05,-0.597525,0.96251
4.20812e-06,2.80304e-05,-0.602707,0.960553
4.22362e-06,2.80594e-05,-0.607873,0.958571
4.23907e-06,2.80885e-05,-0.613022,0.956564
4.25447e-06,2.81177e-05,-0.618155,0.954531
4.26981e-06,2.81469e-05,-0.623272,0.952472
4.28512e-06,2.81763e-05,-0.628372,0.950389
4.30037e-06,2.82057e-05,-0.633455,0.94828
4.31557e-06,2.82352e-05,-0.638522,0.946147
4.33072e-06,2.82647e-05,-0.643572,0.943988
4.34582e-06,2.82944e-05,-0.648606,0.941805
4.36087e-06,2.83241e-05,-0.653622,0.939597
4.37586e-06,2.83539e-05,-0.658621,0.937365
4.39081e-06,2.83837e-05,-0.663603,0.935109
4.40571e-06,2.84136e-05,-0.668568,0.932828
4.42055e-06,2.84436e-05,-0.673516,0.930523
4.43534e-06,2.84737e-05,-0.678447,0.928194
4.45008e-06,2.85039e-05,-0.68336,0.925842
4.46477e-06,2.85341e-05,-0.688255,0.923465
4.4794e-06,2.85644e-05,-0.693133,0.921065
4.49398e-06,2.85947e-05,-0.697993,0.918642
4.50851e-06,2.86251e-05,-0.702836,0.916195
4.52298e-06,2.86556e-05,-0.70766,0.913725
4.5374e-06,2.86862e-05,-0.712467,0.911232
4.55177e-06,2.87168e-05,-0.717256,0.908716
4.56608e-06,2.87475e-05,-0.722027,0.906177
4.58034e-06,2.87783e-05,-0.726779,0.903616
4.59454e-06,2.88092e-05,-0.731514,0.901031
4.60869e-06,2.88401e-05,-0.73623,0.898424
4.62278e-06,2.8871e-05,-0.740928,0.895795
4.63682e-06,2.89021e-05,-0.745607,0.893144
4.6508e-06,2.89332e-05,-0.750268,0.89047
4.66473e-06,2.89644e-05,-0.75491,0.887775
4.6786e-06,2.89956e-05,-0.759534,0.885057
4.69242e-06,2.90269e-05,-0.764139,0.882318
4.70618e-06,2.90583e-05,-0.768725,0.879557
4.71988e-06,2.90897e-05,-0.773293,0.876774
4.73352e-06,2.91212e-05,-0.777841,0.87397
4.74711e-06,2.91528e-05,-0.782371,0.871145
4.76064e-06,2.91844e-05,-0.786882,0.868298
4.77412e-06,2.92161e-05,-0.791373,0.865431
4.78754e-06,2.92478e-05,-0.795845,0.862542
4.80089e-06,2.92796e-05,-0.800298,0.859633
4.8142e-06,2.93115e-05,-0.804732,0.856703
4.82744e-06,2.93435e-05,-0.809146,0.853752
4.84062e-06,2.93755e-05,-0.813541,0.850781
4.85375e-06,2.94075e-05,-0.817917,0.84779
4.86682e-06,2.94396e-05,-0.822273,0.844778
4.87983e-06,2.94718e-05,-0.826609,0.841746
4.89278e-06,2.95041e-05,-0.830926,0.838694
4.90567e-06,2.95364e-05,-0.835223,0.835622
4.9185e-06,2.95687e-05,-0.8395,0.832531
4.93127e-06,2.96011e-05,-0.843757,0.829419
4.94398e-06,2.96336e-05,-0.847995,0.826289
4.95664e-06,2.96662e-05,-0.852212,0.823138
4.96923e-06,2.96987e-05,-0.85641,0.819969
4.98176e-06,2.97314e-05,-0.860587,0.81678
4.99423e-06,2.97641e-05,-0.864745,0.813572
5.00665e-06,2.97969e-05,-0.868882,0.810345
5.019e-06,2.98297e-05,-0.872999,0.807099
5.03129e-06,2.98626e-05,-0.877095,0.803834
5.04351e-06,2.98955e-05,-0.881171,0.800551
5.05568e-06,2.99285e-05,-0.885227,0.79725
5.06779e-06,2.99616e-05,-0.889263,0.793929
5.07983e-06,2.99947e-05,-0.893277,0.790591
5.09182e-06,3.00278e-05,-0.897272,0.787234
5.10374e-06,3.0061e-05,-0.901245,0.783859
5.1156e-06,3.00943e-05,-0.905198,0.780467
5.12739e-06,3.01276e-05,-0.909131,0.777056
5.13913e-06,3.0161e-05,-0.913042,0.773628
5.1508e-06,3.01944e-05,-0.916933,0.770182
5.16241e-06,3.02279e-05,-0.920803,0.766718
5.17396e-06,3.02614e-05,-0.924652,0.763237
5.18544e-06,3.0295e-05,-0.92848,0.759739
5.19686e-06,3.03286e-05,-0.932287,0.756224
5.20822e-06,3.03623e-05,-0.936073,0.752691
5.21951e-06,3.0396e-05,-0.939838,0.749142
5.23074e-06,3.04298e-05,-0.943581,0.745576
5.24191e-06,3.04637e-05,-0.947304,0.741993
5.25302e-06,3.04975e-05,-0.951005,0.738393
5.26405e-06,3.05315e-05,-0.954685,0.734777
5.27503e-06,3.05655e-05,-0.958344,0.731144
5.28594e-06,3.05995e-05,-0.961981,0.727495
5.29679e-06,3.06336e-05,-0.965597,0.72383
5.30757e-06,3.06677e-05,-0.969191,0.720149
5.31829e-06,3.07019e-05,-0.972764,0.716451
5.32894e-06,3.07361e-05,-0.976315,0.712738
5.33953e-06,3.07704e-05,-0.979845,0.709009
5.35006e-06,3.08047e-05,-0.983353,0.705265
5.36052e-06,3.08391e-05,-0.986839,0.701505
5.37091e-06,3.08735e-05,-0.990304,0.697729
5.38124e-06,3.09079e-05,-0.993746,0.693938
5.3915e-06,3.09424e-05,-0.997167,0.690132
5.4017e-06,3.0977e-05,-1.00057,0.686311
5.41183e-06,3.10116e-05,-1.00394,0.682475
5.4219e-06,3.10462e-05,-1.0073,0.678624
5.4319e-06,3.10809e-05,-1.01063,0.674758
5.44183e-06,3.11156e-05,-1.01394,0.670877
5.4517e-06,3.11504e-05,-1.01723,0.666982
5.4615e-06,3.11852e-05,-1.0205,0.663072
5.47124e-06,3.12201e-05,-1.02375,0.659148
5.48091e-06,3.1255e-05,-1.02697,0.655209
5.49051e-06,3.12899e-05,-1.03017,0.651257
5.50004e-06,3.13249e-05,-1.03335,0.64729
5.50951e-06,3.13599e-05,-1.0365,0.64331
5.51891e-06,3.1395e-05,-1.03964,0.639315
5.52825e-06,3.14301e-05,-1.04275,0.635307
5.53752e-06,3.14653e-05,-1.04584,0.631285
5.54672e-06,3.15005e-05,-1.04891,0.62725
5.55585e-06,3.15357e-05,-1.05195,0.623201
5.56491e-06,3.1571e-05,-1.05497,0.619139
5.57391e-06,3.16063e-05,-1.05797,0.615064
5.58284e-06,3.16416e-05,-1.06095,0.610976
5.5917e-06,3.1677e-05,-1.0639,0.606874
5.6005e-06,3.17124e-05,-1.06683,0.60276
5.60922e-06,3.17479e-05,-1.06974,0.598633
5.61788e-06,3.17834e-05,-1.07263,0.594493
5.62647e-06,3.1819e-05,-1.07549,0.59034
5.63499e-06,3.18545e-05,-1.07833,0.586175
5.64345e-06,3.18902e-05,-1.08115,0.581998
5.65183e-06,3.19258e-05,-1.08394,0.577809
5.66015e-06,3.19615e-05,-1.08672,0.573607
5.6684e-06,3.19972e-05,-1.08947,0.569393
5.67658e-06,3.2033e-05,-1.09219,0.565167
5.68469e-06,3.20688e-05,-1.0949,0.560929
5.69273e-06,3.21046e-05,-1.09758,0.55668
5.7007e-06,3.21405e-05,-1.10023,0.552419
5.7086e-06,3.21764e-05,-1.10287,0.548146
5.71643e-06,3.22123e-05,-1.10548,0.543862
5.7242e-06,3.22483e-05,-1.10807,0.539566
5.73189e-06,3.22843e-05,-1.11063,0.535259
5.73952e-06,3.23204e-05,-1.11317,0.530941
5.74707e-06,3.23564e-05,-1.11569,0.526612
5.75456e-06,3.23925e-05,-1.11819,0.522272
5.76198e-06,3.24287e-05,-1.12066,0.517921
5.76932e-06,3.24648e-05,-1.12311,0.513559
5.7766e-06,3.25011e-05,-1.12553,0.509187
5.78381e-06,3.25373e-05,-1.12794,0.504804
5.79094e-06,3.25736e-05,-1.13031,0.500411
5.79801e-06,3.26098e-05,-1.13267,0.496007
5.805e-06,3.26462e-05,-1.135,0.491593
5.81193e-06,3.26825e-05,-1.13731,0.487169
5.81879e-06,3.27189e-05,-1.1396,0.482735
5.82557e-06,3.27553e-05,-1.14186,0.47829
5.83228e-06,3.27918e-05,-1.14409,0.473836
5.83893e-06,3.28283e-05,-1.14631,0.469373
5.8455e-06,3.28648e-05,-1.1485,0.464899
5.852e-06,3.29013e-05,-1.15067,0.460416
5.85843e-06,3.29379e-05,-1.15281,0.455924
5.86479e-06,3.29745e-05,-1.15493,0.451422
5.87108e-06,3.30111e-05,-1.15703,0.446911
5.8773e-06,3.30477e-05,-1.1591,0.442391
5.88345e-06,3.30844e-05,-1.16115,0.437862
5.88952e-06,3.31211e-05,-1.16317,0.433323
5.89552e-06,3.31578e-05,-1.16517,0.428776
5.90146e-06,3.31946e-05,-1.16715,0.424221
5.90732e-06,3.32314e-05,-1.16911,0.419656
5.91311e-06,3.32682e-05,-1.17104,0.415083
5.91883e-06,3.3305e-05,-1.17294,0.410502
5.92447e-06,3.33419e-05,-1.17482,0.405912
5.93005e-06,3.33787e-05,-1.17668,0.401314
5.93555e-06,3.34156e-05,-1.17852,0.396707
5.94098e-06,3.34526e-05,-1.18033,0.392093
5.94634e-06,3.34895e-05,-1.18211,0.387471
5.95163e-06,3.35265e-05,-1.18388,0.38284
5.95684e-06,3.35635e-05,-1.18561,0.378202
5.96198e-06,3.36005e-05,-1.18733,0.373557
5.96705e-06,3.36376e-05,-1.18902,0.368904
5.97205e-06,3.36746e-05,-1.19068,0.364243
5.97698e-06,3.37117e-05,-1.19233,0.359575
5.98183e-06,3.37488e-05,-1.19394,0.3549
5.98661e-06,3.3786e-05,-1.19554,0.350217
5.99132e-06,3.38231e-05,-1.19711,0.345527
5.99595e-06,3.38603e-05,-1.19865,0.340831
6.00052e-06,3.38975e-05,-1.20017,0.336127
6.00501e-06,3.39347e-05,-1.20167,0.331417
6.00942e-06,3.39719e-05,-1.20314,0.3267
6.01377e-06,3.40092e-05,-1.20459,0.321977
6.01804e-06,3.40465e-05,-1.20601,0.317247
6.02224e-06,3.40838e-05,-1.20741,0.31251
6.02637e-06,3.41211e-05,-1.20879,0.307767
6.03042e-06,3.41584e-05,-1.21014,0.303019
6.0344e-06,3.41958e-05,-1.21147,0.298264
6.0383e-06,3.42331e-05,-1.21277,0.293502
6.04214e-06,3.42705e-05,-1.21405,0.288736
6.0459e-06,3.43079e-05,-1.2153,0.283963
6.04958e-06,3.43454e-05,-1.21653,0.279184
6.0532e-06,3.43828e-05,-1.21773,0.2744
6.05674e-06,3.44202e-05,-1.21891,0.269611
6.0602e-06,3.44577e-05,-1.22007,0.264816
6.0636e-06,3.44952e-05,-1.2212,0.260015
6.06691e-06,3.45327e-05,-1.2223,0.25521
6.07016e-06,3.45702e-05,-1.22339,0.250399
6.07333e-06,3.46078e-05,-1.22444,0.245583
6.07643e-06,3.46453e-05,-1.22548,0.240763
6.07945e-06,3.46829e-05,-1.22648,0.235937
6.0824e-06,3.47204e-05,-1.22747,0.231107
6.08528e-06,3.4758e-05,-1.22843,0.226272
6.08808e-06,3.47956e-05,-1.22936,0.221433
6.09081e-06,3.48333e-05,-1.23027,0.216589
6.09347e-06,3.48709e-05,-1.23116,0.211741
6.09605e-06,3.49085e-05,-1.23202,0.206889
6.09855e-06,3.49462e-05,-1.23285,0.202032
6.10099e-06,3.49839e-05,-1.23366,0.197171
6.10334e-06,3.50215e-05,-1.23445,0.192307
6.10563e-06,3.50592e-05,-1.23521,0.187438
6.10784e-06,3.50969e-05,-1.23595,0.182566
6.10997e-06,3.51346e-05,-1.23666,0.17769
6.11203e-06,3.51724e-05,-1.23734,0.172811
6.11402e-06,3.52101e-05,-1.23801,0.167928
6.11593e-06,3.52478e-05,-1.23864,0.163042
6.11777e-06,3.52856e-05,-1.23926,0.158152
6.11953e-06,3.53234e-05,-1.23984,0.15326
6.12122e-06,3.53611e-05,-1.24041,0.148364
6.12283e-06,3.53989e-05,-1.24094,0.143465
6.12437e-06,3.54367e-05,-1.24146,0.138564
6.12583e-06,3.54745e-05,-1.24194,0.133659
6.12722e-06,3.55123e-05,-1.24241,0.128752
6.12854e-06,3.55501e-05,-1.24285,0.123843
6.12978e-06,3.55879e-05,-1.24326,0.118931
6.13094e-06,3.56258e-05,-1.24365,0.114016
6.13203e-06,3.56636e-05,-1.24401,0.109099
6.13305e-06,3.57015e-05,-1.24435,0.10418
6.13399e-06,3.57393e-05,-1.24466,0.0992593
6.13485e-06,3.57772e-05,-1.24495,0.0943362
6.13564e-06,3.5815e-05,-1.24521,0.0894112
6.13636e-06,3.58529e-05,-1.24545,0.0844845
6.137e-06,3.58908e-05,-1.24567,0.079556
6.13756e-06,3.59286e-05,-1.24585,0.074626
6.13805e-06,3.59665e-05,-1.24602,0.0696944
6.13847e-06,3.60044e-05,-1.24616,0.0647615
6.1388e-06,3.60423e-05,-1.24627,0.0598272
6.13907e-06,3.60802e-05,-1.24636,0.0548918
6.13926e-06,3.61181e-05,-1.24642,0.0499552
6.13937e-06,3.6156e-05,-1.24646,0.0450176
6.13941e-06,3.61939e-05,-1.24647,0.0400792
6.13937e-06,3.62318e-05,-1.24646,0.0351399
6.13926e-06,3.62697e-05,-1.24642,0.0301999
6.13907e-06,3.63076e-05,-1.24636,0.0252593
6.1388e-06,3.63455e-05,-1.24627,0.0203182
6.13847e-06,3.63834e-05,-1.24616,0.0153767
6.13805e-06,3.64213e-05,-1.24602,0.0104348
6.13756e-06,3.64592e-05,-1.24585,0.0054928
6.13699e-06,3.64972e-05,-1.24566,0.000550648
6.13635e-06,3.65351e-05,-1.24545,-0.00439151
6.13564e-06,3.6573e-05,-1.24521,-0.00933358
6.13484e-06,3.66109e-05,-1.24495,-0.0142755
6.13397e-06,3.66488e-05,-1.24466,-0.019217
6.13303e-06,3.66867e-05,-1.24434,-0.0241582
6.13201e-06,3.67246e-05,-1.244,-0.029099
6.13091e-06,3.67625e-05,-1.24364,-0.0340391
6.12974e-06,3.68004e-05,-1.24325,-0.0389785
6.1285e-06,3.68383e-05,-1.24283,-0.0439171
6.12717e-06,3.68762e-05,-1.24239,-0.0488549
6.12577e-06,3.69141e-05,-1.24192,-0.0537916
6.1243e-06,3.6952e-05,-1.24143,-0.0587273
6.12275e-06,3.69899e-05,-1.24092,-0.0636617
6.12112e-06,3.70278e-05,-1.24037,-0.0685949
6.11942e-06,3.70657e-05,-1.23981,-0.0735266
6.11764e-06,3.71035e-05,-1.23921,-0.0784569
6.11579e-06,3.71414e-05,-1.2386,-0.0833855
6.11386e-06,3.71793e-05,-1.23795,-0.0883125
6.11185e-06,3.72171e-05,-1.23728,-0.0932376
6.10977e-06,3.7255e-05,-1.23659,-0.0981608
6.10761e-06,3.72929e-05,-1.23587,-0.103082
6.10538e-06,3.73307e-05,-1.23513,-0.108001
6.10307e-06,3.73685e-05,-1.23436,-0.112918
6.10068e-06,3.74064e-05,-1.23356,-0.117833
6.09822e-06,3.74442e-05,-1.23274,-0.122745
6.09568e-06,3.7482e-05,-1.23189,-0.127654
6.09307e-06,3.75198e-05,-1.23102,-0.132561
6.09038e-06,3.75576e-05,-1.23013,-0.137466
6.08761e-06,3.75954e-05,-1.2292,-0.142367
6.08477e-06,3.76332e-05,-1.22826,-0.147266
6.08185e-06,3.76709e-05,-1.22728,-0.152161
6.07886e-06,3.77087e-05,-1.22629,-0.157053
6.07579e-06,3.77465e-05,-1.22526,-0.161942
6.07264e-06,3.77842e-05,-1.22421,-0.166828
6.06942e-06,3.78219e-05,-1.22314,-0.17171
6.06612e-06,3.78597e-05,-1.22204,-0.176589
6.06274e-06,3.78974e-05,-1.22091,-0.181464
6.05929e-06,3.79351e-05,-1.21976,-0.186335
6.05576e-06,3.79728e-05,-1.21859,-0.191203
6.05216e-06,3.80104e-05,-1.21739,-0.196066
6.04848e-06,3.80481e-05,-1.21616,-0.200925
6.04472e-06,3.80858e-05,-1.21491,-0.20578
6.04089e-06,3.81234e-05,-1.21363,-0.210631
6.03698e-06,3.8161e-05,-1.21233,-0.215477
6.033e-06,3.81986e-05,-1.211,-0.220319
6.02894e-06,3.82362e-05,-1.20965,-0.225157
6.0248e-06,3.82738e-05,-1.20827,-0.229989
6.02059e-06,3.83114e-05,-1.20686,-0.234817
6.0163e-06,3.83489e-05,-1.20543,-0.23964
6.01194e-06,3.83865e-05,-1.20398,-0.244457
6.0075e-06,3.8424e-05,-1.2025,-0.24927
6.00298e-06,3.84615e-05,-1.20099,-0.254077
5.99838e-06,3.8499e-05,-1.19946,-0.258879
5.99371e-06,3.85365e-05,-1.1979,-0.263676
5.98897e-06,3.85739e-05,-1.19632,-0.268466
5.98415e-06,3.86114e-05,-1.19472,-0.273252
5.97925e-06,3.86488e-05,-1.19308,-0.278031
5.97428e-06,3.86862e-05,-1.19143,-0.282804
5.96923e-06,3.87236e-05,-1.18974,-0.287572
5.9641e-06,3.8761e-05,-1.18803,-0.292333
5.9589e-06,3.87983e-05,-1.1863,-0.297088
5.95362e-06,3.88356e-05,-1.18454,-0.301837
5.94826e-06,3.8873e-05,-1.18275,-0.306579
5.94283e-06,3.89102e-05,-1.18094,-0.311315
5.93733e-06,3.89475e-05,-1.17911,-0.316044
5.93175e-06,3.89848e-05,-1.17725,-0.320766
5.92609e-06,3.9022e-05,-1.17536,-0.325481
5.92035e-06,3.90592e-05,-1.17345,-0.33019
5.91454e-06,3.90964e-05,-1.17151,-0.334891
5.90866e-06,3.91336e-05,-1.16955,-0.339585
5.90269e-06,3.91707e-05,-1.16756,-0.344271
5.89666e-06,3.92078e-05,-1.16555,-0.34895
5.89054e-06,3.92449e-05,-1.16351,-0.353622
5.88435e-06,3.9282e-05,-1.16145,-0.358286
5.87809e-06,3.93191e-05,-1.15936,-0.362942
5.87175e-06,3.93561e-05,-1.15725,-0.36759
5.86533e-06,3.93931e-05,-1.15511,-0.37223
5.85884e-06,3.94301e-05,-1.15295,-0.376862
5.85227e-06,3.9467e-05,-1.15076,-0.381486
5.84562e-06,3.9504e-05,-1.14854,-0.386101
5.8389e-06,3.95409e-05,-1.1463,-0.390708
5.83211e-06,3.95778e-05,-1.14404,-0.395307
5.82524e-06,3.96146e-05,-1.14175,-0.399896
5.81829e-06,3.96514e-05,-1.13943,-0.404477
5.81127e-06,3.96883e-05,-1.13709,-0.409049
5.80417e-06,3.9725e-05,-1.13472,-0.413612
5.79699e-06,3.97618e-05,-1.13233,-0.418165
5.78975e-06,3.97985e-05,-1.12992,-0.422709
5.78242e-06,3.98352e-05,-1.12747,-0.427244
5.77502e-06,3.98718e-05,-1.12501,-0.43177
5.76755e-06,3.99085e-05,-1.12252,-0.436285
5.76e-06,3.99451e-05,-1.12,-0.440791
5.75237e-06,3.99817e-05,-1.11746,-0.445287
5.74467e-06,4.00182e-05,-1.11489,-0.449773
5.73689e-06,4.00547e-05,-1.1123,-0.454249
5.72904e-06,4.00912e-05,-1.10968,-0.458715
5.72111e-06,4.01276e-05,-1.10704,-0.463171
5.71311e-06,4.01641e-05,-1.10437,-0.467615
5.70504e-06,4.02005e-05,-1.10168,-0.47205
5.69688e-06,4.02368e-05,-1.09896,-0.476473
5.68866e-06,4.02731e-05,-1.09622,-0.480886
5.68036e-06,4.03094e-05,-1.09345,-0.485288
5.67198e-06,4.03457e-05,-1.09066,-0.489679
5.66353e-06,4.03819e-05,-1.08784,-0.494058
5.655e-06,4.04181e-05,-1.085,-0.498427
5.6464e-06,4.04543e-05,-1.08213,-0.502783
5.63773e-06,4.04904e-05,-1.07924,-0.507129
5.62898e-06,4.05265e-05,-1.07633,-0.511462
5.62015e-06,4.05625e-05,-1.07338,-0.515784
5.61125e-06,4.05985e-05,-1.07042,-0.520094
5.60228e-06,4.06345e-05,-1.06743,-0.524391
5.59323e-06,4.06705e-05,-1.06441,-0.528677
5.58411e-06,4.07064e-05,-1.06137,-0.53295
5.57492e-06,4.07422e-05,-1.05831,-0.537211
5.56564e-06,4.07781e-05,-1.05521,-0.541459
5.5563e-06,4.08139e-05,-1.0521,-0.545695
5.54688e-06,4.08496e-05,-1.04896,-0.549918
5.53739e-06,4.08853e-05,-1.0458,-0.554128
5.52782e-06,4.0921e-05,-1.04261,-0.558325
5.51818e-06,4.09566e-05,-1.03939,-0.562508
5.50847e-06,4.09922e-05,-1.03616,-0.566679
5.49868e-06,4.10278e-05,-1.03289,-0.570835
5.48882e-06,4.10633e-05,-1.02961,-0.574979
5.47888e-06,4.10988e-05,-1.02629,-0.579108
5.46888e-06,4.11342e-05,-1.02296,-0.583224
5.45879e-06,4.11696e-05,-1.0196,-0.587326
5.44864e-06,4.1205e-05,-1.01621,-0.591414
5.43841e-06,4.12403e-05,-1.0128,-0.595488
5.42811e-06,4.12755e-05,-1.00937,-0.599547
5.41773e-06,4.13107e-05,-1.00591,-0.603592
5.40729e-06,4.13459e-05,-1.00243,-0.607622
5.39677e-06,4.13811e-05,-0.998922,-0.611637
5.38617e-06,4.14161e-05,-0.995391,-0.615638
5.37551e-06,4.14512e-05,-0.991836,-0.619623
5.36477e-06,4.14862e-05,-0.988256,-0.623594
5.35396e-06,4.15211e-05,-0.984652,-0.627549
5.34307e-06,4.1556e-05,-0.981024,-0.631489
5.33212e-06,4.15909e-05,-0.977372,-0.635413
5.32109e-06,4.16257e-05,-0.973696,-0.639322
5.30999e-06,4.16605e-05,-0.969996,-0.643214
5.29882e-06,4.16952e-05,-0.966272,-0.647091
5.28757e-06,4.17299e-05,-0.962524,-0.650952
5.27625e-06,4.17645e-05,-0.958751,-0.654797
5.26487e-06,4.1799e-05,-0.954955,-0.658625
5.25341e-06,4.18336e-05,-0.951135,-0.662437
5.24188e-06,4.1868e-05,-0.947292,-0.666232
5.23027e-06,4.19025e-05,-0.943424,-0.670011
5.2186e-06,4.19368e-05,-0.939533,-0.673772
5.20685e-06,4.19712e-05,-0.935618,-0.677517
5.19504e-06,4.20054e-05,-0.931679,-0.681244
5.18315e-06,4.20396e-05,-0.927716,-0.684954
5.17119e-06,4.20738e-05,-0.92373,-0.688647
5.15916e-06,4.21079e-05,-0.919721,-0.692322
5.14706e-06,4.2142e-05,-0.915688,-0.695979
5.13489e-06,4.2176e-05,-0.911631,-0.699619
5.12265e-06,4.22099e-05,-0.907551,-0.70324
5.11034e-06,4.22438e-05,-0.903447,-0.706844
5.09796e-06,4.22777e-05,-0.899321,-0.710429
5.08551e-06,4.23114e-05,-0.89517,-0.713996
5.07299e-06,4.23452e-05,-0.890997,-0.717544
5.0604e-06,4.23789e-05,-0.8868,-0.721073
5.04774e-06,4.24125e-05,-0.88258,-0.724584
5.03501e-06,4.2446e-05,-0.878337,-0.728075
5.02221e-06,4.24795e-05,-0.874071,-0.731548
5.00935e-06,4.2513e-05,-0.869782,-0.735001
4.99641e-06,4.25464e-05,-0.86547,-0.738435
4.98341e-06,4.25797e-05,-0.861135,-0.741849
4.97033e-06,4.2613e-05,-0.856777,-0.745243
4.95719e-06,4.26462e-05,-0.852396,-0.748618
4.94398e-06,4.26793e-05,-0.847993,-0.751973
4.9307e-06,4.27124e-05,-0.843567,-0.755307
4.91735e-06,4.27454e-05,-0.839118,-0.758621
4.90394e-06,4.27784e-05,-0.834646,-0.761915
4.89046e-06,4.28113e-05,-0.830152,-0.765188
4.87691e-06,4.28442e-05,-0.825636,-0.76844
4.86329e-06,4.28769e-05,-0.821097,-0.771672
4.84961e-06,4.29097e-05,-0.816535,-0.774882
4.83585e-06,4.29423e-05,-0.811951,-0.778071
4.82204e-06,4.29749e-05,-0.807345,-0.781239
4.80815e-06,4.30074e-05,-0.802717,-0.784386
4.7942e-06,4.30399e-05,-0.798067,-0.78751
4.78018e-06,4.30723e-05,-0.793394,-0.790613
4.7661e-06,4.31046e-05,-0.7887,-0.793694
4.75195e-06,4.31369e-05,-0.783983,-0.796753
4.73773e-06,4.31691e-05,-0.779245,-0.79979
4.72345e-06,4.32012e-05,-0.774485,-0.802804
4.70911e-06,4.32333e-05,-0.769703,-0.805796
4.6947e-06,4.32652e-05,-0.764899,-0.808765
4.68022e-06,4.32972e-05,-0.760074,-0.811711
4.66568e-06,4.3329e-05,-0.755227,-0.814634
4.65108e-06,4.33608e-05,-0.750358,-0.817534
4.63641e-06,4.33925e-05,-0.745469,-0.82041
4.62167e-06,4.34242e-05,-0.740558,-0.823263
4.60688e-06,4.34557e-05,-0.735625,-0.826093
4.59201e-06,4.34872e-05,-0.730672,-0.828898
4.57709e-06,4.35187e-05,-0.725697,-0.83168
4.5621e-06,4.355e-05,-0.720701,-0.834437
4.54705e-06,4.35813e-05,-0.715685,-0.837171
4.53194e-06,4.36125e-05,-0.710647,-0.83988
4.51677e-06,4.36437e-05,-0.705589,-0.842564
4.50153e-06,4.36747e-05,-0.70051,-0.845223
4.48623e-06,4.37057e-05,-0.69541,-0.847858
4.47087e-06,4.37366e-05,-0.690289,-0.850467
4.45545e-06,4.37675e-05,-0.685149,-0.853052
4.43996e-06,4.37982e-05,-0.679987,-0.85561
4.42442e-06,4.38289e-05,-0.674806,-0.858144
4.40881e-06,4.38595e-05,-0.669604,-0.860651
4.39315e-06,4.38901e-05,-0.664382,-0.863133
4.37742e-06,4.39205e-05,-0.659141,-0.865589
4.36164e-06,4.39509e-05,-0.653879,-0.868018
4.34579e-06,4.39812e-05,-0.648597,-0.870421
4.32989e-06,4.40114e-05,-0.643296,-0.872798
4.31392e-06,4.40415e-05,-0.637974,-0.875148
4.2979e-06,4.40716e-05,-0.632634,-0.877471
4.28182e-06,4.41016e-05,-0.627274,-0.879767
4.26568e-06,4.41315e-05,-0.621894,-0.882036
4.24949e-06,4.41613e-05,-0.616495,-0.884278
4.23323e-06,4.4191e-05,-0.611077,-0.886492
4.21692e-06,4.42206e-05,-0.60564,-0.888678
4.20055e-06,4.42502e-05,-0.600184,-0.890836
4.18413e-06,4.42797e-05,-0.594709,-0.892967
4.16765e-06,4.43091e-05,-0.589215,-0.895069
4.15111e-06,4.43384e-05,-0.583703,-0.897143
4.13452e-06,4.43676e-05,-0.578172,-0.899189
4.11787e-06,4.43967e-05,-0.572623,-0.901205
4.10117e-06,4.44258e-05,-0.567055,-0.903193
4.08441e-06,4.44548e-05,-0.561469,-0.905152
4.0676e-06,4.44836e-05,-0.555865,-0.907082
4.05073e-06,4.45124e-05,-0.550243,-0.908982
4.03381e-06,4.45411e-05,-0.544603,-0.910853
4.01684e-06,4.45697e-05,-0.538946,-0.912694
3.99981e-06,4.45982e-05,-0.533271,-0.914506
3.98273e-06,4.46267e-05,-0.527578,-0.916287
3.9656e-06,4.4655e-05,-0.521868,-0.918038
3.94842e-06,4.46833e-05,-0.51614,-0.919759
3.93119e-06,4.47114e-05,-0.510396,-0.921449
3.9139e-06,4.47395e-05,-0.504634,-0.923108
3.89657e-06,4.47675e-05,-0.498856,-0.924737
3.87918e-06,4.47953e-05,-0.493061,-0.926335
3.86175e-06,4.48231e-05,-0.487249,-0.927901
3.84426e-06,4.48508e-05,-0.481421,-0.929436
3.82673e-06,4.48784e-05,-0.475576,-0.930939
3.80915e-06,4.49059e-05,-0.469715,-0.932411
3.79152e-06,4.49333e-05,-0.463838,-0.933851
3.77384e-06,4.49606e-05,-0.457946,-0.935258
3.75611e-06,4.49878e-05,-0.452037,-0.936634
3.73834e-06,4.5015e-05,-0.446113,-0.937977
3.72052e-06,4.5042e-05,-0.440173,-0.939287
3.70265e-06,4.50689e-05,-0.434218,-0.940565
3.68474e-06,4.50957e-05,-0.428248,-0.94181
3.66679e-06,4.51224e-05,-0.422262,-0.943021
3.64879e-06,4.5149e-05,-0.416262,-0.9442
3.63074e-06,4.51756e-05,-0.410247,-0.945345
3.61265e-06,4.5202e-05,-0.404217,-0.946456
3.59452e-06,4.52283e-05,-0.398173,-0.947533
3.57635e-06,4.52545e-05,-0.392115,-0.948577
3.55813e-06,4.52806e-05,-0.386043,-0.949586
3.53987e-06,4.53066e-05,-0.379956,-0.950561
3.52157e-06,4.53326e-05,-0.373856,-0.951502
3.50323e-06,4.53584e-05,-0.367743,-0.952408
3.48485e-06,4.53841e-05,-0.361615,-0.953279
3.46642e-06,4.54097e-05,-0.355475,-0.954115
3.44796e-06,4.54351e-05,-0.349321,-0.954916
3.42946e-06,4.54605e-05,-0.343155,-0.955682
3.41093e-06,4.54858e-05,-0.336976,-0.956412
3.39235e-06,4.5511e-05,-0.330784,-0.957106
3.37374e-06,4.5536e-05,-0.324579,-0.957765
3.35509e-06,4.5561e-05,-0.318363,-0.958387
3.3364e-06,4.55858e-05,-0.312135,-0.958973
3.31768e-06,4.56106e-05,-0.305894,-0.959523
3.29893e-06,4.56352e-05,-0.299642,-0.960037
3.28014e-06,4.56597e-05,-0.293379,-0.960513
3.26131e-06,4.56841e-05,-0.287104,-0.960953
3.24246e-06,4.57084e-05,-0.280819,-0.961356
3.22357e-06,4.57326e-05,-0.274522,-0.961721
3.20464e-06,4.57567e-05,-0.268215,-0.96205
3.18569e-06,4.57806e-05,-0.261897,-0.96234
3.16671e-06,4.58045e-05,-0.255569,-0.962593
3.14769e-06,4.58282e-05,-0.249231,-0.962808
3.12865e-06,4.58518e-05,-0.242883,-0.962985
3.10958e-06,4.58753e-05,-0.236525,-0.963124
3.09048e-06,4.58987e-05,-0.230158,-0.963224
3.07135e-06,4.5922e-05,-0.223782,-0.963286
3.05219e-06,4.59451e-05,-0.217397,-0.963309
3.03301e-06,4.59682e-05,-0.211003,-0.963293
3.0138e-06,4.59911e-05,-0.2046,-0.963238
2.99457e-06,4.60139e-05,-0.19819,-0.963144
2.97531e-06,4.60366e-05,-0.191771,-0.96301
2.95603e-06,4.60591e-05,-0.185344,-0.962837
2.93673e-06,4.60816e-05,-0.178909,-0.962625
2.9174e-06,4.61039e-05,-0.172467,-0.962372
2.89806e-06,4.61261e-05,-0.166018,-0.962079
2.87869e-06,4.61482e-05,-0.159562,-0.961747
2.8593e-06,4.61702e-05,-0.1531,-0.961373
2.83989e-06,4.6192e-05,-0.146631,-0.96096
2.82047e-06,4.62137e-05,-0.140155,-0.960506
2.80102e-06,4.62353e-05,-0.133674,-0.960011
2.78156e-06,4.62568e-05,-0.127187,-0.959474
2.76208e-06,4.62782e-05,-0.120695,-0.958897
2.74259e-06,4.62994e-05,-0.114197,-0.958279
2.72308e-06,4.63205e-05,-0.107694,-0.957619
2.70356e-06,4.63415e-05,-0.101187,-0.956918
2.68403e-06,4.63624e-05,-0.0946756,-0.956175
2.66448e-06,4.63831e-05,-0.0881598,-0.95539
2.64492e-06,4.64037e-05,-0.0816401,-0.954563
2.62535e-06,4.64242e-05,-0.0751168,-0.953693
2.60577e-06,4.64445e-05,-0.0685902,-0.952782
2.58618e-06,4.64647e-05,-0.0620605,-0.951828
2.56658e-06,4.64848e-05,-0.0555281,-0.950832
2.54698e-06,4.65048e-05,-0.0489932,-0.949792
2.52737e-06,4.65246e-05,-0.042456,-0.94871
2.50775e-06,4.65444e-05,-0.0359169,-0.947585
2.48813e-06,4.65639e-05,-0.0293762,-0.946417
2.4685e-06,4.65834e-05,-0.0228342,-0.945205
2.44887e-06,4.66027e-05,-0.0162911,-0.94395
2.42924e-06,4.66219e-05,-0.00974722,-0.942652
2.40961e-06,4.6641e-05,-0.00320292,-0.94131
2.38998e-06,4.66599e-05,0.00334153,-0.939924
2.37034e-06,4.66787e-05,0.00988583,-0.938494
2.35071e-06,4.66973e-05,0.0164297,-0.93702
2.33108e-06,4.67159e-05,0.0229727,-0.935502
2.31146e-06,4.67343e-05,0.0295147,-0.933939
2.29183e-06,4.67525e-05,0.0360553,-0.932332
2.27222e-06,4.67707e-05,0.0425941,-0.930681
2.25261e-06,4.67887e-05,0.0491309,-0.928985
2.233e-06,4.68065e-05,0.0556653,-0.927244
2.21341e-06,4.68243e-05,0.0621971,-0.925458
2.19382e-06,4.68419e-05,0.0687258,-0.923628
2.17425e-06,4.68593e-05,0.0752512,-0.921752
2.15468e-06,4.68766e-05,0.0817728,-0.919831
2.13513e-06,4.68938e-05,0.0882905,-0.917864
2.11559e-06,4.69109e-05,0.0948037,-0.915853
2.09606e-06,4.69278e-05,0.101312,-0.913795
2.07655e-06,4.69446e-05,0.107816,-0.911692
2.05706e-06,4.69612e-05,0.114314,-0.909544
2.03758e-06,4.69777e-05,0.120806,-0.90735
2.01812e-06,4.69941e-05,0.127293,-0.905109
1.99868e-06,4.70103e-05,0.133772,-0.902823
1.97926e-06,4.70264e-05,0.140245,-0.900491
1.95987e-06,4.70423e-05,0.146711,-0.898113
1.94049e-06,4.70582e-05,0.153169,-0.895688
1.92114e-06,4.70738e-05,0.15962,-0.893217
1.90182e-06,4.70894e-05,0.166062,-0.8907
1.88252e-06,4.71048e-05,0.172495,-0.888136
1.86324e-06,4.712e-05,0.178919,-0.885526
1.844e-06,4.71351e-05,0.185334,-0.88287
1.82478e-06,4.71501e-05,0.191739,-0.880166
1.8056e-06,4.71649e-05,0.198134,-0.877416
1.78644e-06,4.71796e-05,0.204519,-0.87462
1.76732e-06,4.71942e-05,0.210892,-0.871776
1.74824e-06,4.72086e-05,0.217255,-0.868886
1.72918e-06,4.72229e-05,0.223605,-0.865949
1.71017e-06,4.7237e-05,0.229943,-0.862965
1.69119e-06,4.7251e-05,0.236269,-0.859934
1.67225e-06,4.72649e-05,0.242582,-0.856856
1.65335e-06,4.72786e-05,0.248882,-0.853731
1.6345e-06,4.72921e-05,0.255168,-0.850559
1.61568e-06,4.73056e-05,0.26144,-0.84734
1.59691e-06,4.73189e-05,0.267697,-0.844074
1.57818e-06,4.7332e-05,0.273939,-0.840761
1.5595e-06,4.7345e-05,0.280166,-0.837401
1.54087e-06,4.73579e-05,0.286378,-0.833994
1.52228e-06,4.73706e-05,0.292573,-0.830539
1.50375e-06,4.73832e-05,0.298751,-0.827038
1.48526e-06,4.73956e-05,0.304913,-0.823489
1.46683e-06,4.74079e-05,0.311057,-0.819893
1.44845e-06,4.74201e-05,0.317183,-0.81625
1.43013e-06,4.74321e-05,0.323291,-0.812561
1.41186e-06,4.7444e-05,0.32938,-0.808824
1.39365e-06,4.74557e-05,0.33545,-0.80504
1.3755e-06,4.74673e-05,0.3415,-0.801209
1.35741e-06,4.74788e-05,0.347531,-0.797331
1.33938e-06,4.74901e-05,0.353541,-0.793406
1.32141e-06,4.75012e-05,0.35953,-0.789435
1.30351e-06,4.75123e-05,0.365498,-0.785416
1.28567e-06,4.75232e-05,0.371444,-0.781351
1.2679e-06,4.75339e-05,0.377368,-0.777239
1.25019e-06,4.75445e-05,0.383269,-0.773081
1.23256e-06,4.7555e-05,0.389147,-0.768876
1.21499e-06,4.75653e-05,0.395002,-0.764624
1.1975e-06,4.75755e-05,0.400833,-0.760327
1.18008e-06,4.75856e-05,0.406639,-0.755982
1.16274e-06,4.75955e-05,0.41242,-0.751592
1.14547e-06,4.76053e-05,0.418176,-0.747155
1.12828e-06,4.76149e-05,0.423907,-0.742673
1.11117e-06,4.76244e-05,0.429611,-0.738144
1.09414e-06,4.76338e-05,0.435288,-0.73357
1.07718e-06,4.7643e-05,0.440938,-0.728949
1.06032e-06,4.76521e-05,0.446561,-0.724284
1.04353e-06,4.7661e-05,0.452156,-0.719573
1.02683e-06,4.76698e-05,0.457722,-0.714816
1.01022e-06,4.76785e-05,0.463259,-0.710014
9.93699e-07,4.76871e-05,0.468767,-0.705167
9.77264e-07,4.76955e-05,0.474245,-0.700276
9.60921e-07,4.77038e-05,0.479693,-0.695339
9.44671e-07,4.77119e-05,0.48511,-0.690358
9.28513e-07,4.77199e-05,0.490496,-0.685333
9.12451e-07,4.77278e-05,0.49585,-0.680263
8.96485e-07,4.77355e-05,0.501172,-0.675149
8.80617e-07,4.77431e-05,0.506461,-0.669992
8.64849e-07,4.77506e-05,0.511717,-0.66479
8.4918e-07,4.7758e-05,0.51694,-0.659545
8.33614e-07,4.77652e-05,0.522129,-0.654257
8.1815e-07,4.77723e-05,0.527283,-0.648926
8.02791e-07,4.77792e-05,0.532403,-0.643551
7.87539e-07,4.77861e-05,0.537487,-0.638135
7.72393e-07,4.77928e-05,0.542536,-0.632675
7.57356e-07,4.77994e-05,0.547548,-0.627173
7.42429e-07,4.78058e-05,0.552524,-0.62163
7.27613e-07,4.78122e-05,0.557462,-0.616045
7.1291e-07,4.78184e-05,0.562363,-0.610418
6.98321e-07,4.78244e-05,0.567226,-0.60475
6.83847e-07,4.78304e-05,0.572051,-0.59904
6.6949e-07,4.78362e-05,0.576837,-0.593291
6.55251e-07,4.7842e-05,0.581583,-0.5875
6.41131e-07,4.78475e-05,0.58629,-0.58167
6.27132e-07,4.7853e-05,0.590956,-0.5758
6.13255e-07,4.78584e-05,0.595582,-0.56989
5.99501e-07,4.78636e-05,0.600166,-0.563941
5.85871e-07,4.78687e-05,0.60471,-0.557952
5.72367e-07,4.78737e-05,0.609211,-0.551926
5.5899e-07,4.78786e-05,0.61367,-0.54586
5.45741e-07,4.78834e-05,0.618086,-0.539757
5.32622e-07,4.78881e-05,0.622459,-0.533616
5.19634e-07,4.78926e-05,0.626789,-0.527438
5.06778e-07,4.78971e-05,0.631074,-0.521222
4.94055e-07,4.79014e-05,0.635315,-0.51497
4.81467e-07,4.79056e-05,0.639511,-0.508682
4.69014e-07,4.79097e-05,0.643662,-0.502357
4.56699e-07,4.79137e-05,0.647767,-0.495997
4.44521e-07,4.79176e-05,0.651826,-0.489602
4.32483e-07,4.79214e-05,0.655839,-0.483171
4.20585e-07,4.79251e-05,0.659805,-0.476707
4.08829e-07,4.79287e-05,0.663724,-0.470208
3.97216e-07,4.79322e-05,0.667595,-0.463675
3.85747e-07,4.79356e-05,0.671418,-0.457109
3.74423e-07,4.79389e-05,0.675192,-0.45051
3.63245e-07,4.79421e-05,0.678918,-0.443879
3.52214e-07,4.79452e-05,0.682595,-0.437216
3.41331e-07,4.79482e-05,0.686223,-0.43052
3.30598e-07,4.79511e-05,0.689801,-0.423794
3.20016e-07,4.79539e-05,0.693328,-0.417037
3.09585e-07,4.79566e-05,0.696805,-0.410249
2.99307e-07,4.79592e-05,0.700231,-0.403432
2.89182e-07,4.79618e-05,0.703606,-0.396585
2.79212e-07,4.79642e-05,0.706929,-0.389708
2.69397e-07,4.79666e-05,0.710201,-0.382804
2.59739e-07,4.79689e-05,0.71342,-0.375871
2.50238e-07,4.79711e-05,0.716587,-0.36891
2.40896e-07,4.79732e-05,0.719701,-0.361923
2.31713e-07,4.79753e-05,0.722762,-0.354908
2.2269e-07,4.79772e-05,0.72577,-0.347868
2.13829e-07,4.79791e-05,0.728724,-0.340801
2.05129e-07,4.79809e-05,0.731624,-0.33371
1.96592e-07,4.79827e-05,0.734469,-0.326593
1.88219e-07,4.79843e-05,0.73726,-0.319453
1.80011e-07,4.79859e-05,0.739996,-0.312288
1.71968e-07,4.79874e-05,0.742677,-0.305101
1.6409e-07,4.79889e-05,0.745303,-0.29789
1.5638e-07,4.79903e-05,0.747873,-0.290658
1.48837e-07,4.79916e-05,0.750388,-0.283403
1.41462e-07,4.79929e-05,0.752846,-0.276128
1.34257e-07,4.79941e-05,0.755248,-0.268832
1.2722e-07,4.79952e-05,0.757593,-0.261515
1.20355e-07,4.79963e-05,0.759882,-0.25418
1.1366e-07,4.79973e-05,0.762113,-0.246825
1.07137e-07,4.79983e-05,0.764288,-0.239451
1.00785e-07,4.79992e-05,0.766405,-0.23206
9.46069e-08,4.8e-05,0.768464,-0.224651
8.86017e-08,4.80008e-05,0.770466,-0.217225
8.27703e-08,4.80016e-05,0.77241,-0.209783
7.71132e-08,4.80023e-05,0.774296,-0.202325
7.16308e-08,4.8003e-05,0.776123,-0.194852
6.63238e-08,4.80036e-05,0.777892,-0.187364
6.11925e-08,4.80042e-05,0.779603,-0.179862
5.62372e-08,4.80047e-05,0.781254,-0.172347
5.14586e-08,4.80052e-05,0.782847,-0.164818
4.68568e-08,4.80057e-05,0.784381,-0.157277
4.24323e-08,4.80061e-05,0.785856,-0.149725
3.81854e-08,4.80065e-05,0.787272,-0.142161
3.41164e-08,4.80069e-05,0.788628,-0.134586
3.02257e-08,4.80072e-05,0.789925,-0.127001
2.65134e-08,4.80075e-05,0.791162,-0.119407
2.29798e-08,4.80078e-05,0.79234,-0.111803
1.96251e-08,4.8008e-05,0.793458,-0.104191
1.64496e-08,4.80083e-05,0.794517,-0.0965716
1.34535e-08,4.80085e-05,0.795516,-0.0889447
1.06368e-08,4.80087e-05,0.796454,-0.081311
7.99964e-09,4.80088e-05,0.797333,-0.0736713
5.54225e-09,4.8009e-05,0.798153,-0.066026
3.26464e-09,4.80091e-05,0.798912,-0.0583757
1.1669e-09,4.80092e-05,0.799611,-0.0507211
-7.50938e-10,4.80093e-05,0.80025,-0.0430626
-2.48886e-09,4.80094e-05,0.80083,-0.0354009
-4.04687e-09,4.80095e-05,0.801349,-0.0277366
-5.42499e-09,4.80096e-05,0.801808,-0.0200702
-6.62327e-09,4.80097e-05,0.802208,-0.0124022
-7.64178e-09,4.80098e-05,0.802547,-0.00473339
-8.48063e-09,4.80099e-05,0.802827,0.00293582
-9.13992e-09,4.80099e-05,0.803047,0.0106048
-9.61979e-09,4.801e-05,0.803207,0.018273
-9.9204e-09,4.80101e-05,0.803307,0.0259399
-1.00419e-08,4.80102e-05,0.803347,0.0336048
-9.98461e-09,4.80103e-05,0.803328,0.0412672
-9.74863e-09,4.80104e-05,0.80325,0.0489266
-9.33426e-09,4.80105e-05,0.803111,0.0565824
-8.74175e-09,4.80107e-05,0.802914,0.064234
-7.97141e-09,4.80108e-05,0.802657,0.0718808
-7.02354e-09,4.8011e-05,0.802341,0.0795224
-5.89847e-09,4.80111e-05,0.801966,0.0871581
-4.59655e-09,4.80113e-05,0.801532,0.0947873
-3.11816e-09,4.80116e-05,0.801039,0.10241
-1.4637e-09,4.80118e-05,0.800488,0.110025
3.66436e-10,4.80121e-05,0.799878,0.117631
2.3718e-09,4.80124e-05,0.799209,0.12523
4.55195e-09,4.80127e-05,0.798483,0.132819
6.9064e-09,4.8013e-05,0.797698,0.140398
9.43467e-09,4.80134e-05,0.796855,0.147967
1.21362e-08,4.80138e-05,0.795955,0.155526
1.50106e-08,4.80143e-05,0.794996,0.163073
1.80572e-08,4.80147e-05,0.793981,0.170609
2.12754e-08,4.80152e-05,0.792908,0.178132
2.46647e-08,4.80158e-05,0.791778,0.185642
2.82245e-08,4.80164e-05,0.790592,0.193139
3.19541e-08,4.8017e-05,0.789349,0.200622
3.5853e-08,4.80177e-05,0.788049,0.208091
3.99204e-08,4.80184e-05,0.786693,0.215545
4.41557e-08,4.80192e-05,0.785281,0.222984
4.85582e-08,4.802e-05,0.783814,0.230407
5.31271e-08,4.80209e-05,0.782291,0.237814
5.78619e-08,4.80218e-05,0.780713,0.245203
6.27617e-08,4.80228e-05,0.779079,0.252576
6.78258e-08,4.80238e-05,0.777391,0.259931
7.30534e-08,4.80249e-05,0.775649,0.267267
7.84437e-08,4.8026e-05,0.773852,0.274585
8.3996e-08,4.80272e-05,0.772001,0.281884
8.97093e-08,4.80284e-05,0.770097,0.289163
9.5583e-08,4.80297e-05,0.768139,0.296422
1.01616e-07,4.80311e-05,0.766128,0.303661
1.07808e-07,4.80326e-05,0.764064,0.310878
1.14157e-07,4.8034e-05,0.761948,0.318075
1.20664e-07,4.80356e-05,0.759779,0.325249
1.27326e-07,4.80372e-05,0.757558,0.332401
1.34144e-07,4.80389e-05,0.755285,0.339531
1.41115e-07,4.80407e-05,0.752962,0.346637
1.4824e-07,4.80425e-05,0.750587,0.35372
1.55517e-07,4.80445e-05,0.748161,0.360779
1.62945e-07,4.80464e-05,0.745685,0.367813
1.70524e-07,4.80485e-05,0.743159,0.374823
1.78252e-07,4.80506e-05,0.740583,0.381808
1.86129e-07,4.80528e-05,0.737957,0.388767
1.94153e-07,4.80551e-05,0.735282,0.395701
2.02324e-07,4.80575e-05,0.732559,0.402608
2.1064e-07,4.80599e-05,0.729787,0.409488
2.191e-07,4.80625e-05,0.726967,0.416342
2.27704e-07,4.80651e-05,0.724099,0.423168
2.3645e-07,4.80677e-05,0.721183,0.429966
2.45337e-07,4.80705e-05,0.718221,0.436736
2.54365e-07,4.80734e-05,0.715212,0.443478
2.63531e-07,4.80763e-05,0.712156,0.450191
2.72836e-07,4.80794e-05,0.709055,0.456875
2.82278e-07,4.80825e-05,0.705907,0.46353
2.91856e-07,4.80857e-05,0.702715,0.470155
3.01569e-07,4.8089e-05,0.699477,0.47675
3.11415e-07,4.80924e-05,0.696195,0.483314
3.21395e-07,4.80959e-05,0.692868,0.489848
3.31505e-07,4.80995e-05,0.689498,0.49635
3.41747e-07,4.81031e-05,0.686084,0.502822
3.52117e-07,4.81069e-05,0.682628,0.509261
3.62616e-07,4.81108e-05,0.679128,0.515669
3.73242e-07,4.81147e-05,0.675586,0.522045
3.83994e-07,4.81188e-05,0.672002,0.528388
3.94871e-07,4.81229e-05,0.668376,0.534699
4.05871e-07,4.81272e-05,0.66471,0.540976
4.16994e-07,4.81315e-05,0.661002,0.547221
4.28239e-07,4.8136e-05,0.657254,0.553431
4.39603e-07,4.81405e-05,0.653466,0.559608
4.51087e-07,4.81452e-05,0.649638,0.565752
4.62689e-07,4.815e-05,0.64577,0.57186
4.74408e-07,4.81548e-05,0.641864,0.577935
4.86242e-07,4.81598e-05,0.637919,0.583974
4.98191e-07,4.81649e-05,0.633936,0.589979
5.10253e-07,4.817e-05,0.629916,0.595948
5.22427e-07,4.81753e-05,0.625858,0.601883
5.34712e-07,4.81807e-05,0.621763,0.607781
5.47108e-07,4.81862e-05,0.617631,0.613644
5.59612e-07,4.81918e-05,0.613463,0.619471
5.72223e-07,4.81975e-05,0.609259,0.625261
5.84941e-07,4.82033e-05,0.60502,0.631015
5.97764e-07,4.82093e-05,0.600745,0.636733
6.10691e-07,4.82153e-05,0.596436,0.642414
6.23721e-07,4.82215e-05,0.592093,0.648058
6.36852e-07,4.82277e-05,0.587716,0.653665
6.50084e-07,4.82341e-05,0.583305,0.659234
6.63416e-07,4.82406e-05,0.578861,0.664766
6.76845e-07,4.82472e-05,0.574385,0.670261
6.90372e-07,4.82539e-05,0.569876,0.675718
7.03995e-07,4.82608e-05,0.565335,0.681137
7.17712e-07,4.82677e-05,0.560763,0.686518
7.31523e-07,4.82748e-05,0.556159,0.69186
7.45426e-07,4.82819e-05,0.551525,0.697165
7.59421e-07,4.82892e-05,0.54686,0.702431
7.73506e-07,4.82966e-05,0.542165,0.707658
7.87679e-07,4.83041e-05,0.53744,0.712847
8.01941e-07,4.83118e-05,0.532686,0.717996
8.16289e-07,4.83195e-05,0.527904,0.723107
8.30723e-07,4.83274e-05,0.523092,0.728179
8.45241e-07,4.83354e-05,0.518253,0.733212
8.59842e-07,4.83435e-05,0.513386,0.738205
8.74526e-07,4.83517e-05,0.508491,0.743159
8.8929e-07,4.83601e-05,0.50357,0.748074
9.04134e-07,4.83685e-05,0.498622,0.752949
9.19057e-07,4.83771e-05,0.493648,0.757784
9.34058e-07,4.83858e-05,0.488647,0.76258
9.49135e-07,4.83946e-05,0.483622,0.767336
9.64288e-07,4.84036e-05,0.478571,0.772052
9.79515e-07,4.84126e-05,0.473495,0.776728
9.94815e-07,4.84218e-05,0.468395,0.781364
1.01019e-06,4.84311e-05,0.463271,0.78596
1.02563e-06,4.84405e-05,0.458123,0.790516
1.04114e-06,4.845e-05,0.452952,0.795032
1.05672e-06,4.84597e-05,0.447759,0.799507
1.07237e-06,4.84695e-05,0.442542,0.803942
1.08809e-06,4.84794e-05,0.437303,0.808337
1.10387e-06,4.84894e-05,0.432043,0.812692
1.11972e-06,4.84996e-05,0.426761,0.817006
1.13563e-06,4.85098e-05,0.421458,0.821279
1.1516e-06,4.85202e-05,0.416134,0.825512
1.16763e-06,4.85307e-05,0.410789,0.829704
1.18373e-06,4.85413e-05,0.405425,0.833856
1.19988e-06,4.85521e-05,0.40004,0.837968
1.21609e-06,4.8563e-05,0.394637,0.842038
1.23236e-06,4.8574e-05,0.389214,0.846068
1.24868e-06,4.85851e-05,0.383773,0.850058
1.26506e-06,4.85963e-05,0.378313,0.854006
1.28149e-06,4.86077e-05,0.372835,0.857914
1.29798e-06,4.86192e-05,0.36734,0.861782
1.31452e-06,4.86308e-05,0.361827,0.865608
1.33111e-06,4.86425e-05,0.356297,0.869394
1.34775e-06,4.86544e-05,0.350751,0.87314
1.36444e-06,4.86663e-05,0.345188,0.876844
1.38117e-06,4.86784e-05,0.339609,0.880508
1.39796e-06,4.86906e-05,0.334015,0.884132
1.41479e-06,4.8703e-05,0.328405,0.887714
1.43166e-06,4.87154e-05,0.32278,0.891256
1.44858e-06,4.8728e-05,0.31714,0.894757
1.46554e-06,4.87407e-05,0.311486,0.898218
1.48255e-06,4.87535e-05,0.305818,0.901638
1.49959e-06,4.87665e-05,0.300136,0.905018
1.51668e-06,4.87796e-05,0.294441,0.908357
1.5338e-06,4.87928e-05,0.288732,0.911655
1.55097e-06,4.88061e-05,0.283011,0.914913
1.56817e-06,4.88195e-05,0.277277,0.91813
1.58541e-06,4.88331e-05,0.271531,0.921308
1.60268e-06,4.88467e-05,0.265773,0.924444
1.61999e-06,4.88605e-05,0.260004,0.927541
1.63733e-06,4.88744e-05,0.254223,0.930597
1.65471e-06,4.88885e-05,0.248431,0.933612
1.67211e-06,4.89026e-05,0.242629,0.936588
1.68955e-06,4.89169e-05,0.236816,0.939523
1.70702e-06,4.89313e-05,0.230993,0.942418
1.72452e-06,4.89458e-05,0.22516,0.945273
1.74205e-06,4.89605e-05,0.219317,0.948088
1.7596e-06,4.89752e-05,0.213466,0.950863
1.77718e-06,4.89901e-05,0.207605,0.953598
1.79479e-06,4.90051e-05,0.201736,0.956294
1.81243e-06,4.90202e-05,0.195858,0.958949
1.83008e-06,4.90355e-05,0.189972,0.961565
1.84776e-06,4.90508e-05,0.184079,0.964141
1.86547e-06,4.90663e-05,0.178177,0.966677
1.88319e-06,4.90819e-05,0.172269,0.969174
1.90094e-06,4.90976e-05,0.166353,0.971631
1.91871e-06,4.91135e-05,0.160431,0.974049
1.93649e-06,4.91294e-05,0.154502,0.976428
1.9543e-06,4.91455e-05,0.148567,0.978767
1.97212e-06,4.91617e-05,0.142626,0.981067
1.98996e-06,4.9178e-05,0.136679,0.983327
2.00782e-06,4.91944e-05,0.130727,0.985549
2.02569e-06,4.92109e-05,0.12477,0.987732
2.04358e-06,4.92276e-05,0.118808,0.989876
2.06148e-06,4.92444e-05,0.112841,0.99198
2.07939e-06,4.92612e-05,0.10687,0.994047
2.09732e-06,4.92782e-05,0.100894,0.996074
2.11525e-06,4.92954e-05,0.0949151,0.998063
2.1332e-06,4.93126e-05,0.0889321,1.00001
2.15116e-06,4.933e-05,0.0829457,1.00193
2.16913e-06,4.93474e-05,0.0769561,1.0038
2.18711e-06,4.9365e-05,0.0709635,1.00563
2.2051e-06,4.93827e-05,0.0649683,1.00743
2.22309e-06,4.94005e-05,0.0589706,1.00919
2.24109e-06,4.94184e-05,0.0529707,1.01091
2.25909e-06,4.94365e-05,0.0469688,1.01259
2.2771e-06,4.94546e-05,0.0409652,1.01424
2.29512e-06,4.94729e-05,0.03496,1.01585
2.31314e-06,4.94913e-05,0.0289536,1.01742
2.33116e-06,4.95097e-05,0.0229461,1.01895
2.34919e-06,4.95283e-05,0.0169377,1.02044
2.36721e-06,4.95471e-05,0.0109287,1.0219
2.38524e-06,4.95659e-05,0.0049193,1.02332
2.40327e-06,4.95848e-05,-0.00109027,1.0247
2.4213e-06,4.96039e-05,-0.0070998,1.02605
2.43933e-06,4.9623e-05,-0.0131091,1.02736
2.45735e-06,4.96423e-05,-0.0191179,1.02863
2.47538e-06,4.96617e-05,-0.025126,1.02987
2.4934e-06,4.96812e-05,-0.0311332,1.03106
2.51142e-06,4.97008e-05,-0.0371393,1.03223
2.52943e-06,4.97205e-05,-0.0431442,1.03335
2.54744e-06,4.97403e-05,-0.0491474,1.03444
2.56545e-06,4.97602e-05,-0.055149,1.03549
2.58345e-06,4.97803e-05,-0.0611486,1.03651
2.60144e-06,4.98004e-05,-0.0671462,1.03749
2.61942e-06,4.98206e-05,-0.0731413,1.03844
2.6374e-06,4.9841e-05,-0.079134,1.03935
2.65537e-06,4.98615e-05,-0.085124,1.04022
2.67333e-06,4.9882e-05,-0.091111,1.04106
2.69128e-06,4.99027e-05,-0.0970949,1.04186
2.70923e-06,4.99235e-05,-0.103076,1.04263
2.72716e-06,4.99444e-05,-0.109053,1.04336
2.74508e-06,4.99654e-05,-0.115026,1.04405
2.76299e-06,4.99865e-05,-0.120996,1.04471
2.78088e-06,5.00077e-05,-0.126961,1.04534
2.79877e-06,5.0029e-05,-0.132922,1.04593
2.81664e-06,5.00504e-05,-0.138879,1.04649
2.83449e-06,5.0072e-05,-0.144832,1.04701
2.85234e-06,5.00936e-05,-0.150779,1.0475
2.87016e-06,5.01153e-05,-0.156722,1.04795
2.88798e-06,5.01371e-05,-0.162659,1.04837
2.90577e-06,5.01591e-05,-0.168591,1.04875
2.92355e-06,5.01811e-05,-0.174518,1.0491
2.94132e-06,5.02033e-05,-0.180439,1.04942
2.95906e-06,5.02255e-05,-0.186354,1.0497
2.97679e-06,5.02478e-05,-0.192263,1.04995
2.9945e-06,5.02703e-05,-0.198166,1.05016
3.01219e-06,5.02928e-05,-0.204063,1.05035
3.02986e-06,5.03155e-05,-0.209953,1.05049
3.04751e-06,5.03382e-05,-0.215836,1.05061
3.06514e-06,5.0361e-05,-0.221713,1.05069
3.08275e-06,5.0384e-05,-0.227583,1.05074
3.10034e-06,5.0407e-05,-0.233445,1.05075
3.1179e-06,5.04302e-05,-0.239301,1.05074
3.13545e-06,5.04534e-05,-0.245148,1.05069
3.15297e-06,5.04767e-05,-0.250989,1.0506
3.17046e-06,5.05002e-05,-0.256821,1.05049
3.18794e-06,5.05237e-05,-0.262646,1.05034
3.20539e-06,5.05473e-05,-0.268462,1.05016
3.22281e-06,5.0571e-05,-0.27427,1.04995
3.24021e-06,5.05949e-05,-0.28007,1.04971
3.25758e-06,5.06188e-05,-0.285862,1.04943
3.27493e-06,5.06428e-05,-0.291644,1.04912
3.29225e-06,5.06669e-05,-0.297418,1.04878
3.30955e-06,5.06911e-05,-0.303183,1.04841
3.32682e-06,5.07154e-05,-0.308939,1.04801
3.34406e-06,5.07398e-05,-0.314686,1.04758
3.36127e-06,5.07642e-05,-0.320423,1.04711
3.37845e-06,5.07888e-05,-0.326151,1.04661
3.39561e-06,5.08135e-05,-0.331869,1.04609
3.41273e-06,5.08382e-05,-0.337577,1.04553
3.42983e-06,5.08631e-05,-0.343275,1.04494
3.44689e-06,5.0888e-05,-0.348964,1.04432
3.46392e-06,5.09131e-05,-0.354642,1.04367
3.48093e-06,5.09382e-05,-0.360309,1.04299
3.4979e-06,5.09634e-05,-0.365967,1.04228
3.51484e-06,5.09887e-05,-0.371613,1.04154
3.53175e-06,5.10141e-05,-0.377249,1.04077
3.54862e-06,5.10396e-05,-0.382875,1.03997
3.56547e-06,5.10652e-05,-0.388489,1.03914
3.58228e-06,5.10908e-05,-0.394092,1.03828
3.59905e-06,5.11166e-05,-0.399684,1.03739
3.61579e-06,5.11424e-05,-0.405264,1.03647
3.6325e-06,5.11684e-05,-0.410833,1.03552
3.64917e-06,5.11944e-05,-0.416391,1.03454
3.66581e-06,5.12205e-05,-0.421936,1.03354
3.68241e-06,5.12467e-05,-0.42747,1.0325
3.69898e-06,5.1273e-05,-0.432992,1.03144
3.71551e-06,5.12993e-05,-0.438502,1.03034
3.732e-06,5.13258e-05,-0.444,1.02922
3.74846e-06,5.13523e-05,-0.449485,1.02807
3.76487e-06,5.1379e-05,-0.454958,1.02689
3.78126e-06,5.14057e-05,-0.460419,1.02569
3.7976e-06,5.14324e-05,-0.465867,1.02445
3.8139e-06,5.14593e-05,-0.471302,1.02319
3.83017e-06,5.14863e-05,-0.476724,1.0219
3.8464e-06,5.15133e-05,-0.482133,1.02058
3.86259e-06,5.15405e-05,-0.487529,1.01923
3.87874e-06,5.15677e-05,-0.492912,1.01786
3.89485e-06,5.1595e-05,-0.498282,1.01645
3.91091e-06,5.16223e-05,-0.503638,1.01503
3.92694e-06,5.16498e-05,-0.508981,1.01357
3.94293e-06,5.16773e-05,-0.51431,1.01209
3.95888e-06,5.17049e-05,-0.519625,1.01058
3.97478e-06,5.17326e-05,-0.524927,1.00904
3.99064e-06,5.17604e-05,-0.530215,1.00747
4.00646e-06,5.17883e-05,-0.535488,1.00588
4.02224e-06,5.18162e-05,-0.540748,1.00427
4.03798e-06,5.18442e-05,-0.545993,1.00262
4.05367e-06,5.18723e-05,-0.551224,1.00095
4.06932e-06,5.19005e-05,-0.55644,0.999256
4.08493e-06,5.19287e-05,-0.561643,0.997534
4.10049e-06,5.19571e-05,-0.56683,0.995786
4.11601e-06,5.19855e-05,-0.572003,0.994012
4.13148e-06,5.2014e-05,-0.577161,0.992212
4.14691e-06,5.20425e-05,-0.582304,0.990387
4.16229e-06,5.20712e-05,-0.587432,0.988536
4.17763e-06,5.20999e-05,-0.592544,0.98666
4.19293e-06,5.21287e-05,-0.597642,0.984758
4.20817e-06,5.21575e-05,-0.602725,0.982832
4.22338e-06,5.21865e-05,-0.607792,0.98088
4.23853e-06,5.22155e-05,-0.612844,0.978903
4.25364e-06,5.22446e-05,-0.61788,0.976902
4.2687e-06,5.22738e-05,-0.6229,0.974876
4.28372e-06,5.2303e-05,-0.627905,0.972825
4.29868e-06,5.23323e-05,-0.632894,0.97075
4.3136e-06,5.23617e-05,-0.637867,0.96865
4.32847e-06,5.23911e-05,-0.642824,0.966527
4.3433e-06,5.24207e-05,-0.647766,0.964379
4.35807e-06,5.24503e-05,-0.652691,0.962207
4.3728e-06,5.24799e-05,-0.657599,0.960011
4.38748e-06,5.25097e-05,-0.662492,0.957792
4.4021e-06,5.25395e-05,-0.667368,0.955548
4.41668e-06,5.25694e-05,-0.672228,0.953281
4.43121e-06,5.25994e-05,-0.677071,0.950991
4.44569e-06,5.26294e-05,-0.681897,0.948678
4.46012e-06,5.26595e-05,-0.686707,0.946341
4.4745e-06,5.26896e-05,-0.6915,0.943981
4.48883e-06,5.27199e-05,-0.696276,0.941598
4.50311e-06,5.27502e-05,-0.701036,0.939192
4.51733e-06,5.27806e-05,-0.705778,0.936763
4.53151e-06,5.2811e-05,-0.710503,0.934312
4.54563e-06,5.28415e-05,-0.715211,0.931838
4.5597e-06,5.28721e-05,-0.719902,0.929342
4.57373e-06,5.29027e-05,-0.724575,0.926823
4.58769e-06,5.29334e-05,-0.729231,0.924282
4.60161e-06,5.29642e-05,-0.73387,0.921719
4.61547e-06,5.2995e-05,-0.738491,0.919134
4.62928e-06,5.30259e-05,-0.743094,0.916527
4.64304e-06,5.30569e-05,-0.74768,0.913898
4.65674e-06,5.3088e-05,-0.752248,0.911248
4.6704e-06,5.31191e-05,-0.756798,0.908576
4.68399e-06,5.31502e-05,-0.761331,0.905882
4.69754e-06,5.31815e-05,-0.765845,0.903167
4.71103e-06,5.32127e-05,-0.770342,0.900431
4.72446e-06,5.32441e-05,-0.77482,0.897674
4.73784e-06,5.32755e-05,-0.77928,0.894896
4.75117e-06,5.3307e-05,-0.783722,0.892097
4.76444e-06,5.33386e-05,-0.788146,0.889277
4.77765e-06,5.33702e-05,-0.792551,0.886436
4.79081e-06,5.34018e-05,-0.796938,0.883575
4.80392e-06,5.34336e-05,-0.801306,0.880693
4.81697e-06,5.34654e-05,-0.805656,0.877791
4.82996e-06,5.34972e-05,-0.809988,0.874868
4.8429e-06,5.35291e-05,-0.8143,0.871926
4.85578e-06,5.35611e-05,-0.818594,0.868963
4.86861e-06,5.35931e-05,-0.822869,0.86598
4.88138e-06,5.36252e-05,-0.827125,0.862978
4.89409e-06,5.36574e-05,-0.831363,0.859956
4.90674e-06,5.36896e-05,-0.835581,0.856914
4.91934e-06,5.37219e-05,-0.83978,0.853853
4.93188e-06,5.37542e-05,-0.84396,0.850772
4.94436e-06,5.37866e-05,-0.848121,0.847672
4.95679e-06,5.3819e-05,-0.852263,0.844553
4.96916e-06,5.38515e-05,-0.856386,0.841414
4.98147e-06,5.38841e-05,-0.860489,0.838257
4.99372e-06,5.39167e-05,-0.864573,0.83508
5.00591e-06,5.39494e-05,-0.868637,0.831885
5.01805e-06,5.39821e-05,-0.872682,0.828672
5.03012e-06,5.40149e-05,-0.876707,0.825439
5.04214e-06,5.40477e-05,-0.880713,0.822188
5.0541e-06,5.40806e-05,-0.884698,0.818919
5.06599e-06,5.41136e-05,-0.888665,0.815632
5.07783e-06,5.41466e-05,-0.892611,0.812326
5.08961e-06,5.41796e-05,-0.896538,0.809003
5.10133e-06,5.42127e-05,-0.900444,0.805661
5.11299e-06,5.42459e-05,-0.904331,0.802301
5.12459e-06,5.42791e-05,-0.908198,0.798924
5.13613e-06,5.43124e-05,-0.912044,0.795529
5.14761e-06,5.43457e-05,-0.915871,0.792117
5.15903e-06,5.43791e-05,-0.919677,0.788687
5.17039e-06,5.44125e-05,-0.923464,0.78524
5.18169e-06,5.4446e-05,-0.92723,0.781776
5.19293e-06,5.44795e-05,-0.930975,0.778294
5.2041e-06,5.45131e-05,-0.9347,0.774796
5.21522e-06,5.45467e-05,-0.938405,0.77128
5.22627e-06,5.45804e-05,-0.94209,0.767748
5.23726e-06,5.46141e-05,-0.945754,0.764199
5.24819e-06,5.46479e-05,-0.949397,0.760633
5.25906e-06,5.46818e-05,-0.95302,0.757051
5.26986e-06,5.47156e-05,-0.956622,0.753453
5.28061e-06,5.47496e-05,-0.960203,0.749838
5.29129e-06,5.47835e-05,-0.963763,0.746207
5.30191e-06,5.48176e-05,-0.967303,0.74256
5.31247e-06,5.48516e-05,-0.970822,0.738897
5.32296e-06,5.48858e-05,-0.97432,0.735218
5.33339e-06,5.49199e-05,-0.977797,0.731523
5.34376e-06,5.49542e-05,-0.981253,0.727812
5.35407e-06,5.49884e-05,-0.984688,0.724086
5.36431e-06,5.50227e-05,-0.988102,0.720344
5.37449e-06,5.50571e-05,-0.991495,0.716587
5.3846e-06,5.50915e-05,-0.994867,0.712815
5.39465e-06,5.51259e-05,-0.998217,0.709027
5.40464e-06,5.51604e-05,-1.00155,0.705225
5.41456e-06,5.5195e-05,-1.00485,0.701407
5.42442e-06,5.52296e-05,-1.00814,0.697575
5.43422e-06,5.52642e-05,-1.01141,0.693727
5.44395e-06,5.52989e-05,-1.01465,0.689865
5.45362e-06,5.53336e-05,-1.01787,0.685989
5.46322e-06,5.53683e-05,-1.02107,0.682098
5.47276e-06,5.54031e-05,-1.02425,0.678192
5.48223e-06,5.5438e-05,-1.02741,0.674272
5.49164e-06,5.54729e-05,-1.03055,0.670338
5.50098e-06,5.55078e-05,-1.03366,0.66639
5.51026e-06,5.55428e-05,-1.03675,0.662428
5.51947e-06,5.55778e-05,-1.03982,0.658452
5.52862e-06,5.56128e-05,-1.04287,0.654462
5.5377e-06,5.56479e-05,-1.0459,0.650458
5.54671e-06,5.56831e-05,-1.0489,0.646441
5.55566e-06,5.57183e-05,-1.05189,0.642411
5.56455e-06,5.57535e-05,-1.05485,0.638367
5.57337e-06,5.57887e-05,-1.05779,0.634309
5.58212e-06,5.5824e-05,-1.06071,0.630239
5.5908e-06,5.58594e-05,-1.0636,0.626155
5.59942e-06,5.58947e-05,-1.06647,0.622058
5.60798e-06,5.59302e-05,-1.06933,0.617948
5.61646e-06,5.59656e-05,-1.07215,0.613826
5.62488e-06,5.60011e-05,-1.07496,0.609691
5.63324e-06,5.60366e-05,-1.07775,0.605543
5.64152e-06,5.60722e-05,-1.08051,0.601383
5.64974e-06,5.61078e-05,-1.08325,0.59721
5.65789e-06,5.61434e-05,-1.08596,0.593025
5.66598e-06,5.61791e-05,-1.08866,0.588827
5.67399e-06,5.62148e-05,-1.09133,0.584618
5.68194e-06,5.62506e-05,-1.09398,0.580396
5.68983e-06,5.62864e-05,-1.09661,0.576163
5.69764e-06,5.63222e-05,-1.09921,0.571917
5.70539e-06,5.63581e-05,-1.1018,0.56766
5.71307e-06,5.63939e-05,-1.10436,0.563391
5.72068e-06,5.64299e-05,-1.10689,0.559111
5.72822e-06,5.64658e-05,-1.10941,0.554819
5.73569e-06,5.65018e-05,-1.1119,0.550516
5.7431e-06,5.65379e-05,-1.11437,0.546202
5.75044e-06,5.65739e-05,-1.11681,0.541876
5.75771e-06,5.661e-05,-1.11924,0.537539
5.76491e-06,5.66461e-05,-1.12164,0.533192
5.77204e-06,5.66823e-05,-1.12401,0.528833
5.77911e-06,5.67185e-05,-1.12637,0.524464
5.7861e-06,5.67547e-05,-1.1287,0.520084
5.79303e-06,5.6791e-05,-1.13101,0.515693
5.79988e-06,5.68273e-05,-1.13329,0.511292
5.80667e-06,5.68636e-05,-1.13556,0.506881
5.81339e-06,5.68999e-05,-1.1378,0.502459
5.82004e-06,5.69363e-05,-1.14001,0.498027
5.82662e-06,5.69727e-05,-1.14221,0.493585
5.83313e-06,5.70092e-05,-1.14438,0.489133
5.83957e-06,5.70457e-05,-1.14652,0.484671
5.84594e-06,5.70822e-05,-1.14865,0.480199
5.85224e-06,5.71187e-05,-1.15075,0.475717
5.85847e-06,5.71552e-05,-1.15282,0.471226
5.86463e-06,5.71918e-05,-1.15488,0.466725
5.87072e-06,5.72284e-05,-1.15691,0.462215
5.87674e-06,5.72651e-05,-1.15891,0.457695
5.88269e-06,5.73018e-05,-1.1609,0.453166
5.88857e-06,5.73385e-05,-1.16286,0.448628
5.89438e-06,5.73752e-05,-1.16479,0.444081
5.90012e-06,5.74119e-05,-1.16671,0.439525
5.90578e-06,5.74487e-05,-1.16859,0.43496
5.91138e-06,5.74855e-05,-1.17046,0.430387
5.91691e-06,5.75224e-05,-1.1723,0.425805
5.92236e-06,5.75592e-05,-1.17412,0.421214
5.92775e-06,5.75961e-05,-1.17592,0.416614
5.93306e-06,5.7633e-05,-1.17769,0.412006
5.9383e-06,5.767e-05,-1.17943,0.40739
5.94348e-06,5.77069e-05,-1.18116,0.402766
5.94858e-06,5.77439e-05,-1.18286,0.398134
5.9536e-06,5.77809e-05,-1.18453,0.393493
5.95856e-06,5.78179e-05,-1.18619,0.388845
5.96345e-06,5.7855e-05,-1.18782,0.384189
5.96826e-06,5.78921e-05,-1.18942,0.379525
5.973e-06,5.79292e-05,-1.191,0.374854
5.97767e-06,5.79663e-05,-1.19256,0.370175
5.98227e-06,5.80034e-05,-1.19409,0.365488
5.9868e-06,5.80406e-05,-1.1956,0.360795
5.99125e-06,5.80778e-05,-1.19708,0.356094
5.99564e-06,5.8115e-05,-1.19855,0.351386
5.99995e-06,5.81522e-05,-1.19998,0.34667
6.00419e-06,5.81895e-05,-1.2014,0.341948
6.00835e-06,5.82268e-05,-1.20278,0.337219
6.01245e-06,5.8264e-05,-1.20415,0.332484
6.01647e-06,5.83014e-05,-1.20549,0.327741
6.02042e-06,5.83387e-05,-1.20681,0.322992
6.02429e-06,5.8376e-05,-1.2081,0.318237
6.02809e-06,5.84134e-05,-1.20936,0.313475
6.03183e-06,5.84508e-05,-1.21061,0.308707
6.03548e-06,5.84882e-05,-1.21183,0.303932
6.03907e-06,5.85256e-05,-1.21302,0.299152
6.04258e-06,5.85631e-05,-1.21419,0.294365
6.04602e-06,5.86006e-05,-1.21534,0.289573
6.04938e-06,5.8638e-05,-1.21646,0.284775
6.05268e-06,5.86755e-05,-1.21756,0.279971
6.0559e-06,5.8713e-05,-1.21863,0.275162
6.05904e-06,5.87506e-05,-1.21968,0.270347
6.06212e-06,5.87881e-05,-1.22071,0.265526
6.06511e-06,5.88257e-05,-1.2217,0.260701
6.06804e-06,5.88633e-05,-1.22268,0.25587
6.07089e-06,5.89009e-05,-1.22363,0.251034
6.07367e-06,5.89385e-05,-1.22456,0.246193
6.07638e-06,5.89761e-05,-1.22546,0.241346
6.07901e-06,5.90137e-05,-1.22634,0.236496
6.08156e-06,5.90514e-05,-1.22719,0.23164
6.08405e-06,5.9089e-05,-1.22802,0.22678
6.08646e-06,5.91267e-05,-1.22882,0.221915
6.08879e-06,5.91644e-05,-1.2296,0.217046
6.09105e-06,5.92021e-05,-1.23035,0.212172
6.09324e-06,5.92398e-05,-1.23108,0.207294
6.09535e-06,5.92776e-05,-1.23178,0.202412
6.09739e-06,5.93153e-05,-1.23246,0.197526
6.09935e-06,5.93531e-05,-1.23312,0.192636
6.10124e-06,5.93908e-05,-1.23375,0.187742
6.10306e-06,5.94286e-05,-1.23435,0.182844
6.1048e-06,5.94664e-05,-1.23493,0.177942
6.10647e-06,5.95042e-05,-1.23549,0.173037
6.10806e-06,5.9542e-05,-1.23602,0.168129
6.10957e-06,5.95799e-05,-1.23652,0.163217
6.11102e-06,5.96177e-05,-1.23701,0.158302
6.11238e-06,5.96555e-05,-1.23746,0.153383
6.11367e-06,5.96934e-05,-1.23789,0.148462
6.11489e-06,5.97312e-05,-1.2383,0.143538
6.11603e-06,5.97691e-05,-1.23868,0.13861
6.1171e-06,5.9807e-05,-1.23903,0.13368
6.11809e-06,5.98449e-05,-1.23936,0.128747
6.11901e-06,5.98828e-05,-1.23967,0.123812
6.11985e-06,5.99207e-05,-1.23995,0.118874
6.12062e-06,5.99586e-05,-1.24021,0.113933
6.12131e-06,5.99965e-05,-1.24044,0.108991
6.12193e-06,6.00344e-05,-1.24064,0.104046
6.12247e-06,6.00723e-05,-1.24082,0.099099
6.12293e-06,6.01103e-05,-1.24098,0.09415
6.12332e-06,6.01482e-05,-1.24111,0.0891991
6.12364e-06,6.01861e-05,-1.24121,0.0842464
6.12387e-06,6.02241e-05,-1.24129,0.079292
6.12404e-06,6.0262e-05,-1.24135,0.074336
6.12412e-06,6.03e-05,-1.24137,0.0693784
6.12414e-06,6.0338e-05,-1.24138,0.0644195
6.12407e-06,6.03759e-05,-1.24136,0.0594592
6.12393e-06,6.04139e-05,-1.24131,0.0544978
6.12371e-06,6.04519e-05,-1.24124,0.0495352
6.12342e-06,6.04899e-05,-1.24114,0.0445716
6.12305e-06,6.05278e-05,-1.24102,0.0396072
6.12261e-06,6.05658e-05,-1.24087,0.0346419
6.12209e-06,6.06038e-05,-1.2407,0.0296759
6.12149e-06,6.06418e-05,-1.2405,0.0247093
6.12082e-06,6.06798e-05,-1.24027,0.0197422
6.12007e-06,6.07178e-05,-1.24002,0.0147746
6.11925e-06,6.07557e-05,-1.23975,0.00980682
6.11834e-06,6.07937e-05,-1.23945,0.00483881
6.11737e-06,6.08317e-05,-1.23912,-0.000129305
6.11631e-06,6.08697e-05,-1.23877,-0.00509741
6.11518e-06,6.09077e-05,-1.23839,-0.0100654
6.11398e-06,6.09457e-05,-1.23799,-0.0150332
6.11269e-06,6.09837e-05,-1.23756,-0.0200007
6.11133e-06,6.10217e-05,-1.23711,-0.0249678
6.10989e-06,6.10597e-05,-1.23663,-0.0299343
6.10838e-06,6.10976e-05,-1.23613,-0.0349003
6.10679e-06,6.11356e-05,-1.2356,-0.0398655
6.10512e-06,6.11736e-05,-1.23504,-0.0448298
6.10338e-06,6.12116e-05,-1.23446,-0.0497933
6.10156e-06,6.12496e-05,-1.23385,-0.0547557
6.09966e-06,6.12875e-05,-1.23322,-0.059717
6.09769e-06,6.13255e-05,-1.23256,-0.0646771
6.09564e-06,6.13634e-05,-1.23188,-0.0696358
6.09351e-06,6.14014e-05,-1.23117,-0.074593
6.09131e-06,6.14394e-05,-1.23044,-0.0795487
6.08903e-06,6.14773e-05,-1.22968,-0.0845027
6.08667e-06,6.15152e-05,-1.22889,-0.089455
6.08423e-06,6.15532e-05,-1.22808,-0.0944054
6.08172e-06,6.15911e-05,-1.22724,-0.0993538
6.07913e-06,6.1629e-05,-1.22638,-0.1043
6.07646e-06,6.1667e-05,-1.22549,-0.109244
6.07372e-06,6.17049e-05,-1.22457,-0.114186
6.0709e-06,6.17428e-05,-1.22363,-0.119126
6.068e-06,6.17807e-05,-1.22267,-0.124063
6.06502e-06,6.18186e-05,-1.22167,-0.128997
6.06197e-06,6.18564e-05,-1.22066,-0.133928
6.05884e-06,6.18943e-05,-1.21961,-0.138857
6.05563e-06,6.19322e-05,-1.21854,-0.143783
6.05235e-06,6.197e-05,-1.21745,-0.148706
6.04898e-06,6.20079e-05,-1.21633,-0.153626
6.04554e-06,6.20457e-05,-1.21518,-0.158542
6.04203e-06,6.20835e-05,-1.21401,-0.163455
6.03843e-06,6.21214e-05,-1.21281,-0.168365
6.03476e-06,6.21592e-05,-1.21159,-0.17327
6.03101e-06,6.21969e-05,-1.21034,-0.178173
6.02718e-06,6.22347e-05,-1.20906,-0.183071
6.02328e-06,6.22725e-05,-1.20776,-0.187966
6.0193e-06,6.23103e-05,-1.20643,-0.192856
6.01524e-06,6.2348e-05,-1.20508,-0.197743
6.0111e-06,6.23857e-05,-1.2037,-0.202625
6.00688e-06,6.24235e-05,-1.20229,-0.207503
6.00259e-06,6.24612e-05,-1.20086,-0.212376
5.99822e-06,6.24989e-05,-1.19941,-0.217245
5.99377e-06,6.25365e-05,-1.19792,-0.222109
5.98925e-06,6.25742e-05,-1.19642,-0.226968
5.98464e-06,6.26118e-05,-1.19488,-0.231822
5.97996e-06,6.26495e-05,-1.19332,-0.236672
5.97521e-06,6.26871e-05,-1.19174,-0.241516
5.97037e-06,6.27247e-05,-1.19012,-0.246355
5.96546e-06,6.27623e-05,-1.18849,-0.251188
5.96046e-06,6.27999e-05,-1.18682,-0.256016
5.95539e-06,6.28374e-05,-1.18513,-0.260839
5.95025e-06,6.28749e-05,-1.18342,-0.265656
5.94502e-06,6.29125e-05,-1.18167,-0.270467
5.93972e-06,6.295e-05,-1.17991,-0.275272
5.93434e-06,6.29874e-05,-1.17811,-0.280071
5.92888e-06,6.30249e-05,-1.17629,-0.284863
5.92334e-06,6.30624e-05,-1.17445,-0.28965
5.91773e-06,6.30998e-05,-1.17258,-0.29443
5.91204e-06,6.31372e-05,-1.17068,-0.299204
5.90627e-06,6.31746e-05,-1.16876,-0.303971
5.90042e-06,6.32119e-05,-1.16681,-0.308731
5.8945e-06,6.32493e-05,-1.16483,-0.313484
5.88849e-06,6.32866e-05,-1.16283,-0.318231
5.88241e-06,6.33239e-05,-1.1608,-0.32297
5.87625e-06,6.33612e-05,-1.15875,-0.327702
5.87002e-06,6.33985e-05,-1.15667,-0.332427
5.8637e-06,6.34357e-05,-1.15457,-0.337144
5.85731e-06,6.34729e-05,-1.15244,-0.341854
5.85084e-06,6.35101e-05,-1.15028,-0.346556
5.8443e-06,6.35473e-05,-1.1481,-0.35125
5.83767e-06,6.35844e-05,-1.14589,-0.355937
5.83097e-06,6.36215e-05,-1.14366,-0.360615
5.82419e-06,6.36586e-05,-1.1414,-0.365285
5.81733e-06,6.36957e-05,-1.13911,-0.369947
5.81039e-06,6.37328e-05,-1.1368,-0.3746
5.80338e-06,6.37698e-05,-1.13446,-0.379245
5.79629e-06,6.38068e-05,-1.1321,-0.383881
5.78912e-06,6.38437e-05,-1.12971,-0.388509
5.78187e-06,6.38807e-05,-1.12729,-0.393127
5.77455e-06,6.39176e-05,-1.12485,-0.397737
5.76715e-06,6.39545e-05,-1.12238,-0.402337
5.75967e-06,6.39913e-05,-1.11989,-0.406928
5.75211e-06,6.40282e-05,-1.11737,-0.41151
5.74448e-06,6.4065e-05,-1.11483,-0.416082
5.73676e-06,6.41017e-05,-1.11225,-0.420644
5.72897e-06,6.41385e-05,-1.10966,-0.425197
5.72111e-06,6.41752e-05,-1.10704,-0.42974
5.71316e-06,6.42119e-05,-1.10439,-0.434273
5.70514e-06,6.42485e-05,-1.10171,-0.438795
5.69704e-06,6.42852e-05,-1.09901,-0.443308
5.68886e-06,6.43218e-05,-1.09629,-0.44781
5.68061e-06,6.43583e-05,-1.09354,-0.452301
5.67228e-06,6.43948e-05,-1.09076,-0.456782
5.66387e-06,6.44313e-05,-1.08796,-0.461252
5.65538e-06,6.44678e-05,-1.08513,-0.465711
5.64682e-06,6.45042e-05,-1.08227,-0.470159
5.63818e-06,6.45406e-05,-1.07939,-0.474596
5.62946e-06,6.4577e-05,-1.07649,-0.479021
5.62067e-06,6.46133e-05,-1.07356,-0.483435
5.6118e-06,6.46496e-05,-1.0706,-0.487838
5.60285e-06,6.46859e-05,-1.06762,-0.492229
5.59382e-06,6.47221e-05,-1.06461,-0.496608
5.58472e-06,6.47583e-05,-1.06157,-0.500975
5.57554e-06,6.47944e-05,-1.05851,-0.50533
5.56628e-06,6.48305e-05,-1.05543,-0.509672
5.55695e-06,6.48666e-05,-1.05232,-0.514003
5.54754e-06,6.49027e-05,-1.04918,-0.51832
5.53805e-06,6.49387e-05,-1.04602,-0.522626
5.52849e-06,6.49746e-05,-1.04283,-0.526918
5.51885e-06,6.50106e-05,-1.03962,-0.531198
5.50913e-06,6.50464e-05,-1.03638,-0.535464
5.49934e-06,6.50823e-05,-1.03311,-0.539717
5.48947e-06,6.51181e-05,-1.02982,-0.543957
5.47953e-06,6.51539e-05,-1.02651,-0.548184
5.46951e-06,6.51896e-05,-1.02317,-0.552397
5.45941e-06,6.52253e-05,-1.0198,-0.556596
5.44923e-06,6.52609e-05,-1.01641,-0.560782
5.43898e-06,6.52965e-05,-1.01299,-0.564953
5.42866e-06,6.53321e-05,-1.00955,-0.56911
5.41825e-06,6.53676e-05,-1.00608,-0.573253
5.40778e-06,6.5403e-05,-1.00259,-0.577382
5.39722e-06,6.54385e-05,-0.999074,-0.581496
5.38659e-06,6.54739e-05,-0.995531,-0.585595
5.37589e-06,6.55092e-05,-0.991962,-0.58968
5.36511e-06,6.55445e-05,-0.988368,-0.593749
5.35425e-06,6.55797e-05,-0.98475,-0.597804
5.34332e-06,6.56149e-05,-0.981106,-0.601843
5.33231e-06,6.56501e-05,-0.977436,-0.605867
5.32123e-06,6.56852e-05,-0.973742,-0.609875
5.31007e-06,6.57203e-05,-0.970023,-0.613867
5.29884e-06,6.57553e-05,-0.966279,-0.617844
5.28753e-06,6.57903e-05,-0.962509,-0.621805
5.27615e-06,6.58252e-05,-0.958715,-0.625749
5.26469e-06,6.58601e-05,-0.954896,-0.629677
5.25316e-06,6.58949e-05,-0.951052,-0.633589
5.24155e-06,6.59296e-05,-0.947183,-0.637485
5.22987e-06,6.59644e-05,-0.943289,-0.641363
5.21811e-06,6.5999e-05,-0.939371,-0.645225
5.20628e-06,6.60337e-05,-0.935427,-0.64907
5.19438e-06,6.60682e-05,-0.931459,-0.652897
5.1824e-06,6.61027e-05,-0.927466,-0.656707
5.17035e-06,6.61372e-05,-0.923449,-0.6605
5.15822e-06,6.61716e-05,-0.919407,-0.664275
5.14602e-06,6.6206e-05,-0.91534,-0.668032
5.13375e-06,6.62403e-05,-0.911249,-0.671772
5.1214e-06,6.62745e-05,-0.907133,-0.675493
5.10898e-06,6.63087e-05,-0.902993,-0.679196
5.09649e-06,6.63429e-05,-0.898829,-0.682881
5.08392e-06,6.6377e-05,-0.89464,-0.686547
5.07128e-06,6.6411e-05,-0.890426,-0.690195
5.05857e-06,6.6445e-05,-0.886189,-0.693824
5.04578e-06,6.64789e-05,-0.881927,-0.697434
5.03292e-06,6.65127e-05,-0.877641,-0.701024
5.01999e-06,6.65465e-05,-0.873331,-0.704596
5.00699e-06,6.65803e-05,-0.868996,-0.708147
4.99391e-06,6.66139e-05,-0.864638,-0.71168
4.98077e-06,6.66476e-05,-0.860256,-0.715192
4.96755e-06,6.66811e-05,-0.855849,-0.718685
4.95426e-06,6.67146e-05,-0.851419,-0.722157
4.94089e-06,6.67481e-05,-0.846965,-0.725609
4.92746e-06,6.67815e-05,-0.842487,-0.729041
4.91396e-06,6.68148e-05,-0.837985,-0.732453
4.90038e-06,6.6848e-05,-0.83346,-0.735843
4.88673e-06,6.68812e-05,-0.828911,-0.739213
4.87301e-06,6.69144e-05,-0.824338,-0.742561
4.85923e-06,6.69474e-05,-0.819742,-0.745889
4.84537e-06,6.69804e-05,-0.815122,-0.749195
4.83144e-06,6.70134e-05,-0.810479,-0.752479
4.81744e-06,6.70463e-05,-0.805813,-0.755742
4.80337e-06,6.70791e-05,-0.801123,-0.758983
4.78923e-06,6.71118e-05,-0.79641,-0.762202
4.77502e-06,6.71445e-05,-0.791674,-0.765399
4.76074e-06,6.71771e-05,-0.786915,-0.768573
4.7464e-06,6.72096e-05,-0.782132,-0.771725
4.73198e-06,6.72421e-05,-0.777327,-0.774855
4.7175e-06,6.72745e-05,-0.772499,-0.777961
4.70294e-06,6.73068e-05,-0.767647,-0.781044
4.68832e-06,6.73391e-05,-0.762774,-0.784104
4.67363e-06,6.73713e-05,-0.757877,-0.787141
4.65887e-06,6.74034e-05,-0.752958,-0.790155
4.64405e-06,6.74355e-05,-0.748016,-0.793144
4.62915e-06,6.74675e-05,-0.743051,-0.79611
4.61419e-06,6.74994e-05,-0.738065,-0.799052
4.59917e-06,6.75312e-05,-0.733056,-0.801969
4.58407e-06,6.7563e-05,-0.728024,-0.804862
4.56891e-06,6.75947e-05,-0.722971,-0.807731
4.55368e-06,6.76263e-05,-0.717895,-0.810575
4.53839e-06,6.76578e-05,-0.712797,-0.813394
4.52303e-06,6.76893e-05,-0.707677,-0.816188
4.50761e-06,6.77207e-05,-0.702536,-0.818956
4.49212e-06,6.7752e-05,-0.697372,-0.8217
4.47656e-06,6.77833e-05,-0.692187,-0.824417
4.46094e-06,6.78144e-05,-0.686981,-0.827109
4.44526e-06,6.78455e-05,-0.681752,-0.829775
4.42951e-06,6.78765e-05,-0.676503,-0.832415
4.4137e-06,6.79074e-05,-0.671232,-0.835029
4.39782e-06,6.79383e-05,-0.665939,-0.837616
4.38188e-06,6.7969e-05,-0.660626,-0.840177
4.36587e-06,6.79997e-05,-0.655291,-0.84271
4.34981e-06,6.80303e-05,-0.649936,-0.845217
4.33368e-06,6.80609e-05,-0.644559,-0.847697
4.31749e-06,6.80913e-05,-0.639162,-0.850149
4.30123e-06,6.81217e-05,-0.633744,-0.852573
4.28492e-06,6.81519e-05,-0.628306,-0.85497
4.26854e-06,6.81821e-05,-0.622847,-0.85734
4.2521e-06,6.82122e-05,-0.617367,-0.859681
4.2356e-06,6.82423e-05,-0.611867,-0.861993
4.21904e-06,6.82722e-05,-0.606348,-0.864278
4.20242e-06,6.83021e-05,-0.600808,-0.866534
4.18574e-06,6.83318e-05,-0.595248,-0.868761
4.169e-06,6.83615e-05,-0.589668,-0.870959
4.15221e-06,6.83911e-05,-0.584069,-0.873127
4.13535e-06,6.84206e-05,-0.578449,-0.875267
4.11843e-06,6.845e-05,-0.572811,-0.877377
4.10146e-06,6.84793e-05,-0.567153,-0.879457
4.08443e-06,6.85086e-05,-0.561476,-0.881508
4.06734e-06,6.85377e-05,-0.555779,-0.883528
4.05019e-06,6.85668e-05,-0.550064,-0.885518
4.03299e-06,6.85958e-05,-0.544329,-0.887478
4.01573e-06,6.86246e-05,-0.538576,-0.889407
3.99841e-06,6.86534e-05,-0.532805,-0.891305
3.98104e-06,6.86821e-05,-0.527014,-0.893172
3.96362e-06,6.87107e-05,-0.521206,-0.895009
3.94614e-06,6.87392e-05,-0.515379,-0.896813
3.9286e-06,6.87676e-05,-0.509534,-0.898586
3.91101e-06,6.87959e-05,-0.503671,-0.900328
3.89337e-06,6.88241e-05,-0.49779,-0.902037
3.87567e-06,6.88522e-05,-0.491891,-0.903715
3.85792e-06,6.88803e-05,-0.485975,-0.90536
3.84012e-06,6.89082e-05,-0.480041,-0.906973
3.82227e-06,6.8936e-05,-0.47409,-0.908553
3.80437e-06,6.89637e-05,-0.468122,-0.9101
3.78641e-06,6.89914e-05,-0.462137,-0.911614
3.76841e-06,6.90189e-05,-0.456135,-0.913095
3.75035e-06,6.90463e-05,-0.450116,-0.914542
3.73224e-06,6.90736e-05,-0.444081,-0.915956
3.71409e-06,6.91009e-05,-0.43803,-0.917336
3.69589e-06,6.9128e-05,-0.431962,-0.918682
3.67763e-06,6.9155e-05,-0.425878,-0.919994
3.65934e-06,6.91819e-05,-0.419779,-0.921272
3.64099e-06,6.92088e-05,-0.413663,-0.922515
3.6226e-06,6.92355e-05,-0.407532,-0.923723
3.60416e-06,6.92621e-05,-0.401386,-0.924896
3.58567e-06,6.92886e-05,-0.395224,-0.926035
3.56714e-06,6.9315e-05,-0.389047,-0.927138
3.54857e-06,6.93413e-05,-0.382856,-0.928205
3.52995e-06,6.93674e-05,-0.376649,-0.929237
3.51129e-06,6.93935e-05,-0.370429,-0.930233
3.49258e-06,6.94195e-05,-0.364193,-0.931193
3.47383e-06,6.94453e-05,-0.357944,-0.932117
3.45504e-06,6.94711e-05,-0.351681,-0.933004
3.43621e-06,6.94967e-05,-0.345404,-0.933855
3.41734e-06,6.95222e-05,-0.339113,-0.934669
3.39843e-06,6.95477e-05,-0.332809,-0.935446
3.37947e-06,6.9573e-05,-0.326491,-0.936186
3.36048e-06,6.95982e-05,-0.320161,-0.936888
3.34145e-06,6.96232e-05,-0.313818,-0.937553
3.32239e-06,6.96482e-05,-0.307462,-0.93818
3.30328e-06,6.96731e-05,-0.301094,-0.938769
3.28414e-06,6.96978e-05,-0.294713,-0.939321
3.26496e-06,6.97224e-05,-0.288321,-0.939834
3.24575e-06,6.97469e-05,-0.281916,-0.940308
3.2265e-06,6.97713e-05,-0.275501,-0.940744
3.20722e-06,6.97956e-05,-0.269073,-0.941141
3.1879e-06,6.98198e-05,-0.262635,-0.941499
3.16856e-06,6.98438e-05,-0.256186,-0.941818
3.14918e-06,6.98677e-05,-0.249726,-0.942098
3.12977e-06,6.98915e-05,-0.243255,-0.942338
3.11032e-06,6.99152e-05,-0.236774,-0.942538
3.09085e-06,6.99388e-05,-0.230284,-0.942698
3.07135e-06,6.99622e-05,-0.223783,-0.942819
3.05182e-06,6.99856e-05,-0.217273,-0.942899
3.03226e-06,7.00088e-05,-0.210754,-0.942938
3.01268e-06,7.00319e-05,-0.204225,-0.942937
2.99306e-06,7.00548e-05,-0.197688,-0.942896
2.97343e-06,7.00777e-05,-0.191142,-0.942813
2.95376e-06,7.01004e-05,-0.184588,-0.942689
2.93408e-06,7.0123e-05,-0.178025,-0.942524
2.91437e-06,7.01454e-05,-0.171455,-0.942317
2.89463e-06,7.01678e-05,-0.164877,-0.942069
2.87488e-06,7.019e-05,-0.158292,-0.941779
2.8551e-06,7.02121e-05,-0.1517,-0.941446
2.8353e-06,7.0234e-05,-0.145101,-0.941072
2.81549e-06,7.02559e-05,-0.138496,-0.940655
2.79565e-06,7.02776e-05,-0.131884,-0.940196
2.7758e-06,7.02992e-05,-0.125266,-0.939695
2.75593e-06,7.03206e-05,-0.118643,-0.93915
2.73604e-06,7.03419e-05,-0.112014,-0.938562
2.71614e-06,7.03631e-05,-0.10538,-0.937932
2.69622e-06,7.03842e-05,-0.0987413,-0.937258
2.67629e-06,7.04051e-05,-0.0920979,-0.93654
2.65635e-06,7.04259e-05,-0.0854502,-0.935779
2.6364e-06,7.04466e-05,-0.0787985,-0.934974
2.61643e-06,7.04671e-05,-0.0721431,-0.934126
2.59645e-06,7.04875e-05,-0.0654842,-0.933233
2.57647e-06,7.05078e-05,-0.0588223,-0.932296
2.55647e-06,7.0528e-05,-0.0521576,-0.931314
2.53647e-06,7.0548e-05,-0.0454904,-0.930288
2.51646e-06,7.05678e-05,-0.038821,-0.929217
2.49645e-06,7.05876e-05,-0.0321497,-0.928102
2.47643e-06,7.06072e-05,-0.0254769,-0.926941
2.45641e-06,7.06267e-05,-0.0188029,-0.925736
2.43638e-06,7.0646e-05,-0.0121279,-0.924485
2.41636e-06,7.06652e-05,-0.0054523,-0.923189
2.39633e-06,7.06843e-05,0.00122354,-0.921847
2.3763e-06,7.07032e-05,0.00789933,-0.92046
2.35628e-06,7.0722e-05,0.0145747,-0.919027
2.33625e-06,7.07406e-05,0.0212494,-0.917548
2.31623e-06,7.07591e-05,0.027923,-0.916023
2.29621e-06,7.07775e-05,0.0345952,-0.914452
2.2762e-06,7.07957e-05,0.0412656,-0.912834
2.2562e-06,7.08138e-05,0.047934,-0.911171
2.2362e-06,7.08318e-05,0.0545999,-0.90946
2.21621e-06,7.08496e-05,0.061263,-0.907703
2.19623e-06,7.08673e-05,0.0679229,-0.9059
2.17626e-06,7.08848e-05,0.0745794,-0.904049
2.1563e-06,7.09022e-05,0.0812319,-0.902152
2.13636e-06,7.09194e-05,0.0878802,-0.900207
2.11643e-06,7.09366e-05,0.094524,-0.898215
2.09651e-06,7.09535e-05,0.101163,-0.896176
2.07661e-06,7.09704e-05,0.107796,-0.89409
2.05673e-06,7.0987e-05,0.114424,-0.891956
2.03686e-06,7.10036e-05,0.121045,-0.889775
2.01702e-06,7.102e-05,0.127661,-0.887546
1.99719e-06,7.10362e-05,0.134269,-0.88527
1.97739e-06,7.10523e-05,0.14087,-0.882945
1.95761e-06,7.10683e-05,0.147463,-0.880573
1.93785e-06,7.10841e-05,0.154049,-0.878153
1.91812e-06,7.10998e-05,0.160625,-0.875685
1.89842e-06,7.11154e-05,0.167194,-0.873169
1.87874e-06,7.11308e-05,0.173752,-0.870604
1.85909e-06,7.1146e-05,0.180302,-0.867992
1.83948e-06,7.11611e-05,0.186841,-0.865331
1.81989e-06,7.11761e-05,0.19337,-0.862622
1.80034e-06,7.11909e-05,0.199888,-0.859865
1.78082e-06,7.12055e-05,0.206395,-0.857059
1.76133e-06,7.12201e-05,0.21289,-0.854204
1.74188e-06,7.12344e-05,0.219373,-0.851302
1.72247e-06,7.12487e-05,0.225843,-0.84835
1.7031e-06,7.12628e-05,0.232301,-0.845351
1.68377e-06,7.12767e-05,0.238745,-0.842302
1.66447e-06,7.12905e-05,0.245175,-0.839205
1.64523e-06,7.13042e-05,0.251592,-0.83606
1.62602e-06,7.13177e-05,0.257993,-0.832865
1.60686e-06,7.1331e-05,0.26438,-0.829623
1.58775e-06,7.13442e-05,0.270751,-0.826331
1.56868e-06,7.13573e-05,0.277106,-0.822991
1.54967e-06,7.13702e-05,0.283445,-0.819602
1.5307e-06,7.1383e-05,0.289767,-0.816165
1.51179e-06,7.13956e-05,0.296071,-0.812679
1.49293e-06,7.14081e-05,0.302358,-0.809144
1.47412e-06,7.14204e-05,0.308627,-0.805561
1.45537e-06,7.14326e-05,0.314877,-0.801929
1.43667e-06,7.14447e-05,0.321108,-0.798249
1.41804e-06,7.14566e-05,0.32732,-0.79452
1.39946e-06,7.14683e-05,0.333512,-0.790743
1.38095e-06,7.14799e-05,0.339683,-0.786917
1.3625e-06,7.14914e-05,0.345834,-0.783043
1.34411e-06,7.15027e-05,0.351963,-0.779121
1.32579e-06,7.15139e-05,0.35807,-0.775151
1.30753e-06,7.15249e-05,0.364155,-0.771132
1.28935e-06,7.15358e-05,0.370218,-0.767066
1.27123e-06,7.15465e-05,0.376257,-0.762951
1.25318e-06,7.15571e-05,0.382272,-0.758788
1.23521e-06,7.15676e-05,0.388264,-0.754578
1.21731e-06,7.15779e-05,0.394231,-0.75032
1.19948e-06,7.15881e-05,0.400173,-0.746014
1.18173e-06,7.15981e-05,0.406089,-0.741661
1.16406e-06,7.1608e-05,0.411979,-0.73726
1.14647e-06,7.16177e-05,0.417843,-0.732812
1.12896e-06,7.16273e-05,0.423681,-0.728316
1.11153e-06,7.16368e-05,0.42949,-0.723774
1.09418e-06,7.16461e-05,0.435272,-0.719185
1.07692e-06,7.16553e-05,0.441026,-0.714549
1.05975e-06,7.16643e-05,0.44675,-0.709866
1.04266e-06,7.16732e-05,0.452446,-0.705137
1.02566e-06,7.1682e-05,0.458112,-0.700361
1.00876e-06,7.16906e-05,0.463747,-0.695539
9.91943e-07,7.16991e-05,0.469352,-0.690672
9.75222e-07,7.17074e-05,0.474926,-0.685758
9.58595e-07,7.17156e-05,0.480468,-0.680799
9.42065e-07,7.17237e-05,0.485978,-0.675794
9.25633e-07,7.17316e-05,0.491456,-0.670744
9.09299e-07,7.17394e-05,0.4969,-0.665649
8.93066e-07,7.17471e-05,0.502311,-0.660509
8.76935e-07,7.17546e-05,0.507688,-0.655325
8.60907e-07,7.1762e-05,0.513031,-0.650096
8.44984e-07,7.17693e-05,0.518339,-0.644823
8.29167e-07,7.17764e-05,0.523611,-0.639506
8.13457e-07,7.17834e-05,0.528848,-0.634145
7.97856e-07,7.17903e-05,0.534048,-0.62874
7.82365e-07,7.17971e-05,0.539212,-0.623292
7.66986e-07,7.18037e-05,0.544338,-0.617802
7.5172e-07,7.18102e-05,0.549427,-0.612268
7.36568e-07,7.18165e-05,0.554477,-0.606693
7.21532e-07,7.18227e-05,0.559489,-0.601074
7.06613e-07,7.18289e-05,0.564462,-0.595414
6.91812e-07,7.18348e-05,0.569396,-0.589713
6.77131e-07,7.18407e-05,0.57429,-0.58397
6.62571e-07,7.18464e-05,0.579143,-0.578186
6.48133e-07,7.1852e-05,0.583956,-0.572361
6.33819e-07,7.18575e-05,0.588727,-0.566496
6.1963e-07,7.18629e-05,0.593457,-0.560591
6.05568e-07,7.18681e-05,0.598144,-0.554646
5.91633e-07,7.18733e-05,0.602789,-0.548661
5.77827e-07,7.18783e-05,0.607391,-0.542638
5.64151e-07,7.18832e-05,0.61195,-0.536575
5.50606e-07,7.1888e-05,0.616465,-0.530475
5.37194e-07,7.18926e-05,0.620935,-0.524336
5.23916e-07,7.18972e-05,0.625361,-0.518159
5.10774e-07,7.19017e-05,0.629742,-0.511945
4.97767e-07,7.1906e-05,0.634078,-0.505695
4.84898e-07,7.19102e-05,0.638367,-0.499407
4.72168e-07,7.19143e-05,0.642611,-0.493084
4.59578e-07,7.19183e-05,0.646807,-0.486724
4.4713e-07,7.19222e-05,0.650957,-0.480329
4.34823e-07,7.1926e-05,0.655059,-0.473899
4.2266e-07,7.19297e-05,0.659113,-0.467435
4.10641e-07,7.19333e-05,0.66312,-0.460936
3.98769e-07,7.19368e-05,0.667077,-0.454404
3.87043e-07,7.19402e-05,0.670986,-0.447838
3.75465e-07,7.19435e-05,0.674845,-0.44124
3.64036e-07,7.19467e-05,0.678655,-0.434608
3.52757e-07,7.19498e-05,0.682414,-0.427945
3.41629e-07,7.19528e-05,0.686124,-0.42125
3.30653e-07,7.19557e-05,0.689782,-0.414525
3.19831e-07,7.19585e-05,0.69339,-0.407768
3.09163e-07,7.19612e-05,0.696946,-0.400981
2.9865e-07,7.19639e-05,0.70045,-0.394165
2.88293e-07,7.19664e-05,0.703902,-0.387319
2.78093e-07,7.19689e-05,0.707302,-0.380444
2.68051e-07,7.19712e-05,0.71065,-0.373541
2.58167e-07,7.19735e-05,0.713944,-0.36661
2.48444e-07,7.19757e-05,0.717185,-0.359652
2.38882e-07,7.19779e-05,0.720373,-0.352667
2.29481e-07,7.19799e-05,0.723506,-0.345655
2.20242e-07,7.19819e-05,0.726586,-0.338618
2.11167e-07,7.19838e-05,0.729611,-0.331555
2.02255e-07,7.19856e-05,0.732582,-0.324468
1.93509e-07,7.19874e-05,0.735497,-0.317356
1.84928e-07,7.19891e-05,0.738357,-0.31022
1.76513e-07,7.19907e-05,0.741162,-0.303061
1.68265e-07,7.19922e-05,0.743912,-0.295879
1.60185e-07,7.19937e-05,0.746605,-0.288675
1.52274e-07,7.19951e-05,0.749242,-0.28145
1.44531e-07,7.19964e-05,0.751823,-0.274203
1.36959e-07,7.19977e-05,0.754347,-0.266935
1.29556e-07,7.19989e-05,0.756815,-0.259647
1.22325e-07,7.20001e-05,0.759225,-0.25234
1.15265e-07,7.20012e-05,0.761578,-0.245014
1.08377e-07,7.20023e-05,0.763874,-0.237669
1.01662e-07,7.20033e-05,0.766113,-0.230307
9.51204e-08,7.20042e-05,0.768293,-0.222927
8.8752e-08,7.20051e-05,0.770416,-0.21553
8.25578e-08,7.20059e-05,0.772481,-0.208117
7.65381e-08,7.20067e-05,0.774487,-0.200689
7.06934e-08,7.20075e-05,0.776436,-0.193245
6.5024e-08,7.20082e-05,0.778325,-0.185786
5.95305e-08,7.20089e-05,0.780157,-0.178314
5.42131e-08,7.20095e-05,0.781929,-0.170828
4.90721e-08,7.20101e-05,0.783643,-0.16333
4.41079e-08,7.20107e-05,0.785297,-0.155819
3.93208e-08,7.20112e-05,0.786893,-0.148296
3.4711e-08,7.20117e-05,0.78843,-0.140762
3.02788e-08,7.20121e-05,0.789907,-0.133218
2.60245e-08,7.20125e-05,0.791325,-0.125664
2.19481e-08,7.20129e-05,0.792684,-0.1181
1.80499e-08,7.20133e-05,0.793983,-0.110527
1.43301e-08,7.20136e-05,0.795223,-0.102947
1.07888e-08,7.2014e-05,0.796404,-0.095358
7.42611e-09,7.20143e-05,0.797525,-0.0877622
4.24208e-09,7.20145e-05,0.798586,-0.0801599
1.2368e-09,7.20148e-05,0.799588,-0.0725517
-1.58967e-09,7.2015e-05,0.80053,-0.064938
-4.23732e-09,7.20153e-05,0.801412,-0.0573194
-6.70615e-09,7.20155e-05,0.802235,-0.0496966
-8.99618e-09,7.20157e-05,0.802999,-0.0420701
-1.11074e-08,7.20159e-05,0.803702,-0.0344405
-1.304e-08,7.20161e-05,0.804347,-0.0268083
-1.4794e-08,7.20163e-05,0.804931,-0.0191741
-1.63695e-08,7.20164e-05,0.805456,-0.0115385
-1.77666e-08,7.20166e-05,0.805922,-0.00390209
-1.89855e-08,7.20168e-05,0.806329,0.00373466
-2.00264e-08,7.2017e-05,0.806675,0.0113711
-2.08895e-08,7.20171e-05,0.806963,0.0190068
-2.15749e-08,7.20173e-05,0.807192,0.026641
-2.20829e-08,7.20175e-05,0.807361,0.0342734
-2.24139e-08,7.20177e-05,0.807471,0.0419032
-2.25679e-08,7.20179e-05,0.807523,0.0495299
-2.25455e-08,7.20181e-05,0.807515,0.0571531
-2.23468e-08,7.20184e-05,0.807449,0.0647721
-2.19722e-08,7.20186e-05,0.807324,0.0723864
-2.14221e-08,7.20189e-05,0.807141,0.0799954
-2.06969e-08,7.20191e-05,0.806899,0.0875987
-1.97969e-08,7.20194e-05,0.806599,0.0951957
-1.87226e-08,7.20198e-05,0.806241,0.102786
-1.74743e-08,7.20201e-05,0.805825,0.110369
-1.60527e-08,7.20205e-05,0.805351,0.117943
-1.44581e-08,7.20208e-05,0.804819,0.12551
-1.2691e-08,7.20213e-05,0.80423,0.133067
-1.0752e-08,7.20217e-05,0.803584,0.140615
-8.64155e-09,7.20222e-05,0.802881,0.148153
-6.36022e-09,7.20227e-05,0.80212,0.15568
-3.90858e-09,7.20232e-05,0.801303,0.163197
-1.2872e-09,7.20238e-05,0.800429,0.170702
1.5033e-09,7.20244e-05,0.799499,0.178195
4.46233e-09,7.2025e-05,0.798513,0.185675
7.58925e-09,7.20257e-05,0.79747,0.193142
1.08834e-08,7.20264e-05,0.796372,0.200596
1.43441e-08,7.20272e-05,0.795219,0.208036
1.79708e-08,7.2028e-05,0.79401,0.215462
2.17626e-08,7.20289e-05,0.792746,0.222872
2.57189e-08,7.20298e-05,0.791427,0.230267
2.9839e-08,7.20307e-05,0.790054,0.237646
3.41222e-08,7.20317e-05,0.788626,0.245009
3.85676e-08,7.20328e-05,0.787144,0.252355
4.31745e-08,7.20339e-05,0.785609,0.259684
4.79421e-08,7.2035e-05,0.784019,0.266995
5.28697e-08,7.20362e-05,0.782377,0.274288
5.79565e-08,7.20375e-05,0.780681,0.281562
6.32015e-08,7.20388e-05,0.778933,0.288818
6.8604e-08,7.20402e-05,0.777132,0.296054
7.41632e-08,7.20416e-05,0.775279,0.30327
7.98781e-08,7.20431e-05,0.773374,0.310465
8.5748e-08,7.20447e-05,0.771417,0.31764
9.17719e-08,7.20463e-05,0.769409,0.324794
9.79489e-08,7.2048e-05,0.76735,0.331926
1.04278e-07,7.20498e-05,0.765241,0.339037
1.10759e-07,7.20516e-05,0.76308,0.346125
1.1739e-07,7.20535e-05,0.76087,0.35319
1.2417e-07,7.20554e-05,0.75861,0.360232
1.31099e-07,7.20575e-05,0.7563,0.367251
1.38176e-07,7.20596e-05,0.753941,0.374245
1.45399e-07,7.20617e-05,0.751534,0.381216
1.52768e-07,7.2064e-05,0.749077,0.388162
1.60282e-07,7.20663e-05,0.746573,0.395082
1.67939e-07,7.20687e-05,0.74402,0.401978
1.7574e-07,7.20712e-05,0.74142,0.408848
1.83681e-07,7.20737e-05,0.738773,0.415691
1.91764e-07,7.20764e-05,0.736079,0.422509
1.99986e-07,7.20791e-05,0.733338,0.429299
2.08347e-07,7.20819e-05,0.730551,0.436063
2.16845e-07,7.20848e-05,0.727718,0.442799
2.25481e-07,7.20877e-05,0.72484,0.449508
2.34251e-07,7.20908e-05,0.721916,0.456188
2.43157e-07,7.20939e-05,0.718948,0.46284
2.52195e-07,7.20971e-05,0.715935,0.469464
2.61366e-07,7.21004e-05,0.712878,0.476059
2.70669e-07,7.21038e-05,0.709777,0.482624
2.80102e-07,7.21073e-05,0.706633,0.48916
2.89664e-07,7.21108e-05,0.703445,0.495666
2.99354e-07,7.21145e-05,0.700215,0.502142
3.09171e-07,7.21183e-05,0.696943,0.508587
3.19115e-07,7.21221e-05,0.693628,0.515002
3.29183e-07,7.2126e-05,0.690272,0.521386
3.39375e-07,7.21301e-05,0.686875,0.527739
3.49689e-07,7.21342e-05,0.683437,0.53406
3.60126e-07,7.21384e-05,0.679958,0.54035
3.70683e-07,7.21427e-05,0.676439,0.546608
3.81359e-07,7.21471e-05,0.67288,0.552833
3.92154e-07,7.21516e-05,0.669282,0.559026
4.03066e-07,7.21562e-05,0.665645,0.565187
4.14094e-07,7.21609e-05,0.661969,0.571315
4.25237e-07,7.21657e-05,0.658254,0.577409
4.36494e-07,7.21706e-05,0.654502,0.583471
4.47863e-07,7.21756e-05,0.650712,0.589498
4.59345e-07,7.21807e-05,0.646885,0.595492
4.70937e-07,7.21859e-05,0.643021,0.601453
4.82638e-07,7.21912e-05,0.639121,0.607379
4.94448e-07,7.21967e-05,0.635184,0.61327
5.06365e-07,7.22022e-05,0.631212,0.619127
5.18388e-07,7.22078e-05,0.627204,0.62495
5.30517e-07,7.22135e-05,0.623161,0.630738
5.42749e-07,7.22193e-05,0.619084,0.63649
5.55084e-07,7.22253e-05,0.614972,0.642207
5.6752e-07,7.22313e-05,0.610827,0.647889
5.80058e-07,7.22375e-05,0.606647,0.653536
5.92694e-07,7.22437e-05,0.602435,0.659146
6.05429e-07,7.22501e-05,0.59819,0.664721
6.18262e-07,7.22566e-05,0.593913,0.67026
6.3119e-07,7.22631e-05,0.589603,0.675763
6.44214e-07,7.22698e-05,0.585262,0.681229
6.57331e-07,7.22766e-05,0.58089,0.686659
6.70541e-07,7.22835e-05,0.576486,0.692052
6.83844e-07,7.22905e-05,0.572052,0.697409
6.97236e-07,7.22977e-05,0.567588,0.702728
7.10719e-07,7.23049e-05,0.563094,0.708011
7.24289e-07,7.23122e-05,0.55857,0.713257
7.37947e-07,7.23197e-05,0.554018,0.718465
7.51692e-07,7.23273e-05,0.549436,0.723637
7.65522e-07,7.2335e-05,0.544826,0.72877
7.79435e-07,7.23428e-05,0.540188,0.733867
7.93432e-07,7.23507e-05,0.535523,0.738925
8.07511e-07,7.23587e-05,0.53083,0.743946
8.21671e-07,7.23668e-05,0.52611,0.748929
8.35911e-07,7.23751e-05,0.521363,0.753875
8.50229e-07,7.23834e-05,0.51659,0.758782
8.64625e-07,7.23919e-05,0.511792,0.763651
8.79098e-07,7.24005e-05,0.506967,0.768482
8.93646e-07,7.24092e-05,0.502118,0.773275
9.08269e-07,7.2418e-05,0.497244,0.77803
9.22966e-07,7.2427e-05,0.492345,0.782746
9.37735e-07,7.2436e-05,0.487422,0.787424
9.52575e-07,7.24452e-05,0.482475,0.792063
9.67486e-07,7.24545e-05,0.477505,0.796664
9.82467e-07,7.24639e-05,0.472511,0.801227
9.97515e-07,7.24734e-05,0.467495,0.80575
1.01263e-06,7.2483e-05,0.462456,0.810235
1.02781e-06,7.24928e-05,0.457396,0.814681
1.04306e-06,7.25026e-05,0.452313,0.819089
1.05837e-06,7.25126e-05,0.447209,0.823458
1.07375e-06,7.25227e-05,0.442084,0.827787
1.08919e-06,7.25329e-05,0.436938,0.832078
1.10468e-06,7.25433e-05,0.431772,0.83633
1.12024e-06,7.25537e-05,0.426585,0.840543
1.13586e-06,7.25643e-05,0.421379,0.844718
1.15154e-06,7.2575e-05,0.416154,0.848853
1.16727e-06,7.25857e-05,0.410909,0.852949
1.18306e-06,7.25967e-05,0.405645,0.857006
1.19891e-06,7.26077e-05,0.400363,0.861024
1.21481e-06,7.26188e-05,0.395063,0.865003
1.23076e-06,7.26301e-05,0.389745,0.868943
1.24677e-06,7.26415e-05,0.38441,0.872844
1.26283e-06,7.2653e-05,0.379057,0.876705
1.27894e-06,7.26646e-05,0.373687,0.880528
1.2951e-06,7.26763e-05,0.368301,0.884312
1.3113e-06,7.26882e-05,0.362898,0.888056
1.32756e-06,7.27002e-05,0.35748,0.891762
1.34386e-06,7.27123e-05,0.352046,0.895428
1.36021e-06,7.27245e-05,0.346596,0.899055
1.3766e-06,7.27368e-05,0.341132,0.902644
1.39304e-06,7.27492e-05,0.335652,0.906193
1.40952e-06,7.27618e-05,0.330159,0.909703
1.42605e-06,7.27744e-05,0.324651,0.913174
1.44261e-06,7.27872e-05,0.319129,0.916607
1.45922e-06,7.28001e-05,0.313594,0.92
1.47587e-06,7.28132e-05,0.308045,0.923354
1.49255e-06,7.28263e-05,0.302483,0.92667
1.50927e-06,7.28396e-05,0.296909,0.929946
1.52603e-06,7.28529e-05,0.291322,0.933184
1.54283e-06,7.28664e-05,0.285723,0.936383
1.55966e-06,7.288e-05,0.280113,0.939543
1.57653e-06,7.28937e-05,0.274491,0.942664
1.59343e-06,7.29076e-05,0.268857,0.945747
1.61036e-06,7.29215e-05,0.263213,0.948791
1.62733e-06,7.29356e-05,0.257557,0.951796
1.64432e-06,7.29498e-05,0.251892,0.954762
1.66135e-06,7.29641e-05,0.246216,0.957691
1.67841e-06,7.29785e-05,0.24053,0.96058
1.6955e-06,7.2993e-05,0.234835,0.963431
1.71261e-06,7.30077e-05,0.22913,0.966244
1.72975e-06,7.30225e-05,0.223416,0.969018
1.74692e-06,7.30373e-05,0.217693,0.971754
1.76411e-06,7.30523e-05,0.211962,0.974452
1.78133e-06,7.30674e-05,0.206223,0.977111
1.79858e-06,7.30827e-05,0.200475,0.979733
1.81584e-06,7.3098e-05,0.19472,0.982316
1.83313e-06,7.31134e-05,0.188957,0.984861
1.85044e-06,7.3129e-05,0.183186,0.987368
1.86777e-06,7.31447e-05,0.177409,0.989837
1.88513e-06,7.31605e-05,0.171625,0.992269
1.9025e-06,7.31764e-05,0.165834,0.994662
1.91989e-06,7.31924e-05,0.160037,0.997018
1.9373e-06,7.32085e-05,0.154234,0.999336
1.95472e-06,7.32248e-05,0.148426,1.00162
1.97217e-06,7.32411e-05,0.142611,1.00386
1.98963e-06,7.32576e-05,0.136792,1.00607
2.0071e-06,7.32742e-05,0.130967,1.00823
2.02459e-06,7.32909e-05,0.125137,1.01036
2.04209e-06,7.33077e-05,0.119303,1.01246
2.05961e-06,7.33246e-05,0.113465,1.01451
2.07713e-06,7.33416e-05,0.107622,1.01653
2.09467e-06,7.33588e-05,0.101775,1.01852
2.11223e-06,7.3376e-05,0.0959247,1.02046
2.12979e-06,7.33934e-05,0.0900709,1.02237
2.14736e-06,7.34109e-05,0.0842138,1.02424
2.16494e-06,7.34284e-05,0.0783537,1.02608
2.18253e-06,7.34461e-05,0.0724909,1.02787
2.20012e-06,7.34639e-05,0.0666254,1.02963
2.21773e-06,7.34818e-05,0.0607575,1.03136
2.23534e-06,7.34999e-05,0.0548876,1.03305
2.25295e-06,7.3518e-05,0.0490157,1.0347
2.27057e-06,7.35362e-05,0.043142,1.03632
2.2882e-06,7.35546e-05,0.0372669,1.0379
2.30583e-06,7.3573e-05,0.0313905,1.03944
2.32346e-06,7.35916e-05,0.025513,1.04095
2.3411e-06,7.36103e-05,0.0196346,1.04242
2.35873e-06,7.3629e-05,0.0137555,1.04386
2.37637e-06,7.36479e-05,0.00787596,1.04526
2.39401e-06,7.36669e-05,0.00199615,1.04662
2.41165e-06,7.3686e-05,-0.00388373,1.04795
2.42929e-06,7.37052e-05,-0.00976347,1.04924
2.44693e-06,7.37245e-05,-0.0156429,1.0505
2.46457e-06,7.37439e-05,-0.0215218,1.05173
2.4822e-06,7.37635e-05,-0.0273999,1.05291
2.49983e-06,7.37831e-05,-0.0332772,1.05407
2.51746e-06,7.38028e-05,-0.0391534,1.05518
2.53508e-06,7.38227e-05,-0.0450282,1.05627
2.5527e-06,7.38426e-05,-0.0509016,1.05731
2.57032e-06,7.38627e-05,-0.0567733,1.05833
2.58793e-06,7.38828e-05,-0.0626431,1.05931
2.60553e-06,7.39031e-05,-0.0685109,1.06025
2.62313e-06,7.39234e-05,-0.0743765,1.06116
2.64072e-06,7.39439e-05,-0.0802396,1.06203
2.6583e-06,7.39644e-05,-0.0861002,1.06288
2.67587e-06,7.39851e-05,-0.091958,1.06368
2.69344e-06,7.40059e-05,-0.0978129,1.06446
2.71099e-06,7.40267e-05,-0.103665,1.06519
2.72854e-06,7.40477e-05,-0.109513,1.0659
2.74607e-06,7.40688e-05,-0.115358,1.06657
2.7636e-06,7.409e-05,-0.121199,1.06721
2.78111e-06,7.41112e-05,-0.127037,1.06781
2.79861e-06,7.41326e-05,-0.13287,1.06838
2.8161e-06,7.41541e-05,-0.1387,1.06892
2.83357e-06,7.41757e-05,-0.144525,1.06942
2.85104e-06,7.41973e-05,-0.150345,1.06989
2.86848e-06,7.42191e-05,-0.156161,1.07033
2.88592e-06,7.4241e-05,-0.161973,1.07074
2.90334e-06,7.42629e-05,-0.167779,1.07111
2.92074e-06,7.4285e-05,-0.17358,1.07145
2.93813e-06,7.43072e-05,-0.179375,1.07175
2.9555e-06,7.43294e-05,-0.185166,1.07203
2.97285e-06,7.43518e-05,-0.19095,1.07227
2.99019e-06,7.43743e-05,-0.196729,1.07248
3.00751e-06,7.43968e-05,-0.202502,1.07265
3.02481e-06,7.44195e-05,-0.208269,1.0728
3.04209e-06,7.44422e-05,-0.21403,1.07291
3.05935e-06,7.44651e-05,-0.219784,1.07299
3.0766e-06,7.4488e-05,-0.225532,1.07304
3.09382e-06,7.4511e-05,-0.231273,1.07306
3.11102e-06,7.45342e-05,-0.237008,1.07304
3.1282e-06,7.45574e-05,-0.242735,1.073
3.14537e-06,7.45807e-05,-0.248455,1.07292
3.1625e-06,7.46041e-05,-0.254168,1.07281
3.17962e-06,7.46276e-05,-0.259874,1.07267
3.19672e-06,7.46512e-05,-0.265572,1.0725
3.21379e-06,7.46749e-05,-0.271262,1.0723
3.23083e-06,7.46987e-05,-0.276945,1.07206
3.24786e-06,7.47226e-05,-0.282619,1.0718
3.26486e-06,7.47466e-05,-0.288286,1.0715
3.28183e-06,7.47706e-05,-0.293944,1.07118
3.29878e-06,7.47948e-05,-0.299594,1.07082
3.31571e-06,7.4819e-05,-0.305235,1.07044
3.3326e-06,7.48434e-05,-0.310868,1.07002
3.34948e-06,7.48678e-05,-0.316492,1.06957
3.36632e-06,7.48923e-05,-0.322107,1.0691
3.38314e-06,7.49169e-05,-0.327713,1.06859
3.39993e-06,7.49416e-05,-0.33331,1.06805
3.41669e-06,7.49664e-05,-0.338898,1.06749
3.43343e-06,7.49913e-05,-0.344476,1.06689
3.45013e-06,7.50162e-05,-0.350044,1.06626
3.46681e-06,7.50413e-05,-0.355603,1.06561
3.48346e-06,7.50664e-05,-0.361153,1.06493
3.50008e-06,7.50916e-05,-0.366692,1.06421
3.51666e-06,7.5117e-05,-0.372221,1.06347
3.53322e-06,7.51424e-05,-0.37774,1.0627
3.54975e-06,7.51678e-05,-0.383249,1.0619
3.56624e-06,7.51934e-05,-0.388748,1.06107
3.58271e-06,7.52191e-05,-0.394236,1.06021
3.59914e-06,7.52448e-05,-0.399713,1.05932
3.61554e-06,7.52707e-05,-0.405179,1.05841
3.63191e-06,7.52966e-05,-0.410635,1.05746
3.64824e-06,7.53226e-05,-0.41608,1.05649
3.66454e-06,7.53487e-05,-0.421514,1.05549
3.68081e-06,7.53748e-05,-0.426936,1.05447
3.69704e-06,7.54011e-05,-0.432347,1.05341
3.71324e-06,7.54274e-05,-0.437747,1.05233
3.7294e-06,7.54538e-05,-0.443135,1.05121
3.74553e-06,7.54803e-05,-0.448511,1.05008
3.76163e-06,7.55069e-05,-0.453876,1.04891
3.77769e-06,7.55336e-05,-0.459229,1.04771
3.79371e-06,7.55603e-05,-0.46457,1.04649
3.8097e-06,7.55872e-05,-0.469898,1.04524
3.82565e-06,7.56141e-05,-0.475215,1.04397
3.84156e-06,7.56411e-05,-0.480519,1.04267
3.85743e-06,7.56682e-05,-0.485811,1.04134
3.87327e-06,7.56953e-05,-0.491091,1.03998
3.88907e-06,7.57225e-05,-0.496357,1.0386
3.90483e-06,7.57499e-05,-0.501612,1.03719
3.92056e-06,7.57773e-05,-0.506853,1.03575
3.93624e-06,7.58047e-05,-0.512081,1.03429
3.95189e-06,7.58323e-05,-0.517297,1.0328
3.9675e-06,7.58599e-05,-0.522499,1.03128
3.98306e-06,7.58876e-05,-0.527688,1.02974
3.99859e-06,7.59154e-05,-0.532864,1.02818
4.01408e-06,7.59433e-05,-0.538026,1.02658
4.02952e-06,7.59712e-05,-0.543175,1.02496
4.04493e-06,7.59992e-05,-0.54831,1.02332
4.0603e-06,7.60273e-05,-0.553432,1.02165
4.07562e-06,7.60555e-05,-0.55854,1.01996
4.0909e-06,7.60837e-05,-0.563634,1.01824
4.10614e-06,7.61121e-05,-0.568714,1.01649
4.12134e-06,7.61405e-05,-0.57378,1.01472
4.13649e-06,7.61689e-05,-0.578831,1.01292
4.15161e-06,7.61975e-05,-0.583869,1.0111
4.16668e-06,7.62261e-05,-0.588892,1.00926
4.1817e-06,7.62548e-05,-0.593901,1.00739
4.19669e-06,7.62836e-05,-0.598895,1.00549
4.21162e-06,7.63124e-05,-0.603875,1.00357
4.22652e-06,7.63413e-05,-0.60884,1.00163
4.24137e-06,7.63703e-05,-0.61379,0.99966
4.25618e-06,7.63994e-05,-0.618726,0.997668
4.27094e-06,7.64285e-05,-0.623646,0.995651
4.28565e-06,7.64577e-05,-0.628552,0.993611
4.30033e-06,7.6487e-05,-0.633442,0.991547
4.31495e-06,7.65164e-05,-0.638317,0.989459
4.32953e-06,7.65458e-05,-0.643177,0.987347
4.34406e-06,7.65753e-05,-0.648022,0.985212
4.35855e-06,7.66048e-05,-0.652851,0.983053
4.37299e-06,7.66345e-05,-0.657664,0.980871
4.38739e-06,7.66642e-05,-0.662462,0.978666
4.40173e-06,7.66939e-05,-0.667245,0.976437
4.41603e-06,7.67238e-05,-0.672011,0.974186
4.43029e-06,7.67537e-05,-0.676762,0.971911
4.44449e-06,7.67837e-05,-0.681497,0.969614
4.45865e-06,7.68137e-05,-0.686215,0.967294
4.47275e-06,7.68438e-05,-0.690918,0.964951
4.48681e-06,7.6874e-05,-0.695605,0.962586
4.50083e-06,7.69043e-05,-0.700275,0.960198
4.51479e-06,7.69346e-05,-0.704929,0.957788
4.5287e-06,7.6965e-05,-0.709567,0.955355
4.54256e-06,7.69954e-05,-0.714188,0.952901
4.55638e-06,7.70259e-05,-0.718793,0.950424
4.57014e-06,7.70565e-05,-0.723381,0.947926
4.58386e-06,7.70872e-05,-0.727952,0.945406
4.59752e-06,7.71179e-05,-0.732507,0.942864
4.61113e-06,7.71486e-05,-0.737045,0.9403
4.6247e-06,7.71795e-05,-0.741566,0.937715
4.63821e-06,7.72104e-05,-0.74607,0.935108
4.65167e-06,7.72414e-05,-0.750557,0.93248
4.66508e-06,7.72724e-05,-0.755027,0.929831
4.67844e-06,7.73035e-05,-0.75948,0.92716
4.69175e-06,7.73347e-05,-0.763915,0.924469
4.705e-06,7.73659e-05,-0.768333,0.921756
4.7182e-06,7.73972e-05,-0.772734,0.919023
4.73135e-06,7.74285e-05,-0.777118,0.916269
4.74445e-06,7.74599e-05,-0.781483,0.913494
4.7575e-06,7.74914e-05,-0.785832,0.910699
4.77049e-06,7.75229e-05,-0.790162,0.907884
4.78343e-06,7.75545e-05,-0.794475,0.905048
4.79631e-06,7.75862e-05,-0.79877,0.902191
4.80914e-06,7.76179e-05,-0.803048,0.899315
4.82192e-06,7.76497e-05,-0.807307,0.896419
4.83465e-06,7.76815e-05,-0.811549,0.893502
4.84732e-06,7.77134e-05,-0.815772,0.890566
4.85993e-06,7.77453e-05,-0.819977,0.88761
4.87249e-06,7.77774e-05,-0.824164,0.884634
4.885e-06,7.78094e-05,-0.828333,0.881639
4.89745e-06,7.78416e-05,-0.832484,0.878625
4.90985e-06,7.78738e-05,-0.836616,0.87559
4.92219e-06,7.7906e-05,-0.84073,0.872537
4.93448e-06,7.79383e-05,-0.844826,0.869465
4.94671e-06,7.79707e-05,-0.848902,0.866373
4.95888e-06,7.80031e-05,-0.852961,0.863263
4.971e-06,7.80356e-05,-0.857,0.860133
4.98306e-06,7.80681e-05,-0.861021,0.856985
4.99507e-06,7.81007e-05,-0.865023,0.853818
5.00702e-06,7.81333e-05,-0.869007,0.850633
5.01891e-06,7.8166e-05,-0.872971,0.847429
5.03075e-06,7.81988e-05,-0.876917,0.844207
5.04253e-06,7.82316e-05,-0.880843,0.840966
5.05425e-06,7.82644e-05,-0.88475,0.837707
5.06592e-06,7.82973e-05,-0.888639,0.83443
5.07752e-06,7.83303e-05,-0.892508,0.831135
5.08907e-06,7.83633e-05,-0.896358,0.827823
5.10057e-06,7.83964e-05,-0.900188,0.824492
5.112e-06,7.84296e-05,-0.904,0.821144
5.12337e-06,7.84627e-05,-0.907791,0.817778
5.13469e-06,7.8496e-05,-0.911564,0.814394
5.14595e-06,7.85293e-05,-0.915317,0.810993
5.15715e-06,7.85626e-05,-0.91905,0.807575
5.16829e-06,7.8596e-05,-0.922764,0.80414
5.17937e-06,7.86294e-05,-0.926458,0.800687
5.1904e-06,7.86629e-05,-0.930132,0.797217
5.20136e-06,7.86965e-05,-0.933787,0.793731
5.21226e-06,7.87301e-05,-0.937421,0.790227
5.22311e-06,7.87637e-05,-0.941036,0.786707
5.23389e-06,7.87974e-05,-0.944631,0.78317
5.24462e-06,7.88312e-05,-0.948206,0.779617
5.25528e-06,7.8865e-05,-0.951761,0.776047
5.26589e-06,7.88988e-05,-0.955295,0.77246
5.27643e-06,7.89327e-05,-0.95881,0.768858
5.28691e-06,7.89666e-05,-0.962305,0.765239
5.29734e-06,7.90006e-05,-0.965779,0.761604
5.3077e-06,7.90347e-05,-0.969233,0.757953
5.318e-06,7.90688e-05,-0.972666,0.754286
5.32824e-06,7.91029e-05,-0.976079,0.750604
5.33842e-06,7.91371e-05,-0.979472,0.746905
5.34853e-06,7.91713e-05,-0.982844,0.743191
5.35859e-06,7.92056e-05,-0.986196,0.739462
5.36858e-06,7.92399e-05,-0.989527,0.735717
5.37851e-06,7.92743e-05,-0.992837,0.731957
5.38838e-06,7.93087e-05,-0.996127,0.728181
5.39819e-06,7.93431e-05,-0.999396,0.724391
5.40793e-06,7.93776e-05,-1.00264,0.720585
5.41762e-06,7.94122e-05,-1.00587,0.716764
5.42724e-06,7.94468e-05,-1.00908,0.712929
5.43679e-06,7.94814e-05,-1.01226,0.709078
5.44629e-06,7.95161e-05,-1.01543,0.705213
5.45572e-06,7.95508e-05,-1.01857,0.701334
5.46509e-06,7.95856e-05,-1.0217,0.69744
5.47439e-06,7.96204e-05,-1.0248,0.693531
5.48363e-06,7.96553e-05,-1.02788,0.689608
5.49281e-06,7.96901e-05,-1.03094,0.685671
5.50192e-06,7.97251e-05,-1.03397,0.68172
5.51097e-06,7.97601e-05,-1.03699,0.677755
5.51996e-06,7.97951e-05,-1.03999,0.673776
5.52888e-06,7.98302e-05,-1.04296,0.669783
5.53774e-06,7.98653e-05,-1.04591,0.665776
5.54653e-06,7.99004e-05,-1.04884,0.661756
5.55526e-06,7.99356e-05,-1.05175,0.657722
5.56392e-06,7.99708e-05,-1.05464,0.653674
5.57252e-06,8.00061e-05,-1.05751,0.649614
5.58106e-06,8.00414e-05,-1.06035,0.64554
5.58953e-06,8.00767e-05,-1.06318,0.641452
5.59793e-06,8.01121e-05,-1.06598,0.637352
5.60627e-06,8.01476e-05,-1.06876,0.633239
5.61455e-06,8.0183e-05,-1.07152,0.629112
5.62275e-06,8.02185e-05,-1.07425,0.624973
5.6309e-06,8.02541e-05,-1.07697,0.620821
5.63897e-06,8.02897e-05,-1.07966,0.616657
5.64698e-06,8.03253e-05,-1.08233,0.61248
5.65493e-06,8.03609e-05,-1.08498,0.60829
5.66281e-06,8.03966e-05,-1.0876,0.604089
5.67062e-06,8.04323e-05,-1.09021,0.599875
5.67837e-06,8.04681e-05,-1.09279,0.595648
5.68605e-06,8.05039e-05,-1.09535,0.59141
5.69366e-06,8.05397e-05,-1.09789,0.58716
5.7012e-06,8.05756e-05,-1.1004,0.582897
5.70868e-06,8.06115e-05,-1.10289,0.578623
5.7161e-06,8.06475e-05,-1.10537,0.574338
5.72344e-06,8.06834e-05,-1.10781,0.57004
5.73072e-06,8.07195e-05,-1.11024,0.565732
5.73793e-06,8.07555e-05,-1.11264,0.561411
5.74507e-06,8.07916e-05,-1.11502,0.55708
5.75215e-06,8.08277e-05,-1.11738,0.552737
5.75916e-06,8.08638e-05,-1.11972,0.548383
5.7661e-06,8.09e-05,-1.12203,0.544018
5.77297e-06,8.09362e-05,-1.12432,0.539641
5.77978e-06,8.09725e-05,-1.12659,0.535255
5.78651e-06,8.10088e-05,-1.12884,0.530857
5.79318e-06,8.10451e-05,-1.13106,0.526448
5.79978e-06,8.10814e-05,-1.13326,0.522029
5.80631e-06,8.11178e-05,-1.13544,0.5176
5.81277e-06,8.11542e-05,-1.13759,0.51316
5.81917e-06,8.11906e-05,-1.13972,0.50871
5.82549e-06,8.12271e-05,-1.14183,0.504249
5.83175e-06,8.12636e-05,-1.14392,0.499778
5.83794e-06,8.13001e-05,-1.14598,0.495298
5.84406e-06,8.13367e-05,-1.14802,0.490807
5.85011e-06,8.13733e-05,-1.15004,0.486307
5.85609e-06,8.14099e-05,-1.15203,0.481796
5.862e-06,8.14465e-05,-1.154,0.477276
5.86784e-06,8.14832e-05,-1.15595,0.472747
5.87361e-06,8.15199e-05,-1.15787,0.468208
5.87931e-06,8.15566e-05,-1.15977,0.463659
5.88494e-06,8.15934e-05,-1.16165,0.459102
5.8905e-06,8.16302e-05,-1.1635,0.454535
5.896e-06,8.1667e-05,-1.16533,0.449959
5.90142e-06,8.17039e-05,-1.16714,0.445374
5.90677e-06,8.17407e-05,-1.16892,0.44078
5.91205e-06,8.17776e-05,-1.17068,0.436177
5.91726e-06,8.18145e-05,-1.17242,0.431565
5.9224e-06,8.18515e-05,-1.17413,0.426945
5.92747e-06,8.18885e-05,-1.17582,0.422316
5.93247e-06,8.19254e-05,-1.17749,0.417679
5.9374e-06,8.19625e-05,-1.17913,0.413033
5.94226e-06,8.19995e-05,-1.18075,0.408379
5.94704e-06,8.20366e-05,-1.18235,0.403717
5.95176e-06,8.20737e-05,-1.18392,0.399047
5.9564e-06,8.21108e-05,-1.18547,0.394369
5.96097e-06,8.2148e-05,-1.18699,0.389683
5.96547e-06,8.21851e-05,-1.18849,0.384989
5.9699e-06,8.22223e-05,-1.18997,0.380287
5.97426e-06,8.22595e-05,-1.19142,0.375578
5.97855e-06,8.22968e-05,-1.19285,0.370861
5.98276e-06,8.2334e-05,-1.19425,0.366137
5.9869e-06,8.23713e-05,-1.19563,0.361405
5.99097e-06,8.24086e-05,-1.19699,0.356667
5.99497e-06,8.24459e-05,-1.19832,0.351921
5.9989e-06,8.24833e-05,-1.19963,0.347168
6.00275e-06,8.25206e-05,-1.20092,0.342408
6.00654e-06,8.2558e-05,-1.20218,0.337641
6.01024e-06,8.25954e-05,-1.20341,0.332867
6.01388e-06,8.26329e-05,-1.20463,0.328087
6.01745e-06,8.26703e-05,-1.20582,0.3233
6.02094e-06,8.27078e-05,-1.20698,0.318506
6.02436e-06,8.27453e-05,-1.20812,0.313707
6.0277e-06,8.27828e-05,-1.20923,0.3089
6.03097e-06,8.28203e-05,-1.21032,0.304088
6.03417e-06,8.28578e-05,-1.21139,0.29927
6.0373e-06,8.28954e-05,-1.21243,0.294445
6.04035e-06,8.2933e-05,-1.21345,0.289615
6.04333e-06,8.29706e-05,-1.21444,0.284778
6.04624e-06,8.30082e-05,-1.21541,0.279936
6.04907e-06,8.30458e-05,-1.21636,0.275089
6.05183e-06,8.30834e-05,-1.21728,0.270236
6.05452e-06,8.31211e-05,-1.21817,0.265377
6.05713e-06,8.31588e-05,-1.21904,0.260513
6.05967e-06,8.31965e-05,-1.21989,0.255644
6.06214e-06,8.32342e-05,-1.22071,0.250769
6.06453e-06,8.32719e-05,-1.22151,0.24589
6.06684e-06,8.33096e-05,-1.22228,0.241006
6.06908e-06,8.33474e-05,-1.22303,0.236116
6.07125e-06,8.33852e-05,-1.22375,0.231222
6.07335e-06,8.3423e-05,-1.22445,0.226323
6.07537e-06,8.34607e-05,-1.22512,0.22142
6.07731e-06,8.34986e-05,-1.22577,0.216512
6.07918e-06,8.35364e-05,-1.22639,0.2116
6.08098e-06,8.35742e-05,-1.22699,0.206684
6.0827e-06,8.36121e-05,-1.22757,0.201763
6.08434e-06,8.36499e-05,-1.22811,0.196838
6.08592e-06,8.36878e-05,-1.22864,0.191909
6.08741e-06,8.37257e-05,-1.22914,0.186977
6.08883e-06,8.37636e-05,-1.22961,0.18204
6.09018e-06,8.38015e-05,-1.23006,0.1771
6.09145e-06,8.38394e-05,-1.23048,0.172156
6.09265e-06,8.38773e-05,-1.23088,0.167209
6.09377e-06,8.39153e-05,-1.23126,0.162258
6.09481e-06,8.39532e-05,-1.2316,0.157304
6.09578e-06,8.39912e-05,-1.23193,0.152347
6.09668e-06,8.40291e-05,-1.23223,0.147387
6.09749e-06,8.40671e-05,-1.2325,0.142423
6.09824e-06,8.41051e-05,-1.23275,0.137457
6.0989e-06,8.41431e-05,-1.23297,0.132488
6.0995e-06,8.41811e-05,-1.23317,0.127516
6.10001e-06,8.42191e-05,-1.23334,0.122542
6.10045e-06,8.42571e-05,-1.23348,0.117565
6.10081e-06,8.42951e-05,-1.2336,0.112585
6.1011e-06,8.43332e-05,-1.2337,0.107604
6.10131e-06,8.43712e-05,-1.23377,0.10262
6.10145e-06,8.44093e-05,-1.23382,0.097634
6.1015e-06,8.44473e-05,-1.23383,0.092646
6.10149e-06,8.44854e-05,-1.23383,0.0876561
6.10139e-06,8.45234e-05,-1.2338,0.0826643
6.10122e-06,8.45615e-05,-1.23374,0.0776709
6.10097e-06,8.45996e-05,-1.23366,0.0726759
6.10065e-06,8.46376e-05,-1.23355,0.0676794
6.10025e-06,8.46757e-05,-1.23342,0.0626814
6.09977e-06,8.47138e-05,-1.23326,0.0576822
6.09922e-06,8.47519e-05,-1.23307,0.0526818
6.09858e-06,8.479e-05,-1.23286,0.0476803
6.09788e-06,8.48281e-05,-1.23263,0.0426778
6.09709e-06,8.48662e-05,-1.23236,0.0376744
6.09623e-06,8.49043e-05,-1.23208,0.0326702
6.09529e-06,8.49424e-05,-1.23176,0.0276653
6.09427e-06,8.49805e-05,-1.23142,0.0226599
6.09318e-06,8.50186e-05,-1.23106,0.017654
6.092e-06,8.50567e-05,-1.23067,0.0126477
6.09075e-06,8.50948e-05,-1.23025,0.00764113
6.08943e-06,8.51329e-05,-1.22981,0.00263443
6.08802e-06,8.5171e-05,-1.22934,-0.00237233
6.08654e-06,8.52091e-05,-1.22885,-0.00737903
6.08498e-06,8.52472e-05,-1.22833,-0.0123856
6.08335e-06,8.52853e-05,-1.22778,-0.0173919
6.08163e-06,8.53234e-05,-1.22721,-0.0223978
6.07984e-06,8.53615e-05,-1.22661,-0.0274032
6.07797e-06,8.53996e-05,-1.22599,-0.0324081
6.07602e-06,8.54377e-05,-1.22534,-0.0374122
6.07399e-06,8.54758e-05,-1.22466,-0.0424156
6.07189e-06,8.55139e-05,-1.22396,-0.0474181
6.0697e-06,8.5552e-05,-1.22323,-0.0524196
6.06744e-06,8.55901e-05,-1.22248,-0.0574199
6.0651e-06,8.56282e-05,-1.2217,-0.062419
6.06269e-06,8.56662e-05,-1.2209,-0.0674168
6.06019e-06,8.57043e-05,-1.22006,-0.0724131
6.05762e-06,8.57424e-05,-1.21921,-0.0774079
6.05497e-06,8.57805e-05,-1.21832,-0.082401
6.05223e-06,8.58185e-05,-1.21741,-0.0873924
6.04943e-06,8.58566e-05,-1.21648,-0.0923819
6.04654e-06,8.58946e-05,-1.21551,-0.0973694
6.04357e-06,8.59327e-05,-1.21452,-0.102355
6.04053e-06,8.59707e-05,-1.21351,-0.107338
6.0374e-06,8.60087e-05,-1.21247,-0.112319
6.0342e-06,8.60467e-05,-1.2114,-0.117297
6.03092e-06,8.60848e-05,-1.21031,-0.122273
6.02756e-06,8.61228e-05,-1.20919,-0.127246
6.02412e-06,8.61608e-05,-1.20804,-0.132217
6.0206e-06,8.61987e-05,-1.20687,-0.137184
6.017e-06,8.62367e-05,-1.20567,-0.142149
6.01333e-06,8.62747e-05,-1.20444,-0.14711
6.00957e-06,8.63127e-05,-1.20319,-0.152069
6.00574e-06,8.63506e-05,-1.20191,-0.157023
6.00183e-06,8.63885e-05,-1.20061,-0.161975
5.99783e-06,8.64265e-05,-1.19928,-0.166923
5.99376e-06,8.64644e-05,-1.19792,-0.171867
5.98961e-06,8.65023e-05,-1.19654,-0.176808
5.98538e-06,8.65402e-05,-1.19513,-0.181744
5.98107e-06,8.65781e-05,-1.19369,-0.186677
5.97668e-06,8.6616e-05,-1.19223,-0.191605
5.97222e-06,8.66538e-05,-1.19074,-0.196529
5.96767e-06,8.66917e-05,-1.18922,-0.201449
5.96304e-06,8.67295e-05,-1.18768,-0.206364
5.95833e-06,8.67673e-05,-1.18611,-0.211275
5.95355e-06,8.68051e-05,-1.18452,-0.216181
5.94868e-06,8.68429e-05,-1.18289,-0.221082
5.94374e-06,8.68807e-05,-1.18125,-0.225978
5.93871e-06,8.69184e-05,-1.17957,-0.230869
5.93361e-06,8.69562e-05,-1.17787,-0.235755
5.92843e-06,8.69939e-05,-1.17614,-0.240635
5.92316e-06,8.70316e-05,-1.17439,-0.24551
5.91782e-06,8.70693e-05,-1.17261,-0.25038
5.9124e-06,8.7107e-05,-1.1708,-0.255244
5.90689e-06,8.71446e-05,-1.16896,-0.260102
5.90131e-06,8.71823e-05,-1.1671,-0.264954
5.89565e-06,8.72199e-05,-1.16522,-0.2698
5.88991e-06,8.72575e-05,-1.1633,-0.27464
5.88409e-06,8.72951e-05,-1.16136,-0.279474
5.87818e-06,8.73327e-05,-1.15939,-0.284301
5.8722e-06,8.73702e-05,-1.1574,-0.289122
5.86614e-06,8.74077e-05,-1.15538,-0.293936
5.86e-06,8.74453e-05,-1.15333,-0.298743
5.85378e-06,8.74827e-05,-1.15126,-0.303544
5.84748e-06,8.75202e-05,-1.14916,-0.308337
5.8411e-06,8.75577e-05,-1.14703,-0.313123
5.83463e-06,8.75951e-05,-1.14488,-0.317902
5.82809e-06,8.76325e-05,-1.1427,-0.322674
5.82147e-06,8.76699e-05,-1.14049,-0.327438
5.81477e-06,8.77072e-05,-1.13826,-0.332194
5.80799e-06,8.77445e-05,-1.136,-0.336943
5.80113e-06,8.77819e-05,-1.13371,-0.341683
5.79419e-06,8.78191e-05,-1.1314,-0.346416
5.78717e-06,8.78564e-05,-1.12906,-0.35114
5.78006e-06,8.78936e-05,-1.12669,-0.355856
5.77288e-06,8.79308e-05,-1.12429,-0.360564
5.76562e-06,8.7968e-05,-1.12187,-0.365263
5.75828e-06,8.80052e-05,-1.11943,-0.369954
5.75086e-06,8.80423e-05,-1.11695,-0.374635
5.74336e-06,8.80794e-05,-1.11445,-0.379308
5.73578e-06,8.81165e-05,-1.11193,-0.383972
5.72812e-06,8.81535e-05,-1.10937,-0.388626
5.72037e-06,8.81906e-05,-1.10679,-0.393271
5.71255e-06,8.82276e-05,-1.10418,-0.397907
5.70465e-06,8.82645e-05,-1.10155,-0.402533
5.69667e-06,8.83015e-05,-1.09889,-0.407149
5.68861e-06,8.83384e-05,-1.0962,-0.411755
5.68047e-06,8.83752e-05,-1.09349,-0.416352
5.67225e-06,8.84121e-05,-1.09075,-0.420938
5.66394e-06,8.84489e-05,-1.08798,-0.425514
5.65556e-06,8.84857e-05,-1.08519,-0.430079
5.6471e-06,8.85224e-05,-1.08237,-0.434634
5.63856e-06,8.85591e-05,-1.07952,-0.439178
5.62994e-06,8.85958e-05,-1.07665,-0.443712
5.62124e-06,8.86325e-05,-1.07375,-0.448234
5.61246e-06,8.86691e-05,-1.07082,-0.452745
5.6036e-06,8.87057e-05,-1.06787,-0.457246
5.59466e-06,8.87422e-05,-1.06489,-0.461734
5.58564e-06,8.87788e-05,-1.06188,-0.466211
5.57654e-06,8.88152e-05,-1.05885,-0.470677
5.56736e-06,8.88517e-05,-1.05579,-0.47513
5.5581e-06,8.88881e-05,-1.0527,-0.479572
5.54876e-06,8.89245e-05,-1.04959,-0.484002
5.53934e-06,8.89608e-05,-1.04645,-0.488419
5.52985e-06,8.89971e-05,-1.04328,-0.492824
5.52027e-06,8.90334e-05,-1.04009,-0.497216
5.51061e-06,8.90696e-05,-1.03687,-0.501596
5.50087e-06,8.91058e-05,-1.03362,-0.505963
5.49106e-06,8.91419e-05,-1.03035,-0.510317
5.48116e-06,8.9178e-05,-1.02705,-0.514658
5.47119e-06,8.92141e-05,-1.02373,-0.518986
5.46114e-06,8.92501e-05,-1.02038,-0.5233
5.451e-06,8.92861e-05,-1.017,-0.527601
5.44079e-06,8.93221e-05,-1.0136,-0.531888
5.4305e-06,8.9358e-05,-1.01017,-0.536161
5.42013e-06,8.93938e-05,-1.00671,-0.54042
5.40968e-06,8.94297e-05,-1.00323,-0.544665
5.39915e-06,8.94654e-05,-0.999717,-0.548896
5.38854e-06,8.95012e-05,-0.996181,-0.553112
5.37786e-06,8.95369e-05,-0.992619,-0.557314
5.36709e-06,8.95725e-05,-0.989031,-0.561501
5.35625e-06,8.96081e-05,-0.985417,-0.565673
5.34533e-06,8.96437e-05,-0.981776,-0.56983
5.33433e-06,8.96792e-05,-0.978109,-0.573972
5.32325e-06,8.97146e-05,-0.974416,-0.578098
5.31209e-06,8.97501e-05,-0.970697,-0.582209
5.30085e-06,8.97854e-05,-0.966951,-0.586305
5.28954e-06,8.98208e-05,-0.96318,-0.590384
5.27815e-06,8.9856e-05,-0.959383,-0.594447
5.26668e-06,8.98913e-05,-0.955559,-0.598495
5.25513e-06,8.99264e-05,-0.95171,-0.602526
5.2435e-06,8.99616e-05,-0.947834,-0.606541
5.2318e-06,8.99967e-05,-0.943933,-0.610539
5.22002e-06,9.00317e-05,-0.940005,-0.61452
5.20816e-06,9.00667e-05,-0.936052,-0.618484
5.19622e-06,9.01016e-05,-0.932073,-0.622431
5.1842e-06,9.01365e-05,-0.928068,-0.626361
5.17211e-06,9.01713e-05,-0.924037,-0.630274
5.15994e-06,9.02061e-05,-0.919981,-0.634169
5.1477e-06,9.02408e-05,-0.915899,-0.638046
5.13537e-06,9.02754e-05,-0.911791,-0.641906
5.12297e-06,9.03101e-05,-0.907657,-0.645747
5.11049e-06,9.03446e-05,-0.903498,-0.64957
5.09794e-06,9.03791e-05,-0.899314,-0.653375
5.08531e-06,9.04136e-05,-0.895103,-0.657161
5.0726e-06,9.04479e-05,-0.890868,-0.660928
5.05982e-06,9.04823e-05,-0.886606,-0.664677
5.04696e-06,9.05165e-05,-0.88232,-0.668406
5.03402e-06,9.05508e-05,-0.878008,-0.672117
5.02101e-06,9.05849e-05,-0.873671,-0.675807
5.00792e-06,9.0619e-05,-0.869308,-0.679479
4.99476e-06,9.06531e-05,-0.86492,-0.68313
4.98152e-06,9.0687e-05,-0.860507,-0.686762
4.96821e-06,9.0721e-05,-0.856069,-0.690374
4.95482e-06,9.07548e-05,-0.851606,-0.693965
4.94135e-06,9.07886e-05,-0.847118,-0.697536
4.92781e-06,9.08224e-05,-0.842604,-0.701087
4.9142e-06,9.0856e-05,-0.838066,-0.704616
4.90051e-06,9.08896e-05,-0.833503,-0.708125
4.88675e-06,9.09232e-05,-0.828915,-0.711613
4.87291e-06,9.09567e-05,-0.824303,-0.715079
4.859e-06,9.09901e-05,-0.819665,-0.718524
4.84501e-06,9.10235e-05,-0.815003,-0.721947
4.83095e-06,9.10567e-05,-0.810316,-0.725349
4.81682e-06,9.109e-05,-0.805605,-0.728728
4.80261e-06,9.11231e-05,-0.800869,-0.732085
4.78833e-06,9.11562e-05,-0.796109,-0.73542
4.77397e-06,9.11892e-05,-0.791325,-0.738733
4.75955e-06,9.12222e-05,-0.786516,-0.742023
4.74505e-06,9.12551e-05,-0.781683,-0.74529
4.73048e-06,9.12879e-05,-0.776825,-0.748533
4.71583e-06,9.13207e-05,-0.771944,-0.751754
4.70112e-06,9.13533e-05,-0.767038,-0.754951
4.68633e-06,9.13859e-05,-0.762109,-0.758125
4.67147e-06,9.14185e-05,-0.757156,-0.761275
4.65654e-06,9.14509e-05,-0.752178,-0.7644
4.64153e-06,9.14833e-05,-0.747178,-0.767502
4.62646e-06,9.15156e-05,-0.742153,-0.770579
4.61131e-06,9.15479e-05,-0.737105,-0.773632
4.5961e-06,9.15801e-05,-0.732033,-0.77666
4.58081e-06,9.16122e-05,-0.726938,-0.779664
4.56546e-06,9.16442e-05,-0.721819,-0.782642
4.55003e-06,9.16761e-05,-0.716677,-0.785595
4.53454e-06,9.1708e-05,-0.711512,-0.788522
4.51897e-06,9.17398e-05,-0.706324,-0.791424
4.50334e-06,9.17715e-05,-0.701113,-0.7943
4.48763e-06,9.18031e-05,-0.695878,-0.79715
4.47186e-06,9.18347e-05,-0.690621,-0.799974
4.45602e-06,9.18662e-05,-0.685341,-0.802771
4.44012e-06,9.18976e-05,-0.680039,-0.805542
4.42414e-06,9.19289e-05,-0.674713,-0.808286
4.4081e-06,9.19601e-05,-0.669366,-0.811003
4.39199e-06,9.19913e-05,-0.663996,-0.813693
4.37581e-06,9.20223e-05,-0.658603,-0.816355
4.35957e-06,9.20533e-05,-0.653188,-0.81899
4.34325e-06,9.20842e-05,-0.647752,-0.821597
4.32688e-06,9.21151e-05,-0.642293,-0.824177
4.31044e-06,9.21458e-05,-0.636812,-0.826728
4.29393e-06,9.21765e-05,-0.631309,-0.82925
4.27736e-06,9.2207e-05,-0.625785,-0.831745
4.26072e-06,9.22375e-05,-0.620239,-0.83421
4.24402e-06,9.22679e-05,-0.614672,-0.836647
4.22725e-06,9.22982e-05,-0.609083,-0.839055
4.21042e-06,9.23284e-05,-0.603473,-0.841433
4.19353e-06,9.23586e-05,-0.597842,-0.843782
4.17657e-06,9.23886e-05,-0.59219,-0.846101
4.15955e-06,9.24186e-05,-0.586516,-0.84839
4.14247e-06,9.24484e-05,-0.580823,-0.850649
4.12532e-06,9.24782e-05,-0.575108,-0.852878
4.10812e-06,9.25079e-05,-0.569373,-0.855076
4.09085e-06,9.25375e-05,-0.563617,-0.857243
4.07352e-06,9.2567e-05,-0.557841,-0.85938
4.05613e-06,9.25964e-05,-0.552045,-0.861486
4.03869e-06,9.26257e-05,-0.546229,-0.86356
4.02118e-06,9.26549e-05,-0.540393,-0.865603
4.00361e-06,9.2684e-05,-0.534537,-0.867614
3.98598e-06,9.2713e-05,-0.528661,-0.869593
3.9683e-06,9.2742e-05,-0.522766,-0.87154
3.95055e-06,9.27708e-05,-0.516852,-0.873455
3.93275e-06,9.27995e-05,-0.510918,-0.875337
3.9149e-06,9.28282e-05,-0.504965,-0.877187
3.89698e-06,9.28567e-05,-0.498993,-0.879003
3.87901e-06,9.28851e-05,-0.493003,-0.880787
3.86098e-06,9.29135e-05,-0.486994,-0.882537
3.8429e-06,9.29417e-05,-0.480966,-0.884254
3.82476e-06,9.29698e-05,-0.47492,-0.885937
3.80657e-06,9.29979e-05,-0.468856,-0.887586
3.78832e-06,9.30258e-05,-0.462774,-0.889201
3.77002e-06,9.30536e-05,-0.456674,-0.890781
3.75167e-06,9.30814e-05,-0.450556,-0.892327
3.73326e-06,9.3109e-05,-0.444421,-0.893839
3.7148e-06,9.31365e-05,-0.438268,-0.895315
3.69629e-06,9.31639e-05,-0.432098,-0.896756
3.67773e-06,9.31912e-05,-0.425911,-0.898162
3.65912e-06,9.32184e-05,-0.419707,-0.899532
3.64046e-06,9.32455e-05,-0.413487,-0.900867
3.62175e-06,9.32725e-05,-0.40725,-0.902166
3.60299e-06,9.32993e-05,-0.400997,-0.903428
3.58418e-06,9.33261e-05,-0.394727,-0.904654
3.56533e-06,9.33528e-05,-0.388442,-0.905844
3.54642e-06,9.33793e-05,-0.382141,-0.906996
3.52747e-06,9.34057e-05,-0.375824,-0.908112
3.50848e-06,9.34321e-05,-0.369492,-0.909191
3.48943e-06,9.34583e-05,-0.363145,-0.910232
3.47035e-06,9.34844e-05,-0.356782,-0.911235
3.45122e-06,9.35104e-05,-0.350405,-0.912201
3.43204e-06,9.35362e-05,-0.344014,-0.913129
3.41282e-06,9.3562e-05,-0.337608,-0.914019
3.39356e-06,9.35876e-05,-0.331187,-0.91487
3.37426e-06,9.36131e-05,-0.324753,-0.915683
3.35492e-06,9.36385e-05,-0.318305,-0.916456
3.33553e-06,9.36638e-05,-0.311844,-0.917191
3.31611e-06,9.3689e-05,-0.305369,-0.917887
3.29664e-06,9.37141e-05,-0.298881,-0.918543
3.27714e-06,9.3739e-05,-0.29238,-0.91916
3.2576e-06,9.37638e-05,-0.285866,-0.919737
3.23802e-06,9.37885e-05,-0.279341,-0.920274
3.21841e-06,9.38131e-05,-0.272802,-0.92077
3.19876e-06,9.38375e-05,-0.266252,-0.921227
3.17907e-06,9.38619e-05,-0.259691,-0.921643
3.15935e-06,9.38861e-05,-0.253117,-0.922018
3.1396e-06,9.39102e-05,-0.246533,-0.922352
3.11981e-06,9.39341e-05,-0.239937,-0.922645
3.09999e-06,9.3958e-05,-0.233331,-0.922896
3.08014e-06,9.39817e-05,-0.226714,-0.923106
3.06026e-06,9.40053e-05,-0.220087,-0.923274
3.04035e-06,9.40288e-05,-0.21345,-0.923401
3.02041e-06,9.40521e-05,-0.206804,-0.923485
3.00044e-06,9.40753e-05,-0.200147,-0.923527
2.98045e-06,9.40984e-05,-0.193482,-0.923526
2.96042e-06,9.41213e-05,-0.186808,-0.923483
2.94037e-06,9.41442e-05,-0.180125,-0.923397
2.9203e-06,9.41669e-05,-0.173433,-0.923268
2.9002e-06,9.41894e-05,-0.166734,-0.923096
2.88008e-06,9.42119e-05,-0.160026,-0.92288
2.85993e-06,9.42342e-05,-0.153311,-0.922621
2.83977e-06,9.42564e-05,-0.146589,-0.922318
2.81958e-06,9.42784e-05,-0.13986,-0.921971
2.79937e-06,9.43003e-05,-0.133124,-0.92158
2.77915e-06,9.43221e-05,-0.126382,-0.921144
2.7589e-06,9.43437e-05,-0.119633,-0.920664
2.73864e-06,9.43653e-05,-0.112879,-0.92014
2.71836e-06,9.43866e-05,-0.106119,-0.919571
2.69806e-06,9.44079e-05,-0.0993546,-0.918956
2.67775e-06,9.4429e-05,-0.0925849,-0.918297
2.65743e-06,9.445e-05,-0.0858106,-0.917592
2.6371e-06,9.44708e-05,-0.079032,-0.916842
2.61675e-06,9.44915e-05,-0.0722495,-0.916046
2.59639e-06,9.45121e-05,-0.0654634,-0.915205
2.57602e-06,9.45325e-05,-0.058674,-0.914317
2.55565e-06,9.45528e-05,-0.0518817,-0.913384
2.53526e-06,9.45729e-05,-0.0450867,-0.912404
2.51487e-06,9.45929e-05,-0.0382894,-0.911377
2.49447e-06,9.46128e-05,-0.0314902,-0.910305
2.47407e-06,9.46325e-05,-0.0246894,-0.909185
2.45366e-06,9.46521e-05,-0.0178873,-0.908019
2.43325e-06,9.46715e-05,-0.0110842,-0.906805
2.41284e-06,9.46908e-05,-0.00428063,-0.905545
2.39243e-06,9.471e-05,0.0025232,-0.904237
2.37202e-06,9.4729e-05,0.00932691,-0.902882
2.35161e-06,9.47479e-05,0.0161301,-0.901479
2.3312e-06,9.47666e-05,0.0229325,-0.900029
2.3108e-06,9.47852e-05,0.0297336,-0.898531
2.2904e-06,9.48037e-05,0.0365332,-0.896985
2.27001e-06,9.4822e-05,0.0433308,-0.895391
2.24962e-06,9.48401e-05,0.050126,-0.893748
2.22924e-06,9.48582e-05,0.0569186,-0.892058
2.20888e-06,9.4876e-05,0.0637081,-0.890319
2.18852e-06,9.48938e-05,0.0704941,-0.888532
2.16817e-06,9.49113e-05,0.0772762,-0.886696
2.14784e-06,9.49288e-05,0.0840541,-0.884811
2.12752e-06,9.4946e-05,0.0908274,-0.882877
2.10721e-06,9.49632e-05,0.0975956,-0.880895
2.08692e-06,9.49802e-05,0.104358,-0.878863
2.06665e-06,9.4997e-05,0.111115,-0.876783
2.0464e-06,9.50137e-05,0.117866,-0.874653
2.02617e-06,9.50303e-05,0.12461,-0.872474
2.00596e-06,9.50467e-05,0.131347,-0.870246
1.98577e-06,9.50629e-05,0.138077,-0.867968
1.9656e-06,9.5079e-05,0.144799,-0.865641
1.94546e-06,9.5095e-05,0.151512,-0.863264
1.92535e-06,9.51108e-05,0.158217,-0.860838
1.90526e-06,9.51264e-05,0.164912,-0.858361
1.8852e-06,9.5142e-05,0.171598,-0.855835
1.86518e-06,9.51573e-05,0.178275,-0.85326
1.84518e-06,9.51725e-05,0.18494,-0.850634
1.82522e-06,9.51876e-05,0.191595,-0.847959
1.80528e-06,9.52025e-05,0.198238,-0.845233
1.78539e-06,9.52172e-05,0.20487,-0.842458
1.76553e-06,9.52319e-05,0.21149,-0.839632
1.74571e-06,9.52463e-05,0.218097,-0.836757
1.72593e-06,9.52606e-05,0.224691,-0.833831
1.70619e-06,9.52748e-05,0.231271,-0.830855
1.68649e-06,9.52888e-05,0.237838,-0.82783
1.66683e-06,9.53027e-05,0.24439,-0.824754
1.64722e-06,9.53164e-05,0.250927,-0.821628
1.62765e-06,9.53299e-05,0.257449,-0.818452
1.60813e-06,9.53433e-05,0.263955,-0.815225
1.58866e-06,9.53566e-05,0.270445,-0.811949
1.56924e-06,9.53697e-05,0.276919,-0.808622
1.54988e-06,9.53826e-05,0.283375,-0.805246
1.53056e-06,9.53955e-05,0.289813,-0.801819
1.5113e-06,9.54081e-05,0.296234,-0.798343
1.49209e-06,9.54206e-05,0.302636,-0.794816
1.47294e-06,9.5433e-05,0.309019,-0.791239
1.45385e-06,9.54452e-05,0.315382,-0.787613
1.43482e-06,9.54572e-05,0.321725,-0.783936
1.41586e-06,9.54691e-05,0.328048,-0.78021
1.39695e-06,9.54809e-05,0.33435,-0.776434
1.37811e-06,9.54925e-05,0.340631,-0.772609
1.35933e-06,9.5504e-05,0.34689,-0.768733
1.34062e-06,9.55153e-05,0.353126,-0.764809
1.32198e-06,9.55264e-05,0.35934,-0.760834
1.30341e-06,9.55375e-05,0.36553,-0.756811
1.28491e-06,9.55483e-05,0.371697,-0.752738
1.26648e-06,9.5559e-05,0.377839,-0.748616
1.24813e-06,9.55696e-05,0.383957,-0.744445
1.22985e-06,9.558e-05,0.390049,-0.740225
1.21165e-06,9.55903e-05,0.396115,-0.735956
1.19353e-06,9.56005e-05,0.402156,-0.731638
1.17549e-06,9.56104e-05,0.408169,-0.727272
1.15753e-06,9.56203e-05,0.414156,-0.722858
1.13966e-06,9.563e-05,0.420114,-0.718395
1.12186e-06,9.56395e-05,0.426045,-0.713884
1.10416e-06,9.56489e-05,0.431947,-0.709325
1.08654e-06,9.56582e-05,0.43782,-0.704718
1.06901e-06,9.56673e-05,0.443663,-0.700063
1.05157e-06,9.56763e-05,0.449476,-0.695361
1.03422e-06,9.56851e-05,0.455259,-0.690612
1.01697e-06,9.56938e-05,0.46101,-0.685815
9.9981e-07,9.57024e-05,0.46673,-0.680972
9.82746e-07,9.57108e-05,0.472418,-0.676082
9.6578e-07,9.57191e-05,0.478073,-0.671145
9.48912e-07,9.57272e-05,0.483696,-0.666162
9.32146e-07,9.57352e-05,0.489285,-0.661133
9.15481e-07,9.57431e-05,0.49484,-0.656058
8.98919e-07,9.57508e-05,0.50036,-0.650937
8.82462e-07,9.57584e-05,0.505846,-0.645771
8.66111e-07,9.57659e-05,0.511296,-0.64056
8.49868e-07,9.57732e-05,0.516711,-0.635304
8.33734e-07,9.57804e-05,0.522089,-0.630003
8.1771e-07,9.57874e-05,0.52743,-0.624658
8.01797e-07,9.57943e-05,0.532734,-0.619268
7.85998e-07,9.58011e-05,0.538001,-0.613835
7.70314e-07,9.58078e-05,0.543229,-0.608358
7.54746e-07,9.58143e-05,0.548418,-0.602838
7.39294e-07,9.58207e-05,0.553569,-0.597275
7.23962e-07,9.5827e-05,0.558679,-0.591669
7.08749e-07,9.58331e-05,0.56375,-0.586021
6.93658e-07,9.58391e-05,0.568781,-0.580331
6.7869e-07,9.5845e-05,0.57377,-0.574599
6.63845e-07,9.58508e-05,0.578718,-0.568826
6.49126e-07,9.58564e-05,0.583625,-0.563011
6.34534e-07,9.58619e-05,0.588489,-0.557156
6.2007e-07,9.58673e-05,0.59331,-0.551261
6.05735e-07,9.58726e-05,0.598088,-0.545325
5.9153e-07,9.58778e-05,0.602823,-0.53935
5.77458e-07,9.58828e-05,0.607514,-0.533335
5.63518e-07,9.58877e-05,0.612161,-0.527281
5.49713e-07,9.58925e-05,0.616762,-0.521189
5.36043e-07,9.58972e-05,0.621319,-0.515059
5.2251e-07,9.59018e-05,0.62583,-0.508891
5.09116e-07,9.59063e-05,0.630295,-0.502685
4.9586e-07,9.59106e-05,0.634713,-0.496443
4.82745e-07,9.59149e-05,0.639085,-0.490163
4.69771e-07,9.5919e-05,0.64341,-0.483848
4.5694e-07,9.59231e-05,0.647687,-0.477497
4.44253e-07,9.5927e-05,0.651916,-0.47111
4.31711e-07,9.59308e-05,0.656096,-0.464689
4.19315e-07,9.59345e-05,0.660228,-0.458233
4.07066e-07,9.59381e-05,0.664311,-0.451743
3.94965e-07,9.59417e-05,0.668345,-0.445219
3.83014e-07,9.59451e-05,0.672329,-0.438662
3.71213e-07,9.59484e-05,0.676262,-0.432073
3.59564e-07,9.59516e-05,0.680145,-0.425451
3.48067e-07,9.59547e-05,0.683978,-0.418797
3.36723e-07,9.59578e-05,0.687759,-0.412113
3.25534e-07,9.59607e-05,0.691489,-0.405397
3.145e-07,9.59636e-05,0.695167,-0.398651
3.03622e-07,9.59663e-05,0.698793,-0.391875
2.92902e-07,9.5969e-05,0.702366,-0.385069
2.82339e-07,9.59716e-05,0.705887,-0.378235
2.71936e-07,9.59741e-05,0.709355,-0.371372
2.61693e-07,9.59765e-05,0.712769,-0.364482
2.5161e-07,9.59788e-05,0.71613,-0.357564
2.41689e-07,9.59811e-05,0.719437,-0.350619
2.3193e-07,9.59832e-05,0.72269,-0.343648
2.22334e-07,9.59853e-05,0.725889,-0.336651
2.12903e-07,9.59874e-05,0.729032,-0.329628
2.03636e-07,9.59893e-05,0.732121,-0.322581
1.94534e-07,9.59912e-05,0.735155,-0.315509
1.85599e-07,9.5993e-05,0.738134,-0.308414
1.7683e-07,9.59947e-05,0.741057,-0.301295
1.68229e-07,9.59964e-05,0.743924,-0.294154
1.59796e-07,9.5998e-05,0.746735,-0.28699
1.51532e-07,9.59995e-05,0.749489,-0.279805
1.43437e-07,9.60009e-05,0.752188,-0.272599
1.35512e-07,9.60024e-05,0.754829,-0.265372
1.27758e-07,9.60037e-05,0.757414,-0.258125
1.20174e-07,9.6005e-05,0.759942,-0.250859
1.12762e-07,9.60062e-05,0.762413,-0.243574
1.05522e-07,9.60074e-05,0.764826,-0.236271
9.84551e-08,9.60085e-05,0.767182,-0.22895
9.15608e-08,9.60096e-05,0.76948,-0.221611
8.48398e-08,9.60106e-05,0.77172,-0.214256
7.82927e-08,9.60116e-05,0.773902,-0.206885
7.19198e-08,9.60125e-05,0.776027,-0.199498
6.57214e-08,9.60134e-05,0.778093,-0.192097
5.96979e-08,9.60142e-05,0.780101,-0.184681
5.38496e-08,9.6015e-05,0.78205,-0.177251
4.81769e-08,9.60158e-05,0.783941,-0.169808
4.26799e-08,9.60165e-05,0.785773,-0.162352
3.73589e-08,9.60172e-05,0.787547,-0.154884
3.22142e-08,9.60178e-05,0.789262,-0.147405
2.7246e-08,9.60184e-05,0.790918,-0.139914
2.24544e-08,9.6019e-05,0.792515,-0.132413
1.78396e-08,9.60196e-05,0.794053,-0.124902
1.34018e-08,9.60201e-05,0.795533,-0.117382
9.14096e-09,9.60206e-05,0.796953,-0.109854
5.05731e-09,9.60211e-05,0.798314,-0.102317
1.15089e-09,9.60215e-05,0.799616,-0.0947721
-2.57826e-09,9.6022e-05,0.800859,-0.0872206
-6.1301e-09,9.60224e-05,0.802043,-0.0796626
-9.50465e-09,9.60228e-05,0.803168,-0.0720988
-1.27019e-08,9.60231e-05,0.804234,-0.0645296
-1.57219e-08,9.60235e-05,0.805241,-0.0569557
-1.85647e-08,9.60239e-05,0.806188,-0.0493777
-2.12304e-08,9.60242e-05,0.807077,-0.041796
-2.37191e-08,9.60245e-05,0.807906,-0.0342112
-2.60309e-08,9.60249e-05,0.808677,-0.0266239
-2.81659e-08,9.60252e-05,0.809389,-0.0190347
-3.01244e-08,9.60255e-05,0.810041,-0.0114441
-3.19065e-08,9.60258e-05,0.810635,-0.00385266
-3.35124e-08,9.60261e-05,0.811171,0.00373907
-3.49423e-08,9.60264e-05,0.811647,0.0113305
-3.61965e-08,9.60267e-05,0.812066,0.0189212
-3.72753e-08,9.60271e-05,0.812425,0.0265105
-3.81789e-08,9.60274e-05,0.812726,0.0340979
-3.89076e-08,9.60277e-05,0.812969,0.0416829
-3.94618e-08,9.60281e-05,0.813154,0.0492648
-3.98419e-08,9.60284e-05,0.813281,0.0568433
-4.00481e-08,9.60288e-05,0.813349,0.0644178
-4.00808e-08,9.60291e-05,0.81336,0.0719876
-3.99406e-08,9.60295e-05,0.813314,0.0795524
-3.96277e-08,9.60299e-05,0.813209,0.0871115
-3.91426e-08,9.60304e-05,0.813048,0.0946645
-3.84858e-08,9.60308e-05,0.812829,0.102211
-3.76577e-08,9.60313e-05,0.812553,0.10975
-3.66589e-08,9.60318e-05,0.81222,0.117282
-3.54898e-08,9.60323e-05,0.81183,0.124805
-3.4151e-08,9.60328e-05,0.811384,0.132319
-3.26429e-08,9.60334e-05,0.810881,0.139825
-3.09663e-08,9.6034e-05,0.810322,0.147321
-2.91216e-08,9.60346e-05,0.809707,0.154806
-2.71094e-08,9.60353e-05,0.809036,0.162281
-2.49303e-08,9.6036e-05,0.80831,0.169745
-2.2585e-08,9.60367e-05,0.807528,0.177197
-2.0074e-08,9.60375e-05,0.806691,0.184637
-1.73981e-08,9.60383e-05,0.805799,0.192064
-1.45579e-08,9.60391e-05,0.804853,0.199479
-1.15541e-08,9.604e-05,0.803851,0.20688
-8.38737e-09,9.60409e-05,0.802796,0.214266
-5.0584e-09,9.60419e-05,0.801686,0.221639
-1.56792e-09,9.60429e-05,0.800523,0.228996
2.08333e-09,9.6044e-05,0.799306,0.236339
5.8946e-09,9.60451e-05,0.798035,0.243665
9.86514e-09,9.60462e-05,0.796712,0.250976
1.39942e-08,9.60474e-05,0.795335,0.258269
1.82809e-08,9.60487e-05,0.793906,0.265546
2.27246e-08,9.605e-05,0.792425,0.272805
2.73244e-08,9.60514e-05,0.790892,0.280046
3.20795e-08,9.60528e-05,0.789307,0.287269
3.6989e-08,9.60543e-05,0.78767,0.294473
4.20522e-08,9.60558e-05,0.785983,0.301658
4.72681e-08,9.60574e-05,0.784244,0.308824
5.2636e-08,9.6059e-05,0.782455,0.315969
5.81549e-08,9.60607e-05,0.780615,0.323094
6.3824e-08,9.60625e-05,0.778725,0.330199
6.96424e-08,9.60644e-05,0.776786,0.337282
7.56092e-08,9.60663e-05,0.774797,0.344344
8.17234e-08,9.60682e-05,0.772759,0.351384
8.79842e-08,9.60702e-05,0.770672,0.358402
9.43907e-08,9.60723e-05,0.768536,0.365397
1.00942e-07,9.60745e-05,0.766353,0.37237
1.07637e-07,9.60768e-05,0.764121,0.379319
1.14475e-07,9.60791e-05,0.761842,0.386244
1.21454e-07,9.60814e-05,0.759515,0.393146
1.28575e-07,9.60839e-05,0.757142,0.400023
1.35835e-07,9.60864e-05,0.754722,0.406875
1.43235e-07,9.6089e-05,0.752255,0.413703
1.50773e-07,9.60917e-05,0.749742,0.420505
1.58447e-07,9.60945e-05,0.747184,0.427282
1.66258e-07,9.60973e-05,0.744581,0.434033
1.74203e-07,9.61002e-05,0.741932,0.440757
1.82283e-07,9.61032e-05,0.739239,0.447455
1.90496e-07,9.61063e-05,0.736501,0.454126
1.98841e-07,9.61094e-05,0.73372,0.46077
2.07316e-07,9.61127e-05,0.730895,0.467387
2.15922e-07,9.6116e-05,0.728026,0.473976
2.24657e-07,9.61194e-05,0.725114,0.480537
2.33519e-07,9.61229e-05,0.72216,0.487069
2.42509e-07,9.61265e-05,0.719164,0.493573
2.51624e-07,9.61301e-05,0.716125,0.500049
2.60865e-07,9.61339e-05,0.713045,0.506495
2.70229e-07,9.61377e-05,0.709924,0.512912
2.79716e-07,9.61416e-05,0.706761,0.519299
2.89324e-07,9.61456e-05,0.703559,0.525657
2.99054e-07,9.61497e-05,0.700315,0.531984
3.08903e-07,9.61539e-05,0.697032,0.538282
3.1887e-07,9.61582e-05,0.69371,0.544548
3.28955e-07,9.61626e-05,0.690348,0.550784
3.39157e-07,9.61671e-05,0.686948,0.556989
3.49474e-07,9.61716e-05,0.683509,0.563163
3.59905e-07,9.61763e-05,0.680032,0.569306
3.70449e-07,9.6181e-05,0.676517,0.575417
3.81106e-07,9.61859e-05,0.672965,0.581495
3.91874e-07,9.61908e-05,0.669375,0.587542
4.02753e-07,9.61959e-05,0.665749,0.593557
4.1374e-07,9.6201e-05,0.662087,0.59954
4.24835e-07,9.62063e-05,0.658388,0.605489
4.36038e-07,9.62116e-05,0.654654,0.611406
4.47346e-07,9.6217e-05,0.650885,0.61729
4.58759e-07,9.62226e-05,0.64708,0.623141
4.70276e-07,9.62282e-05,0.643241,0.628959
4.81895e-07,9.62339e-05,0.639368,0.634743
4.93617e-07,9.62398e-05,0.635461,0.640493
5.05438e-07,9.62457e-05,0.631521,0.64621
5.1736e-07,9.62517e-05,0.627547,0.651892
5.2938e-07,9.62579e-05,0.62354,0.657541
5.41497e-07,9.62641e-05,0.619501,0.663155
5.53711e-07,9.62705e-05,0.61543,0.668735
5.66021e-07,9.62769e-05,0.611326,0.67428
5.78424e-07,9.62835e-05,0.607192,0.679791
5.90921e-07,9.62901e-05,0.603026,0.685266
6.03511e-07,9.62969e-05,0.59883,0.690707
6.16191e-07,9.63038e-05,0.594603,0.696113
6.28962e-07,9.63107e-05,0.590346,0.701484
6.41821e-07,9.63178e-05,0.58606,0.706819
6.54769e-07,9.6325e-05,0.581744,0.712119
6.67804e-07,9.63323e-05,0.577399,0.717383
6.80925e-07,9.63397e-05,0.573025,0.722612
6.94131e-07,9.63472e-05,0.568623,0.727805
7.07421e-07,9.63548e-05,0.564193,0.732962
7.20795e-07,9.63625e-05,0.559735,0.738083
7.3425e-07,9.63704e-05,0.55525,0.743169
7.47786e-07,9.63783e-05,0.550738,0.748218
7.61402e-07,9.63863e-05,0.546199,0.75323
7.75097e-07,9.63945e-05,0.541634,0.758207
7.8887e-07,9.64028e-05,0.537043,0.763147
8.02719e-07,9.64111e-05,0.532427,0.768051
8.16645e-07,9.64196e-05,0.527785,0.772918
8.30646e-07,9.64282e-05,0.523118,0.777749
8.44721e-07,9.64369e-05,0.518426,0.782543
8.58869e-07,9.64457e-05,0.51371,0.7873
8.73089e-07,9.64547e-05,0.50897,0.79202
8.8738e-07,9.64637e-05,0.504207,0.796704
9.01741e-07,9.64728e-05,0.49942,0.80135
9.16171e-07,9.64821e-05,0.49461,0.80596
9.30669e-07,9.64915e-05,0.489777,0.810533
9.45234e-07,9.65009e-05,0.484922,0.815068
9.59866e-07,9.65105e-05,0.480045,0.819567
9.74563e-07,9.65202e-05,0.475146,0.824028
9.89324e-07,9.65301e-05,0.470225,0.828453
1.00415e-06,9.654e-05,0.465284,0.83284
1.01904e-06,9.655e-05,0.460321,0.837189
1.03398e-06,9.65602e-05,0.455338,0.841502
1.04899e-06,9.65704e-05,0.450335,0.845777
1.06406e-06,9.65808e-05,0.445312,0.850015
1.07919e-06,9.65913e-05,0.44027,0.854215
1.09438e-06,9.66019e-05,0.435208,0.858378
1.10962e-06,9.66126e-05,0.430127,0.862503
1.12492e-06,9.66234e-05,0.425028,0.866592
1.14027e-06,9.66343e-05,0.41991,0.870642
1.15568e-06,9.66454e-05,0.414774,0.874656
1.17114e-06,9.66565e-05,0.40962,0.878631
1.18665e-06,9.66678e-05,0.404449,0.88257
1.20222e-06,9.66792e-05,0.399261,0.88647
1.21783e-06,9.66907e-05,0.394056,0.890334
1.2335e-06,9.67023e-05,0.388834,0.894159
1.24921e-06,9.6714e-05,0.383596,0.897948
1.26498e-06,9.67259e-05,0.378342,0.901699
1.28079e-06,9.67378e-05,0.373072,0.905412
1.29664e-06,9.67499e-05,0.367786,0.909088
1.31254e-06,9.6762e-05,0.362486,0.912726
1.32849e-06,9.67743e-05,0.35717,0.916327
1.34448e-06,9.67867e-05,0.351841,0.919891
1.36051e-06,9.67992e-05,0.346496,0.923417
1.37659e-06,9.68118e-05,0.341138,0.926905
1.3927e-06,9.68246e-05,0.335766,0.930356
1.40886e-06,9.68374e-05,0.33038,0.93377
1.42506e-06,9.68504e-05,0.324981,0.937147
1.44129e-06,9.68634e-05,0.31957,0.940486
1.45756e-06,9.68766e-05,0.314145,0.943787
1.47387e-06,9.68899e-05,0.308708,0.947052
1.49022e-06,9.69033e-05,0.303259,0.950279
1.5066e-06,9.69168e-05,0.297798,0.953469
1.52302e-06,9.69305e-05,0.292326,0.956622
1.53947e-06,9.69442e-05,0.286842,0.959737
1.55596e-06,9.69581e-05,0.281347,0.962816
1.57248e-06,9.6972e-05,0.275841,0.965857
1.58903e-06,9.69861e-05,0.270325,0.968861
1.60561e-06,9.70003e-05,0.264798,0.971828
1.62222e-06,9.70146e-05,0.259261,0.974759
1.63886e-06,9.7029e-05,0.253714,0.977652
1.65553e-06,9.70435e-05,0.248158,0.980508
1.67222e-06,9.70581e-05,0.242593,0.983328
1.68895e-06,9.70729e-05,0.237018,0.98611
1.7057e-06,9.70877e-05,0.231434,0.988856
1.72247e-06,9.71027e-05,0.225842,0.991565
1.73927e-06,9.71177e-05,0.220242,0.994237
1.7561e-06,9.71329e-05,0.214633,0.996873
1.77295e-06,9.71482e-05,0.209017,0.999472
1.78982e-06,9.71636e-05,0.203393,1.00203
1.80672e-06,9.71791e-05,0.197761,1.00456
1.82363e-06,9.71947e-05,0.192122,1.00705
1.84057e-06,9.72105e-05,0.186477,1.0095
1.85753e-06,9.72263e-05,0.180824,1.01192
1.8745e-06,9.72422e-05,0.175166,1.0143
1.8915e-06,9.72583e-05,0.1695,1.01665
1.90851e-06,9.72744e-05,0.163829,1.01895
1.92554e-06,9.72907e-05,0.158152,1.02123
1.94259e-06,9.73071e-05,0.15247,1.02346
1.95965e-06,9.73236e-05,0.146782,1.02566
1.97673e-06,9.73402e-05,0.141089,1.02783
1.99383e-06,9.73569e-05,0.135391,1.02996
2.01093e-06,9.73737e-05,0.129689,1.03205
2.02806e-06,9.73906e-05,0.123981,1.03411
2.04519e-06,9.74076e-05,0.11827,1.03613
2.06234e-06,9.74247e-05,0.112555,1.03811
2.07949e-06,9.7442e-05,0.106835,1.04006
2.09666e-06,9.74593e-05,0.101112,1.04198
2.11384e-06,9.74768e-05,0.095386,1.04386
2.13103e-06,9.74943e-05,0.0896564,1.0457
2.14823e-06,9.7512e-05,0.0839238,1.04751
2.16544e-06,9.75297e-05,0.0781883,1.04928
2.18265e-06,9.75476e-05,0.0724503,1.05102
2.19987e-06,9.75656e-05,0.0667098,1.05273
2.2171e-06,9.75837e-05,0.0609671,1.05439
2.23433e-06,9.76019e-05,0.0552224,1.05603
2.25157e-06,9.76201e-05,0.0494759,1.05763
2.26882e-06,9.76385e-05,0.0437278,1.05919
2.28607e-06,9.7657e-05,0.0379782,1.06072
2.30332e-06,9.76756e-05,0.0322274,1.06222
2.32057e-06,9.76943e-05,0.0264755,1.06368
2.33783e-06,9.77131e-05,0.0207228,1.0651
2.35509e-06,9.77321e-05,0.0149694,1.0665
2.37235e-06,9.77511e-05,0.00921557,1.06785
2.38962e-06,9.77702e-05,0.00346142,1.06918
2.40688e-06,9.77894e-05,-0.00229285,1.07047
2.42414e-06,9.78087e-05,-0.00804704,1.07172
2.4414e-06,9.78281e-05,-0.013801,1.07294
2.45866e-06,9.78477e-05,-0.0195545,1.07413
2.47592e-06,9.78673e-05,-0.0253074,1.07528
2.49318e-06,9.7887e-05,-0.0310595,1.0764
2.51043e-06,9.79068e-05,-0.0368106,1.07749
2.52768e-06,9.79268e-05,-0.0425606,1.07854
2.54493e-06,9.79468e-05,-0.0483092,1.07956
2.56217e-06,9.79669e-05,-0.0540564,1.08055
2.57941e-06,9.79872e-05,-0.0598019,1.0815
2.59664e-06,9.80075e-05,-0.0655456,1.08242
2.61386e-06,9.80279e-05,-0.0712872,1.08331
2.63108e-06,9.80484e-05,-0.0770267,1.08416
2.64829e-06,9.80691e-05,-0.0827639,1.08498
2.6655e-06,9.80898e-05,-0.0884985,1.08577
2.68269e-06,9.81106e-05,-0.0942305,1.08653
2.69988e-06,9.81315e-05,-0.0999597,1.08725
2.71706e-06,9.81525e-05,-0.105686,1.08794
2.73423e-06,9.81736e-05,-0.111409,1.0886
2.75139e-06,9.81949e-05,-0.117128,1.08922
2.76853e-06,9.82162e-05,-0.122845,1.08981
2.78567e-06,9.82376e-05,-0.128557,1.09037
2.8028e-06,9.82591e-05,-0.134266,1.0909
2.81991e-06,9.82807e-05,-0.139971,1.0914
2.83701e-06,9.83024e-05,-0.145672,1.09186
2.8541e-06,9.83241e-05,-0.151368,1.0923
2.87118e-06,9.8346e-05,-0.15706,1.0927
2.88824e-06,9.8368e-05,-0.162748,1.09306
2.90529e-06,9.83901e-05,-0.168431,1.0934
2.92233e-06,9.84123e-05,-0.174109,1.09371
2.93934e-06,9.84345e-05,-0.179782,1.09398
2.95635e-06,9.84569e-05,-0.185449,1.09423
2.97334e-06,9.84793e-05,-0.191112,1.09444
2.99031e-06,9.85019e-05,-0.196769,1.09462
3.00726e-06,9.85245e-05,-0.20242,1.09477
3.0242e-06,9.85472e-05,-0.208066,1.09489
3.04112e-06,9.857e-05,-0.213706,1.09498
3.05802e-06,9.8593e-05,-0.21934,1.09503
3.0749e-06,9.8616e-05,-0.224968,1.09506
3.09177e-06,9.86391e-05,-0.230589,1.09506
3.10861e-06,9.86623e-05,-0.236204,1.09502
3.12544e-06,9.86855e-05,-0.241813,1.09496
3.14224e-06,9.87089e-05,-0.247415,1.09486
3.15903e-06,9.87324e-05,-0.25301,1.09474
3.17579e-06,9.87559e-05,-0.258598,1.09458
3.19254e-06,9.87796e-05,-0.264179,1.09439
3.20926e-06,9.88033e-05,-0.269753,1.09418
3.22596e-06,9.88271e-05,-0.275319,1.09393
3.24263e-06,9.8851e-05,-0.280878,1.09366
3.25929e-06,9.8875e-05,-0.286429,1.09335
3.27592e-06,9.88991e-05,-0.291973,1.09302
3.29252e-06,9.89233e-05,-0.297508,1.09266
3.30911e-06,9.89476e-05,-0.303036,1.09226
3.32567e-06,9.89719e-05,-0.308555,1.09184
3.3422e-06,9.89964e-05,-0.314067,1.09139
3.35871e-06,9.90209e-05,-0.31957,1.09091
3.37519e-06,9.90455e-05,-0.325064,1.0904
3.39165e-06,9.90702e-05,-0.33055,1.08986
3.40808e-06,9.9095e-05,-0.336027,1.08929
3.42449e-06,9.91199e-05,-0.341495,1.0887
3.44086e-06,9.91448e-05,-0.346954,1.08807
3.45721e-06,9.91699e-05,-0.352405,1.08742
3.47354e-06,9.9195e-05,-0.357846,1.08674
3.48983e-06,9.92202e-05,-0.363277,1.08603
3.5061e-06,9.92455e-05,-0.368699,1.08529
3.52234e-06,9.92709e-05,-0.374112,1.08453
3.53854e-06,9.92964e-05,-0.379515,1.08373
3.55472e-06,9.93219e-05,-0.384908,1.08291
3.57087e-06,9.93475e-05,-0.390291,1.08206
3.58699e-06,9.93733e-05,-0.395665,1.08118
3.60308e-06,9.93991e-05,-0.401028,1.08028
3.61914e-06,9.9425e-05,-0.406381,1.07934
3.63517e-06,9.94509e-05,-0.411723,1.07838
3.65117e-06,9.9477e-05,-0.417055,1.07739
3.66713e-06,9.95031e-05,-0.422377,1.07638
3.68306e-06,9.95293e-05,-0.427688,1.07534
3.69896e-06,9.95556e-05,-0.432988,1.07427
3.71483e-06,9.9582e-05,-0.438277,1.07317
3.73067e-06,9.96084e-05,-0.443555,1.07205
3.74647e-06,9.9635e-05,-0.448822,1.0709
3.76223e-06,9.96616e-05,-0.454078,1.06972
3.77797e-06,9.96883e-05,-0.459323,1.06852
3.79367e-06,9.97151e-05,-0.464556,1.06729
3.80933e-06,9.97419e-05,-0.469778,1.06603
3.82496e-06,9.97689e-05,-0.474988,1.06475
3.84056e-06,9.97959e-05,-0.480186,1.06344
3.85612e-06,9.9823e-05,-0.485373,1.06211
3.87164e-06,9.98501e-05,-0.490548,1.06074
3.88713e-06,9.98774e-05,-0.49571,1.05936
3.90258e-06,9.99047e-05,-0.500861,1.05794
3.918e-06,9.99321e-05,-0.505999,1.05651
3.93338e-06,9.99596e-05,-0.511125,1.05504
3.94872e-06,9.99871e-05,-0.516239,1.05355
3.96402e-06,0.000100015,-0.52134,1.05204
3.97929e-06,0.000100042,-0.526429,1.0505
3.99451e-06,0.00010007,-0.531505,1.04893
4.0097e-06,0.000100098,-0.536568,1.04734
4.02486e-06,0.000100126,-0.541618,1.04572
4.03997e-06,0.000100154,-0.546656,1.04408
4.05504e-06,0.000100182,-0.55168,1.04241
4.07007e-06,0.00010021,-0.556691,1.04072
4.08507e-06,0.000100239,-0.561689,1.03901
4.10002e-06,0.000100267,-0.566674,1.03727
4.11494e-06,0.000100295,-0.571645,1.0355
4.12981e-06,0.000100324,-0.576603,1.03371
4.14464e-06,0.000100352,-0.581547,1.0319
4.15943e-06,0.000100381,-0.586478,1.03006
4.17418e-06,0.000100409,-0.591394,1.0282
4.18889e-06,0.000100438,-0.596297,1.02631
4.20356e-06,0.000100467,-0.601186,1.0244
4.21818e-06,0.000100496,-0.606061,1.02247
4.23277e-06,0.000100525,-0.610922,1.02051
4.24731e-06,0.000100554,-0.615769,1.01853
4.2618e-06,0.000100583,-0.620601,1.01652
4.27626e-06,0.000100612,-0.625419,1.01449
4.29067e-06,0.000100641,-0.630223,1.01244
4.30504e-06,0.000100671,-0.635012,1.01037
4.31936e-06,0.0001007,-0.639786,1.00827
4.33364e-06,0.00010073,-0.644546,1.00614
4.34787e-06,0.000100759,-0.649291,1.004
4.36206e-06,0.000100789,-0.654021,1.00183
4.37621e-06,0.000100818,-0.658737,0.999641
4.39031e-06,0.000100848,-0.663437,0.997428
4.40437e-06,0.000100878,-0.668122,0.995192
4.41838e-06,0.000100908,-0.672792,0.992933
4.43234e-06,0.000100938,-0.677447,0.990652
4.44626e-06,0.000100968,-0.682086,0.988348
4.46013e-06,0.000100998,-0.68671,0.986022
4.47396e-06,0.000101028,-0.691319,0.983674
4.48774e-06,0.000101058,-0.695912,0.981304
4.50147e-06,0.000101088,-0.700489,0.978912
4.51515e-06,0.000101119,-0.705051,0.976498
4.52879e-06,0.000101149,-0.709597,0.974062
4.54238e-06,0.000101179,-0.714127,0.971604
4.55592e-06,0.00010121,-0.718642,0.969124
4.56942e-06,0.000101241,-0.72314,0.966623
4.58287e-06,0.000101271,-0.727622,0.964101
4.59626e-06,0.000101302,-0.732088,0.961557
4.60961e-06,0.000101333,-0.736538,0.958992
4.62291e-06,0.000101364,-0.740971,0.956406
4.63617e-06,0.000101395,-0.745388,0.953798
4.64937e-06,0.000101425,-0.749789,0.95117
4.66252e-06,0.000101457,-0.754173,0.94852
4.67562e-06,0.000101488,-0.758541,0.94585
4.68868e-06,0.000101519,-0.762892,0.943159
4.70168e-06,0.00010155,-0.767226,0.940448
4.71463e-06,0.000101581,-0.771544,0.937716
4.72753e-06,0.000101613,-0.775845,0.934963
4.74039e-06,0.000101644,-0.780129,0.93219
4.75319e-06,0.000101675,-0.784395,0.929397
4.76594e-06,0.000101707,-0.788645,0.926583
4.77863e-06,0.000101739,-0.792878,0.92375
4.79128e-06,0.00010177,-0.797093,0.920896
4.80387e-06,0.000101802,-0.801292,0.918022
4.81642e-06,0.000101834,-0.805473,0.915129
4.82891e-06,0.000101866,-0.809636,0.912216
4.84135e-06,0.000101897,-0.813782,0.909283
4.85373e-06,0.000101929,-0.817911,0.906331
4.86607e-06,0.000101961,-0.822022,0.903359
4.87835e-06,0.000101993,-0.826115,0.900368
4.89057e-06,0.000102026,-0.830191,0.897358
4.90275e-06,0.000102058,-0.834249,0.894328
4.91487e-06,0.00010209,-0.838289,0.891279
4.92693e-06,0.000102122,-0.842311,0.888212
4.93895e-06,0.000102155,-0.846316,0.885125
4.95091e-06,0.000102187,-0.850302,0.882019
4.96281e-06,0.000102219,-0.85427,0.878895
4.97466e-06,0.000102252,-0.85822,0.875752
4.98646e-06,0.000102285,-0.862152,0.872591
4.9982e-06,0.000102317,-0.866066,0.869411
5.00988e-06,0.00010235,-0.869961,0.866212
5.02151e-06,0.000102383,-0.873838,0.862996
5.03309e-06,0.000102415,-0.877696,0.859761
5.04461e-06,0.000102448,-0.881536,0.856508
5.05607e-06,0.000102481,-0.885357,0.853237
5.06748e-06,0.000102514,-0.88916,0.849948
5.07883e-06,0.000102547,-0.892944,0.846641
5.09013e-06,0.00010258,-0.89671,0.843316
5.10137e-06,0.000102613,-0.900456,0.839974
5.11255e-06,0.000102646,-0.904184,0.836614
5.12368e-06,0.00010268,-0.907893,0.833237
5.13475e-06,0.000102713,-0.911582,0.829842
5.14576e-06,0.000102746,-0.915253,0.82643
5.15671e-06,0.00010278,-0.918905,0.823001
5.16761e-06,0.000102813,-0.922537,0.819554
5.17845e-06,0.000102847,-0.926151,0.816091
5.18923e-06,0.00010288,-0.929745,0.81261
5.19996e-06,0.000102914,-0.93332,0.809113
5.21063e-06,0.000102947,-0.936875,0.805599
5.22123e-06,0.000102981,-0.940411,0.802068
5.23178e-06,0.000103015,-0.943928,0.79852
5.24227e-06,0.000103048,-0.947425,0.794957
5.25271e-06,0.000103082,-0.950902,0.791376
5.26308e-06,0.000103116,-0.95436,0.787779
5.27339e-06,0.00010315,-0.957798,0.784167
5.28365e-06,0.000103184,-0.961216,0.780537
5.29384e-06,0.000103218,-0.964615,0.776892
5.30398e-06,0.000103252,-0.967994,0.773231
5.31406e-06,0.000103286,-0.971353,0.769554
5.32407e-06,0.00010332,-0.974691,0.765861
5.33403e-06,0.000103355,-0.97801,0.762152
5.34393e-06,0.000103389,-0.981309,0.758428
5.35376e-06,0.000103423,-0.984588,0.754688
5.36354e-06,0.000103458,-0.987846,0.750933
5.37325e-06,0.000103492,-0.991084,0.747163
5.38291e-06,0.000103526,-0.994302,0.743377
5.3925e-06,0.000103561,-0.9975,0.739576
5.40203e-06,0.000103595,-1.00068,0.735759
5.4115e-06,0.00010363,-1.00383,0.731928
5.42091e-06,0.000103665,-1.00697,0.728082
5.43026e-06,0.000103699,-1.01009,0.724221
5.43955e-06,0.000103734,-1.01318,0.720346
5.44877e-06,0.000103769,-1.01626,0.716455
5.45793e-06,0.000103804,-1.01931,0.71255
5.46703e-06,0.000103838,-1.02234,0.708631
5.47607e-06,0.000103873,-1.02536,0.704697
5.48505e-06,0.000103908,-1.02835,0.700749
5.49396e-06,0.000103943,-1.03132,0.696787
5.50281e-06,0.000103978,-1.03427,0.69281
5.51159e-06,0.000104013,-1.0372,0.68882
5.52032e-06,0.000104048,-1.04011,0.684815
5.52898e-06,0.000104083,-1.04299,0.680797
5.53758e-06,0.000104119,-1.04586,0.676765
5.54611e-06,0.000104154,-1.0487,0.672719
5.55458e-06,0.000104189,-1.05153,0.66866
5.56299e-06,0.000104224,-1.05433,0.664587
5.57133e-06,0.00010426,-1.05711,0.6605
5.57961e-06,0.000104295,-1.05987,0.656401
5.58782e-06,0.000104331,-1.06261,0.652288
5.59597e-06,0.000104366,-1.06532,0.648162
5.60406e-06,0.000104402,-1.06802,0.644023
5.61208e-06,0.000104437,-1.07069,0.639871
5.62004e-06,0.000104473,-1.07335,0.635706
5.62793e-06,0.000104508,-1.07598,0.631528
5.63575e-06,0.000104544,-1.07858,0.627337
5.64352e-06,0.00010458,-1.08117,0.623134
5.65121e-06,0.000104615,-1.08374,0.618918
5.65884e-06,0.000104651,-1.08628,0.61469
5.66641e-06,0.000104687,-1.0888,0.61045
5.67391e-06,0.000104723,-1.0913,0.606197
5.68134e-06,0.000104759,-1.09378,0.601932
5.68871e-06,0.000104795,-1.09624,0.597655
5.69601e-06,0.000104831,-1.09867,0.593366
5.70325e-06,0.000104867,-1.10108,0.589065
5.71042e-06,0.000104903,-1.10347,0.584752
5.71752e-06,0.000104939,-1.10584,0.580428
5.72455e-06,0.000104975,-1.10818,0.576092
5.73152e-06,0.000105011,-1.11051,0.571744
5.73843e-06,0.000105047,-1.11281,0.567385
5.74526e-06,0.000105083,-1.11509,0.563014
5.75203e-06,0.000105119,-1.11734,0.558632
5.75873e-06,0.000105156,-1.11958,0.554239
5.76536e-06,0.000105192,-1.12179,0.549835
5.77193e-06,0.000105228,-1.12398,0.54542
5.77843e-06,0.000105265,-1.12614,0.540994
5.78486e-06,0.000105301,-1.12829,0.536557
5.79122e-06,0.000105338,-1.13041,0.532109
5.79752e-06,0.000105374,-1.13251,0.52765
5.80375e-06,0.000105411,-1.13458,0.523181
5.8099e-06,0.000105447,-1.13663,0.518702
5.81599e-06,0.000105484,-1.13866,0.514212
5.82202e-06,0.00010552,-1.14067,0.509712
5.82797e-06,0.000105557,-1.14266,0.505201
5.83385e-06,0.000105593,-1.14462,0.500681
5.83967e-06,0.00010563,-1.14656,0.49615
5.84542e-06,0.000105667,-1.14847,0.49161
5.85109e-06,0.000105704,-1.15036,0.487059
5.8567e-06,0.00010574,-1.15223,0.482499
5.86224e-06,0.000105777,-1.15408,0.477929
5.86771e-06,0.000105814,-1.1559,0.47335
5.87311e-06,0.000105851,-1.1577,0.468761
5.87844e-06,0.000105888,-1.15948,0.464163
5.8837e-06,0.000105925,-1.16123,0.459555
5.88889e-06,0.000105962,-1.16296,0.454938
5.89401e-06,0.000105998,-1.16467,0.450312
5.89906e-06,0.000106035,-1.16635,0.445677
5.90404e-06,0.000106072,-1.16801,0.441033
5.90895e-06,0.00010611,-1.16965,0.43638
5.91379e-06,0.000106147,-1.17126,0.431719
5.91856e-06,0.000106184,-1.17285,0.427048
5.92325e-06,0.000106221,-1.17442,0.422369
5.92788e-06,0.000106258,-1.17596,0.417682
5.93244e-06,0.000106295,-1.17748,0.412986
5.93692e-06,0.000106332,-1.17897,0.408282
5.94133e-06,0.00010637,-1.18044,0.40357
5.94568e-06,0.000106407,-1.18189,0.398849
5.94995e-06,0.000106444,-1.18332,0.394121
5.95415e-06,0.000106481,-1.18472,0.389384
5.95827e-06,0.000106519,-1.18609,0.38464
5.96233e-06,0.000106556,-1.18744,0.379888
5.96631e-06,0.000106593,-1.18877,0.375129
5.97022e-06,0.000106631,-1.19007,0.370361
5.97406e-06,0.000106668,-1.19135,0.365587
5.97783e-06,0.000106706,-1.19261,0.360804
5.98153e-06,0.000106743,-1.19384,0.356015
5.98515e-06,0.000106781,-1.19505,0.351218
5.9887e-06,0.000106818,-1.19623,0.346415
5.99218e-06,0.000106856,-1.19739,0.341604
5.99558e-06,0.000106893,-1.19853,0.336786
5.99891e-06,0.000106931,-1.19964,0.331962
6.00217e-06,0.000106968,-1.20072,0.327131
6.00536e-06,0.000107006,-1.20179,0.322293
6.00847e-06,0.000107043,-1.20282,0.317449
6.01151e-06,0.000107081,-1.20384,0.312598
6.01448e-06,0.000107119,-1.20483,0.307741
6.01737e-06,0.000107156,-1.20579,0.302877
6.02019e-06,0.000107194,-1.20673,0.298008
6.02293e-06,0.000107232,-1.20764,0.293132
6.0256e-06,0.00010727,-1.20853,0.28825
6.0282e-06,0.000107307,-1.2094,0.283363
6.03072e-06,0.000107345,-1.21024,0.27847
6.03317e-06,0.000107383,-1.21106,0.273571
6.03555e-06,0.000107421,-1.21185,0.268666
6.03785e-06,0.000107459,-1.21262,0.263756
6.04008e-06,0.000107496,-1.21336,0.258841
6.04223e-06,0.000107534,-1.21408,0.25392
6.0443e-06,0.000107572,-1.21477,0.248994
6.04631e-06,0.00010761,-1.21544,0.244063
6.04823e-06,0.000107648,-1.21608,0.239127
6.05009e-06,0.000107686,-1.2167,0.234186
6.05187e-06,0.000107724,-1.21729,0.22924
6.05357e-06,0.000107762,-1.21786,0.22429
6.05519e-06,0.0001078,-1.2184,0.219335
6.05675e-06,0.000107838,-1.21892,0.214375
6.05822e-06,0.000107875,-1.21941,0.209411
6.05962e-06,0.000107913,-1.21987,0.204443
6.06095e-06,0.000107951,-1.22032,0.19947
6.0622e-06,0.000107989,-1.22073,0.194494
6.06337e-06,0.000108028,-1.22112,0.189513
6.06447e-06,0.000108066,-1.22149,0.184528
6.06549e-06,0.000108104,-1.22183,0.17954
6.06644e-06,0.000108142,-1.22215,0.174548
6.06731e-06,0.00010818,-1.22244,0.169552
6.0681e-06,0.000108218,-1.2227,0.164553
6.06882e-06,0.000108256,-1.22294,0.15955
6.06946e-06,0.000108294,-1.22315,0.154544
6.07002e-06,0.000108332,-1.22334,0.149535
6.07051e-06,0.00010837,-1.2235,0.144522
6.07092e-06,0.000108408,-1.22364,0.139507
6.07126e-06,0.000108447,-1.22375,0.134488
6.07151e-06,0.000108485,-1.22384,0.129467
6.07169e-06,0.000108523,-1.2239,0.124443
6.0718e-06,0.000108561,-1.22393,0.119417
6.07182e-06,0.000108599,-1.22394,0.114388
6.07177e-06,0.000108637,-1.22392,0.109357
6.07164e-06,0.000108676,-1.22388,0.104323
6.07144e-06,0.000108714,-1.22381,0.099287
6.07115e-06,0.000108752,-1.22372,0.094249
6.07079e-06,0.00010879,-1.2236,0.089209
6.07035e-06,0.000108828,-1.22345,0.0841671
6.06983e-06,0.000108867,-1.22328,0.0791235
6.06924e-06,0.000108905,-1.22308,0.0740782
6.06857e-06,0.000108943,-1.22286,0.0690313
6.06782e-06,0.000108981,-1.22261,0.0639829
6.06699e-06,0.000109019,-1.22233,0.0589332
6.06608e-06,0.000109058,-1.22203,0.0538822
6.06509e-06,0.000109096,-1.2217,0.0488301
6.06403e-06,0.000109134,-1.22134,0.043777
6.06289e-06,0.000109172,-1.22096,0.0387229
6.06167e-06,0.000109211,-1.22056,0.0336679
6.06037e-06,0.000109249,-1.22012,0.0286123
6.05899e-06,0.000109287,-1.21966,0.023556
6.05753e-06,0.000109325,-1.21918,0.0184993
6.056e-06,0.000109364,-1.21867,0.0134421
6.05438e-06,0.000109402,-1.21813,0.00838465
6.05269e-06,0.00010944,-1.21756,0.00332702
6.05091e-06,0.000109479,-1.21697,-0.00173068
6.04906e-06,0.000109517,-1.21635,-0.00678833
6.04713e-06,0.000109555,-1.21571,-0.0118458
6.04512e-06,0.000109593,-1.21504,-0.0169031
6.04303e-06,0.000109632,-1.21434,-0.02196
6.04086e-06,0.00010967,-1.21362,-0.0270164
6.03861e-06,0.000109708,-1.21287,-0.0320722
6.03628e-06,0.000109746,-1.21209,-0.0371273
6.03388e-06,0.000109785,-1.21129,-0.0421815
6.03139e-06,0.000109823,-1.21046,-0.0472349
6.02882e-06,0.000109861,-1.20961,-0.0522872
6.02617e-06,0.000109899,-1.20872,-0.0573384
6.02344e-06,0.000109938,-1.20781,-0.0623883
6.02064e-06,0.000109976,-1.20688,-0.0674368
6.01775e-06,0.000110014,-1.20592,-0.0724838
6.01478e-06,0.000110052,-1.20493,-0.0775292
6.01173e-06,0.00011009,-1.20391,-0.0825729
6.0086e-06,0.000110129,-1.20287,-0.0876147
6.0054e-06,0.000110167,-1.2018,-0.0926546
6.00211e-06,0.000110205,-1.2007,-0.0976925
5.99874e-06,0.000110243,-1.19958,-0.102728
5.99529e-06,0.000110281,-1.19843,-0.107761
5.99175e-06,0.00011032,-1.19725,-0.112792
5.98814e-06,0.000110358,-1.19605,-0.117821
5.98445e-06,0.000110396,-1.19482,-0.122846
5.98068e-06,0.000110434,-1.19356,-0.127869
5.97682e-06,0.000110472,-1.19227,-0.132889
5.97289e-06,0.00011051,-1.19096,-0.137907
5.96887e-06,0.000110548,-1.18962,-0.14292
5.96477e-06,0.000110587,-1.18826,-0.147931
5.9606e-06,0.000110625,-1.18687,-0.152938
5.95634e-06,0.000110663,-1.18545,-0.157942
5.952e-06,0.000110701,-1.184,-0.162942
5.94757e-06,0.000110739,-1.18252,-0.167939
5.94307e-06,0.000110777,-1.18102,-0.172932
5.93849e-06,0.000110815,-1.1795,-0.17792
5.93382e-06,0.000110853,-1.17794,-0.182905
5.92907e-06,0.000110891,-1.17636,-0.187885
5.92424e-06,0.000110929,-1.17475,-0.192861
5.91933e-06,0.000110967,-1.17311,-0.197833
5.91434e-06,0.000111005,-1.17145,-0.2028
5.90927e-06,0.000111043,-1.16976,-0.207762
5.90411e-06,0.000111081,-1.16804,-0.212719
5.89887e-06,0.000111119,-1.16629,-0.217672
5.89355e-06,0.000111157,-1.16452,-0.222619
5.88815e-06,0.000111195,-1.16272,-0.227561
5.88267e-06,0.000111233,-1.16089,-0.232498
5.8771e-06,0.000111271,-1.15903,-0.237429
5.87145e-06,0.000111309,-1.15715,-0.242355
5.86573e-06,0.000111346,-1.15524,-0.247275
5.85991e-06,0.000111384,-1.1533,-0.252189
5.85402e-06,0.000111422,-1.15134,-0.257097
5.84804e-06,0.00011146,-1.14935,-0.261999
5.84199e-06,0.000111498,-1.14733,-0.266894
5.83585e-06,0.000111535,-1.14528,-0.271784
5.82962e-06,0.000111573,-1.14321,-0.276667
5.82332e-06,0.000111611,-1.14111,-0.281543
5.81693e-06,0.000111648,-1.13898,-0.286412
5.81046e-06,0.000111686,-1.13682,-0.291275
5.80391e-06,0.000111724,-1.13464,-0.29613
5.79728e-06,0.000111761,-1.13243,-0.300978
5.79056e-06,0.000111799,-1.13019,-0.305819
5.78376e-06,0.000111837,-1.12792,-0.310653
5.77688e-06,0.000111874,-1.12563,-0.315479
5.76992e-06,0.000111912,-1.12331,-0.320297
5.76287e-06,0.000111949,-1.12096,-0.325108
5.75574e-06,0.000111987,-1.11858,-0.32991
5.74853e-06,0.000112024,-1.11618,-0.334704
5.74123e-06,0.000112062,-1.11374,-0.33949
5.73386e-06,0.000112099,-1.11129,-0.344268
5.7264e-06,0.000112136,-1.1088,-0.349037
5.71885e-06,0.000112174,-1.10628,-0.353797
5.71123e-06,0.000112211,-1.10374,-0.358549
5.70352e-06,0.000112248,-1.10117,-0.363292
5.69573e-06,0.000112286,-1.09858,-0.368025
5.68786e-06,0.000112323,-1.09595,-0.372749
5.6799e-06,0.00011236,-1.0933,-0.377464
5.67186e-06,0.000112397,-1.09062,-0.38217
5.66374e-06,0.000112435,-1.08791,-0.386866
5.65553e-06,0.000112472,-1.08518,-0.391551
5.64725e-06,0.000112509,-1.08242,-0.396227
5.63888e-06,0.000112546,-1.07963,-0.400893
5.63042e-06,0.000112583,-1.07681,-0.405549
5.62189e-06,0.00011262,-1.07396,-0.410194
5.61327e-06,0.000112657,-1.07109,-0.414829
5.60457e-06,0.000112694,-1.06819,-0.419453
5.59579e-06,0.000112731,-1.06526,-0.424066
5.58692e-06,0.000112768,-1.06231,-0.428668
5.57797e-06,0.000112805,-1.05932,-0.433259
5.56894e-06,0.000112841,-1.05631,-0.437839
5.55982e-06,0.000112878,-1.05327,-0.442407
5.55063e-06,0.000112915,-1.05021,-0.446964
5.54135e-06,0.000112952,-1.04712,-0.451509
5.53198e-06,0.000112988,-1.04399,-0.456042
5.52254e-06,0.000113025,-1.04085,-0.460563
5.51301e-06,0.000113062,-1.03767,-0.465072
5.5034e-06,0.000113098,-1.03447,-0.469568
5.49371e-06,0.000113135,-1.03124,-0.474053
5.48393e-06,0.000113171,-1.02798,-0.478524
5.47407e-06,0.000113208,-1.02469,-0.482982
5.46413e-06,0.000113244,-1.02138,-0.487428
5.45411e-06,0.000113281,-1.01804,-0.491861
5.444e-06,0.000113317,-1.01467,-0.49628
5.43381e-06,0.000113353,-1.01127,-0.500686
5.42354e-06,0.000113389,-1.00785,-0.505078
5.41319e-06,0.000113426,-1.0044,-0.509456
5.40275e-06,0.000113462,-1.00092,-0.513821
5.39224e-06,0.000113498,-0.997412,-0.518171
5.38164e-06,0.000113534,-0.993879,-0.522507
5.37096e-06,0.00011357,-0.990319,-0.526829
5.36019e-06,0.000113606,-0.986731,-0.531136
5.34935e-06,0.000113642,-0.983115,-0.535429
5.33842e-06,0.000113678,-0.979473,-0.539706
5.32741e-06,0.000113714,-0.975803,-0.543969
5.31632e-06,0.00011375,-0.972106,-0.548216
5.30514e-06,0.000113786,-0.968381,-0.552448
5.29389e-06,0.000113821,-0.964629,-0.556665
5.28255e-06,0.000113857,-0.96085,-0.560865
5.27113e-06,0.000113893,-0.957044,-0.56505
5.25963e-06,0.000113928,-0.953211,-0.569219
5.24805e-06,0.000113964,-0.94935,-0.573371
5.23639e-06,0.000113999,-0.945462,-0.577508
5.22464e-06,0.000114035,-0.941548,-0.581627
5.21282e-06,0.00011407,-0.937606,-0.58573
5.20091e-06,0.000114105,-0.933637,-0.589816
5.18892e-06,0.000114141,-0.929641,-0.593885
5.17685e-06,0.000114176,-0.925618,-0.597936
5.1647e-06,0.000114211,-0.921568,-0.60197
5.15247e-06,0.000114246,-0.917491,-0.605987
5.14016e-06,0.000114281,-0.913387,-0.609986
5.12777e-06,0.000114316,-0.909256,-0.613967
5.1153e-06,0.000114351,-0.905099,-0.617929
5.10274e-06,0.000114386,-0.900914,-0.621874
5.09011e-06,0.000114421,-0.896703,-0.6258
5.0774e-06,0.000114456,-0.892466,-0.629707
5.0646e-06,0.000114491,-0.888201,-0.633595
5.05173e-06,0.000114525,-0.88391,-0.637465
5.03878e-06,0.00011456,-0.879592,-0.641315
5.02574e-06,0.000114595,-0.875248,-0.645146
5.01263e-06,0.000114629,-0.870877,-0.648957
4.99944e-06,0.000114664,-0.866479,-0.652749
4.98617e-06,0.000114698,-0.862055,-0.65652
4.97282e-06,0.000114732,-0.857605,-0.660272
4.95939e-06,0.000114767,-0.853128,-0.664003
4.94588e-06,0.000114801,-0.848626,-0.667714
4.93229e-06,0.000114835,-0.844096,-0.671404
4.91862e-06,0.000114869,-0.839541,-0.675073
4.90488e-06,0.000114903,-0.834959,-0.678721
4.89105e-06,0.000114937,-0.830352,-0.682348
4.87715e-06,0.000114971,-0.825718,-0.685953
4.86317e-06,0.000115005,-0.821058,-0.689537
4.84912e-06,0.000115039,-0.816372,-0.693099
4.83498e-06,0.000115072,-0.811661,-0.696639
4.82077e-06,0.000115106,-0.806923,-0.700157
4.80648e-06,0.00011514,-0.80216,-0.703653
4.79211e-06,0.000115173,-0.797371,-0.707126
4.77767e-06,0.000115206,-0.792556,-0.710576
4.76315e-06,0.00011524,-0.787716,-0.714003
4.74855e-06,0.000115273,-0.78285,-0.717407
4.73388e-06,0.000115306,-0.777959,-0.720788
4.71913e-06,0.00011534,-0.773043,-0.724145
4.7043e-06,0.000115373,-0.768101,-0.727479
4.6894e-06,0.000115406,-0.763133,-0.730788
4.67442e-06,0.000115439,-0.758141,-0.734074
4.65937e-06,0.000115471,-0.753123,-0.737335
4.64424e-06,0.000115504,-0.748081,-0.740571
4.62904e-06,0.000115537,-0.743013,-0.743783
4.61376e-06,0.00011557,-0.737921,-0.74697
4.59841e-06,0.000115602,-0.732804,-0.750132
4.58298e-06,0.000115635,-0.727661,-0.753268
4.56748e-06,0.000115667,-0.722495,-0.756379
4.55191e-06,0.000115699,-0.717304,-0.759464
4.53626e-06,0.000115732,-0.712088,-0.762523
4.52054e-06,0.000115764,-0.706848,-0.765557
4.50475e-06,0.000115796,-0.701583,-0.768563
4.48888e-06,0.000115828,-0.696294,-0.771543
4.47294e-06,0.00011586,-0.690981,-0.774497
4.45693e-06,0.000115892,-0.685645,-0.777423
4.44085e-06,0.000115924,-0.680284,-0.780323
4.4247e-06,0.000115955,-0.674899,-0.783195
4.40847e-06,0.000115987,-0.66949,-0.786039
4.39217e-06,0.000116018,-0.664058,-0.788855
4.37581e-06,0.00011605,-0.658602,-0.791644
4.35937e-06,0.000116081,-0.653123,-0.794404
4.34286e-06,0.000116113,-0.64762,-0.797136
4.32628e-06,0.000116144,-0.642095,-0.799839
4.30964e-06,0.000116175,-0.636546,-0.802514
4.29292e-06,0.000116206,-0.630973,-0.805159
4.27614e-06,0.000116237,-0.625378,-0.807775
4.25928e-06,0.000116268,-0.619761,-0.810362
4.24236e-06,0.000116298,-0.61412,-0.812919
4.22537e-06,0.000116329,-0.608457,-0.815446
4.20831e-06,0.00011636,-0.602771,-0.817942
4.19119e-06,0.00011639,-0.597063,-0.820409
4.174e-06,0.000116421,-0.591333,-0.822845
4.15674e-06,0.000116451,-0.585581,-0.82525
4.13942e-06,0.000116481,-0.579807,-0.827624
4.12203e-06,0.000116511,-0.57401,-0.829967
4.10458e-06,0.000116541,-0.568193,-0.832279
4.08706e-06,0.000116571,-0.562353,-0.834559
4.06948e-06,0.000116601,-0.556492,-0.836807
4.05183e-06,0.000116631,-0.55061,-0.839023
4.03412e-06,0.00011666,-0.544707,-0.841207
4.01635e-06,0.00011669,-0.538782,-0.843358
3.99851e-06,0.000116719,-0.532837,-0.845477
3.98061e-06,0.000116749,-0.526871,-0.847562
3.96265e-06,0.000116778,-0.520884,-0.849615
3.94463e-06,0.000116807,-0.514877,-0.851634
3.92655e-06,0.000116836,-0.508849,-0.853619
3.9084e-06,0.000116865,-0.502801,-0.855571
3.8902e-06,0.000116894,-0.496734,-0.857488
3.87194e-06,0.000116923,-0.490646,-0.859372
3.85362e-06,0.000116951,-0.484539,-0.861221
3.83524e-06,0.00011698,-0.478412,-0.863035
3.8168e-06,0.000117008,-0.472266,-0.864814
3.7983e-06,0.000117036,-0.466101,-0.866558
3.77975e-06,0.000117065,-0.459917,-0.868267
3.76114e-06,0.000117093,-0.453714,-0.86994
3.74248e-06,0.000117121,-0.447492,-0.871578
3.72376e-06,0.000117149,-0.441252,-0.873179
3.70498e-06,0.000117176,-0.434993,-0.874744
3.68615e-06,0.000117204,-0.428716,-0.876273
3.66727e-06,0.000117232,-0.422422,-0.877765
3.64833e-06,0.000117259,-0.416109,-0.87922
3.62934e-06,0.000117286,-0.40978,-0.880638
3.6103e-06,0.000117314,-0.403432,-0.882019
3.5912e-06,0.000117341,-0.397068,-0.883362
3.57206e-06,0.000117368,-0.390686,-0.884667
3.55286e-06,0.000117395,-0.384288,-0.885935
3.53362e-06,0.000117421,-0.377873,-0.887164
3.51433e-06,0.000117448,-0.371442,-0.888354
3.49498e-06,0.000117475,-0.364995,-0.889506
3.47559e-06,0.000117501,-0.358531,-0.89062
3.45616e-06,0.000117527,-0.352052,-0.891694
3.43667e-06,0.000117554,-0.345558,-0.892729
3.41714e-06,0.00011758,-0.339048,-0.893724
3.39757e-06,0.000117606,-0.332523,-0.894679
3.37795e-06,0.000117631,-0.325983,-0.895595
3.35829e-06,0.000117657,-0.319429,-0.89647
3.33858e-06,0.000117683,-0.31286,-0.897305
3.31883e-06,0.000117708,-0.306277,-0.8981
3.29904e-06,0.000117734,-0.29968,-0.898854
3.27921e-06,0.000117759,-0.29307,-0.899566
3.25934e-06,0.000117784,-0.286446,-0.900238
3.23943e-06,0.000117809,-0.279809,-0.900867
3.21948e-06,0.000117834,-0.273159,-0.901456
3.19949e-06,0.000117858,-0.266496,-0.902002
3.17946e-06,0.000117883,-0.259821,-0.902507
3.1594e-06,0.000117908,-0.253134,-0.902969
3.1393e-06,0.000117932,-0.246434,-0.903388
3.11917e-06,0.000117956,-0.239723,-0.903765
3.099e-06,0.00011798,-0.233001,-0.904099
3.0788e-06,0.000118004,-0.226268,-0.90439
3.05857e-06,0.000118028,-0.219524,-0.904638
3.03831e-06,0.000118052,-0.212769,-0.904842
3.01801e-06,0.000118075,-0.206004,-0.905002
2.99769e-06,0.000118099,-0.199229,-0.905118
2.97733e-06,0.000118122,-0.192444,-0.905191
